CREATE DATABASE  IF NOT EXISTS `ds20kcondb-test` /*!40100 DEFAULT CHARACTER SET latin1 */;
USE `ds20kcondb-test`;
-- MySQL dump 10.13  Distrib 5.6.17, for Win64 (x86_64)
--
-- Host: 127.0.0.1    Database: ds20kcondb-test
-- ------------------------------------------------------
-- Server version	5.6.20

/*!40101 SET @OLD_CHARACTER_SET_CLIENT=@@CHARACTER_SET_CLIENT */;
/*!40101 SET @OLD_CHARACTER_SET_RESULTS=@@CHARACTER_SET_RESULTS */;
/*!40101 SET @OLD_COLLATION_CONNECTION=@@COLLATION_CONNECTION */;
/*!40101 SET NAMES utf8 */;
/*!40103 SET @OLD_TIME_ZONE=@@TIME_ZONE */;
/*!40103 SET TIME_ZONE='+00:00' */;
/*!40014 SET @OLD_UNIQUE_CHECKS=@@UNIQUE_CHECKS, UNIQUE_CHECKS=0 */;
/*!40014 SET @OLD_FOREIGN_KEY_CHECKS=@@FOREIGN_KEY_CHECKS, FOREIGN_KEY_CHECKS=0 */;
/*!40101 SET @OLD_SQL_MODE=@@SQL_MODE, SQL_MODE='NO_AUTO_VALUE_ON_ZERO' */;
/*!40111 SET @OLD_SQL_NOTES=@@SQL_NOTES, SQL_NOTES=0 */;

--
-- Table structure for table `acos`
--

DROP TABLE IF EXISTS `acos`;
/*!40101 SET @saved_cs_client     = @@character_set_client */;
/*!40101 SET character_set_client = utf8 */;
CREATE TABLE `acos` (
  `id` int(10) NOT NULL AUTO_INCREMENT,
  `parent_id` int(10) DEFAULT NULL,
  `model` varchar(255) DEFAULT NULL,
  `foreign_key` int(10) DEFAULT NULL,
  `alias` varchar(255) DEFAULT NULL,
  `lft` int(10) DEFAULT NULL,
  `rght` int(10) DEFAULT NULL,
  PRIMARY KEY (`id`)
) ENGINE=InnoDB AUTO_INCREMENT=378 DEFAULT CHARSET=latin1;
/*!40101 SET character_set_client = @saved_cs_client */;

--
-- Dumping data for table `acos`
--

LOCK TABLES `acos` WRITE;
/*!40000 ALTER TABLE `acos` DISABLE KEYS */;
INSERT INTO `acos` VALUES (1,NULL,NULL,NULL,'controllers',1,744),(2,1,NULL,NULL,'Checklists',2,17),(3,2,NULL,NULL,'index',3,4),(4,2,NULL,NULL,'update',5,6),(5,2,NULL,NULL,'view',7,8),(6,2,NULL,NULL,'add',9,10),(7,2,NULL,NULL,'edit',11,12),(8,2,NULL,NULL,'delete',13,14),(9,2,NULL,NULL,'isAuthorized',15,16),(10,1,NULL,NULL,'ClActions',18,39),(11,10,NULL,NULL,'index',19,20),(12,10,NULL,NULL,'view',21,22),(13,10,NULL,NULL,'add',23,24),(14,10,NULL,NULL,'edit_notes',25,26),(15,10,NULL,NULL,'edit',27,28),(16,10,NULL,NULL,'check',29,30),(17,10,NULL,NULL,'skip',31,32),(18,10,NULL,NULL,'repeat',33,34),(19,10,NULL,NULL,'delete',35,36),(20,10,NULL,NULL,'isAuthorized',37,38),(21,1,NULL,NULL,'ClStates',40,53),(22,21,NULL,NULL,'index',41,42),(23,21,NULL,NULL,'view',43,44),(24,21,NULL,NULL,'add',45,46),(25,21,NULL,NULL,'edit',47,48),(26,21,NULL,NULL,'delete',49,50),(27,21,NULL,NULL,'isAuthorized',51,52),(28,1,NULL,NULL,'ClTemplates',54,69),(29,28,NULL,NULL,'index',55,56),(30,28,NULL,NULL,'view',57,58),(31,28,NULL,NULL,'add',59,60),(32,28,NULL,NULL,'myClone',61,62),(33,28,NULL,NULL,'edit',63,64),(34,28,NULL,NULL,'delete',65,66),(35,28,NULL,NULL,'isAuthorized',67,68),(36,1,NULL,NULL,'DbFiles',70,87),(37,36,NULL,NULL,'index',71,72),(38,36,NULL,NULL,'view',73,74),(39,36,NULL,NULL,'add',75,76),(40,36,NULL,NULL,'edit',77,78),(41,36,NULL,NULL,'delete',79,80),(42,36,NULL,NULL,'download',81,82),(43,36,NULL,NULL,'changeComment',83,84),(44,36,NULL,NULL,'isAuthorized',85,86),(45,1,NULL,NULL,'Deliverers',88,101),(46,45,NULL,NULL,'index',89,90),(47,45,NULL,NULL,'view',91,92),(48,45,NULL,NULL,'add',93,94),(49,45,NULL,NULL,'edit',95,96),(50,45,NULL,NULL,'delete',97,98),(51,45,NULL,NULL,'isAuthorized',99,100),(52,1,NULL,NULL,'Devices',102,115),(53,52,NULL,NULL,'index',103,104),(54,52,NULL,NULL,'view',105,106),(55,52,NULL,NULL,'add',107,108),(56,52,NULL,NULL,'edit',109,110),(57,52,NULL,NULL,'delete',111,112),(58,52,NULL,NULL,'isAuthorized',113,114),(59,1,NULL,NULL,'Events',116,129),(60,59,NULL,NULL,'index',117,118),(61,59,NULL,NULL,'view',119,120),(62,59,NULL,NULL,'add',121,122),(63,59,NULL,NULL,'edit',123,124),(64,59,NULL,NULL,'delete',125,126),(65,59,NULL,NULL,'isAuthorized',127,128),(66,1,NULL,NULL,'Groups',130,143),(67,66,NULL,NULL,'index',131,132),(68,66,NULL,NULL,'view',133,134),(69,66,NULL,NULL,'add',135,136),(70,66,NULL,NULL,'edit',137,138),(71,66,NULL,NULL,'delete',139,140),(72,66,NULL,NULL,'isAuthorized',141,142),(73,1,NULL,NULL,'Histories',144,157),(74,73,NULL,NULL,'index',145,146),(75,73,NULL,NULL,'view',147,148),(76,73,NULL,NULL,'addComment',149,150),(77,73,NULL,NULL,'editComment',151,152),(78,73,NULL,NULL,'delete',153,154),(79,73,NULL,NULL,'isAuthorized',155,156),(80,1,NULL,NULL,'ItemQualities',158,171),(81,80,NULL,NULL,'index',159,160),(82,80,NULL,NULL,'view',161,162),(83,80,NULL,NULL,'add',163,164),(84,80,NULL,NULL,'edit',165,166),(85,80,NULL,NULL,'delete',167,168),(86,80,NULL,NULL,'isAuthorized',169,170),(87,1,NULL,NULL,'ItemSubtypeVersions',172,207),(88,87,NULL,NULL,'index',173,174),(89,87,NULL,NULL,'view',175,176),(90,87,NULL,NULL,'add',177,178),(91,87,NULL,NULL,'resetAdd',179,180),(92,87,NULL,NULL,'removeAllComponents',181,182),(93,87,NULL,NULL,'resetEdit',183,184),(94,87,NULL,NULL,'editComment',185,186),(95,87,NULL,NULL,'editName',187,188),(96,87,NULL,NULL,'edit',189,190),(97,87,NULL,NULL,'delete',191,192),(98,87,NULL,NULL,'changeComponent',193,194),(99,87,NULL,NULL,'addComponent',195,196),(100,87,NULL,NULL,'removeComponent',197,198),(101,87,NULL,NULL,'subselectChanged',199,200),(102,87,NULL,NULL,'isAuthorized',201,202),(103,1,NULL,NULL,'ItemSubtypes',208,229),(104,103,NULL,NULL,'index',209,210),(105,103,NULL,NULL,'view',211,212),(106,103,NULL,NULL,'add',213,214),(107,103,NULL,NULL,'edit',215,216),(108,103,NULL,NULL,'delete',217,218),(109,103,NULL,NULL,'resetAdd',219,220),(110,103,NULL,NULL,'changelog',221,222),(111,103,NULL,NULL,'changeComment',223,224),(112,103,NULL,NULL,'getProjectsForItemType',225,226),(113,103,NULL,NULL,'isAuthorized',227,228),(114,1,NULL,NULL,'ItemTags',230,245),(115,114,NULL,NULL,'index',231,232),(116,114,NULL,NULL,'view',233,234),(117,114,NULL,NULL,'add',235,236),(118,114,NULL,NULL,'edit',237,238),(119,114,NULL,NULL,'delete',239,240),(120,114,NULL,NULL,'getTagsForItemTypeAndProject',241,242),(121,114,NULL,NULL,'isAuthorized',243,244),(122,1,NULL,NULL,'ItemTypes',246,259),(123,122,NULL,NULL,'index',247,248),(124,122,NULL,NULL,'view',249,250),(125,122,NULL,NULL,'add',251,252),(126,122,NULL,NULL,'edit',253,254),(127,122,NULL,NULL,'delete',255,256),(128,122,NULL,NULL,'isAuthorized',257,258),(129,1,NULL,NULL,'Items',260,333),(130,129,NULL,NULL,'create',261,262),(131,129,NULL,NULL,'statistic',263,264),(132,129,NULL,NULL,'index',265,266),(133,129,NULL,NULL,'alert',267,268),(134,129,NULL,NULL,'view',269,270),(135,129,NULL,NULL,'postRegistration',271,272),(136,129,NULL,NULL,'deleteSession',273,274),(137,129,NULL,NULL,'transaction',275,276),(138,129,NULL,NULL,'addItemComposition',277,278),(139,129,NULL,NULL,'cancelAssemble',279,280),(140,129,NULL,NULL,'removeFromSelection',281,282),(141,129,NULL,NULL,'assembleItemComposition',283,284),(142,129,NULL,NULL,'selectFromInventory',285,286),(143,129,NULL,NULL,'cancelSelectFromInventoryForTransfer',287,288),(144,129,NULL,NULL,'addSelectFromInventoryToTransfer',289,290),(145,129,NULL,NULL,'changeCode',291,292),(146,129,NULL,NULL,'changeItemSubtypeVersion',293,294),(147,129,NULL,NULL,'changeState',295,296),(148,129,NULL,NULL,'changeProject',297,298),(149,129,NULL,NULL,'delete',299,300),(150,129,NULL,NULL,'detach',301,302),(151,129,NULL,NULL,'attach',303,304),(152,129,NULL,NULL,'saveForm',305,306),(153,129,NULL,NULL,'generateCsv',307,308),(154,129,NULL,NULL,'changeQuality',309,310),(155,129,NULL,NULL,'changeMultiple',311,312),(156,129,NULL,NULL,'changeTags',313,314),(157,129,NULL,NULL,'setTagsForItem',315,316),(158,129,NULL,NULL,'addTag',317,318),(159,129,NULL,NULL,'removeTag',319,320),(160,129,NULL,NULL,'changeComment',321,322),(161,129,NULL,NULL,'addToItem',323,324),(162,129,NULL,NULL,'changeMultipleChecklists',325,326),(163,129,NULL,NULL,'setChecklistForItem',327,328),(164,129,NULL,NULL,'getAvailable',329,330),(165,129,NULL,NULL,'isAuthorized',331,332),(166,1,NULL,NULL,'Locations',334,347),(167,166,NULL,NULL,'index',335,336),(168,166,NULL,NULL,'view',337,338),(169,166,NULL,NULL,'add',339,340),(170,166,NULL,NULL,'edit',341,342),(171,166,NULL,NULL,'delete',343,344),(172,166,NULL,NULL,'isAuthorized',345,346),(173,1,NULL,NULL,'LocationsUsers',348,361),(174,173,NULL,NULL,'index',349,350),(175,173,NULL,NULL,'view',351,352),(176,173,NULL,NULL,'add',353,354),(177,173,NULL,NULL,'edit',355,356),(178,173,NULL,NULL,'delete',357,358),(179,173,NULL,NULL,'isAuthorized',359,360),(180,1,NULL,NULL,'LogEvents',362,371),(181,180,NULL,NULL,'index',363,364),(182,180,NULL,NULL,'view',365,366),(183,180,NULL,NULL,'edit',367,368),(184,180,NULL,NULL,'isAuthorized',369,370),(185,1,NULL,NULL,'Logs',372,379),(186,185,NULL,NULL,'index',373,374),(187,185,NULL,NULL,'view',375,376),(188,185,NULL,NULL,'isAuthorized',377,378),(189,1,NULL,NULL,'Manufacturers',380,393),(190,189,NULL,NULL,'index',381,382),(191,189,NULL,NULL,'view',383,384),(192,189,NULL,NULL,'add',385,386),(193,189,NULL,NULL,'edit',387,388),(194,189,NULL,NULL,'delete',389,390),(195,189,NULL,NULL,'isAuthorized',391,392),(196,1,NULL,NULL,'Matchings',394,407),(197,196,NULL,NULL,'index',395,396),(198,196,NULL,NULL,'view',397,398),(199,196,NULL,NULL,'add',399,400),(200,196,NULL,NULL,'edit',401,402),(201,196,NULL,NULL,'delete',403,404),(202,196,NULL,NULL,'isAuthorized',405,406),(203,1,NULL,NULL,'MeasurementParameters',408,421),(204,203,NULL,NULL,'index',409,410),(205,203,NULL,NULL,'view',411,412),(206,203,NULL,NULL,'add',413,414),(207,203,NULL,NULL,'edit',415,416),(208,203,NULL,NULL,'delete',417,418),(209,203,NULL,NULL,'isAuthorized',419,420),(210,1,NULL,NULL,'MeasurementQueues',422,435),(211,210,NULL,NULL,'index',423,424),(212,210,NULL,NULL,'view',425,426),(213,210,NULL,NULL,'add',427,428),(214,210,NULL,NULL,'edit',429,430),(215,210,NULL,NULL,'delete',431,432),(216,210,NULL,NULL,'isAuthorized',433,434),(217,1,NULL,NULL,'MeasurementSets',436,449),(218,217,NULL,NULL,'index',437,438),(219,217,NULL,NULL,'view',439,440),(220,217,NULL,NULL,'add',441,442),(221,217,NULL,NULL,'edit',443,444),(222,217,NULL,NULL,'delete',445,446),(223,217,NULL,NULL,'isAuthorized',447,448),(224,1,NULL,NULL,'MeasurementTags',450,463),(225,224,NULL,NULL,'index',451,452),(226,224,NULL,NULL,'view',453,454),(227,224,NULL,NULL,'add',455,456),(228,224,NULL,NULL,'edit',457,458),(229,224,NULL,NULL,'delete',459,460),(230,224,NULL,NULL,'isAuthorized',461,462),(231,1,NULL,NULL,'MeasurementTypes',464,477),(232,231,NULL,NULL,'index',465,466),(233,231,NULL,NULL,'view',467,468),(234,231,NULL,NULL,'add',469,470),(235,231,NULL,NULL,'edit',471,472),(236,231,NULL,NULL,'delete',473,474),(237,231,NULL,NULL,'isAuthorized',475,476),(238,1,NULL,NULL,'Measurements',478,513),(239,238,NULL,NULL,'index',479,480),(240,238,NULL,NULL,'view',481,482),(241,238,NULL,NULL,'saveFile',483,484),(242,238,NULL,NULL,'chooseFile',485,486),(243,238,NULL,NULL,'download',487,488),(244,238,NULL,NULL,'getSimilarMeasurements',489,490),(245,238,NULL,NULL,'getDataset',491,492),(248,238,NULL,NULL,'add',493,494),(249,238,NULL,NULL,'edit',495,496),(250,238,NULL,NULL,'delete',497,498),(251,238,NULL,NULL,'addTag',499,500),(252,238,NULL,NULL,'removeTag',501,502),(253,238,NULL,NULL,'gradeSubtypeVersion',503,504),(254,238,NULL,NULL,'isAuthorized',505,506),(255,1,NULL,NULL,'MeasuringPoints',514,527),(256,255,NULL,NULL,'index',515,516),(257,255,NULL,NULL,'view',517,518),(258,255,NULL,NULL,'add',519,520),(259,255,NULL,NULL,'edit',521,522),(260,255,NULL,NULL,'delete',523,524),(261,255,NULL,NULL,'isAuthorized',525,526),(262,1,NULL,NULL,'Pages',528,533),(263,262,NULL,NULL,'display',529,530),(264,262,NULL,NULL,'isAuthorized',531,532),(265,1,NULL,NULL,'Parameters',534,547),(266,265,NULL,NULL,'index',535,536),(267,265,NULL,NULL,'view',537,538),(268,265,NULL,NULL,'add',539,540),(269,265,NULL,NULL,'edit',541,542),(270,265,NULL,NULL,'delete',543,544),(271,265,NULL,NULL,'isAuthorized',545,546),(272,1,NULL,NULL,'Projects',548,561),(273,272,NULL,NULL,'index',549,550),(274,272,NULL,NULL,'view',551,552),(275,272,NULL,NULL,'add',553,554),(276,272,NULL,NULL,'edit',555,556),(277,272,NULL,NULL,'delete',557,558),(278,272,NULL,NULL,'isAuthorized',559,560),(279,1,NULL,NULL,'ProjectsItemTypes',562,581),(280,279,NULL,NULL,'index',563,564),(281,279,NULL,NULL,'setTagsForGroup',565,566),(282,279,NULL,NULL,'removeFieldFromGroup',567,568),(283,279,NULL,NULL,'addFieldToGroup',569,570),(284,279,NULL,NULL,'view',571,572),(285,279,NULL,NULL,'add',573,574),(286,279,NULL,NULL,'edit',575,576),(287,279,NULL,NULL,'delete',577,578),(288,279,NULL,NULL,'isAuthorized',579,580),(289,1,NULL,NULL,'ProjectsUsers',582,595),(290,289,NULL,NULL,'index',583,584),(291,289,NULL,NULL,'view',585,586),(292,289,NULL,NULL,'add',587,588),(293,289,NULL,NULL,'edit',589,590),(294,289,NULL,NULL,'delete',591,592),(295,289,NULL,NULL,'isAuthorized',593,594),(296,1,NULL,NULL,'Readings',596,609),(297,296,NULL,NULL,'index',597,598),(298,296,NULL,NULL,'view',599,600),(299,296,NULL,NULL,'add',601,602),(300,296,NULL,NULL,'edit',603,604),(301,296,NULL,NULL,'delete',605,606),(302,296,NULL,NULL,'isAuthorized',607,608),(303,1,NULL,NULL,'States',610,623),(304,303,NULL,NULL,'index',611,612),(305,303,NULL,NULL,'view',613,614),(306,303,NULL,NULL,'add',615,616),(307,303,NULL,NULL,'edit',617,618),(308,303,NULL,NULL,'delete',619,620),(309,303,NULL,NULL,'isAuthorized',621,622),(310,1,NULL,NULL,'Stocks',624,641),(311,310,NULL,NULL,'index',625,626),(312,310,NULL,NULL,'view',627,628),(313,310,NULL,NULL,'add',629,630),(314,310,NULL,NULL,'edit',631,632),(315,310,NULL,NULL,'delete',633,634),(316,310,NULL,NULL,'attach',635,636),(317,310,NULL,NULL,'select',637,638),(318,310,NULL,NULL,'isAuthorized',639,640),(319,1,NULL,NULL,'Transfers',642,671),(320,319,NULL,NULL,'index',643,644),(321,319,NULL,NULL,'view',645,646),(322,319,NULL,NULL,'generateCSV',647,648),(323,319,NULL,NULL,'send',649,650),(324,319,NULL,NULL,'receive',651,652),(325,319,NULL,NULL,'add',653,654),(326,319,NULL,NULL,'updateStockItemAmountOfTransfer',655,656),(327,319,NULL,NULL,'removeItemFromTransfer',657,658),(328,319,NULL,NULL,'removeAllItemsFromTransfer',659,660),(329,319,NULL,NULL,'edit',661,662),(330,319,NULL,NULL,'delete',663,664),(331,319,NULL,NULL,'saveForm',665,666),(332,319,NULL,NULL,'transferItems',667,668),(333,319,NULL,NULL,'isAuthorized',669,670),(334,1,NULL,NULL,'Users',672,705),(335,334,NULL,NULL,'index',673,674),(336,334,NULL,NULL,'view',675,676),(337,334,NULL,NULL,'viewLog',677,678),(338,334,NULL,NULL,'viewHistory',679,680),(339,334,NULL,NULL,'add',681,682),(340,334,NULL,NULL,'edit',683,684),(341,334,NULL,NULL,'edit_self',685,686),(342,334,NULL,NULL,'settings',687,688),(343,334,NULL,NULL,'changePassword',689,690),(344,334,NULL,NULL,'changeStandardLocation',691,692),(345,334,NULL,NULL,'resetPassword',693,694),(346,334,NULL,NULL,'delete',695,696),(347,334,NULL,NULL,'login',697,698),(348,334,NULL,NULL,'logout',699,700),(349,334,NULL,NULL,'initDB',701,702),(350,334,NULL,NULL,'isAuthorized',703,704),(351,1,NULL,NULL,'AclExtras',706,707),(352,1,NULL,NULL,'AclManager',708,719),(353,352,NULL,NULL,'Acl',709,718),(354,353,NULL,NULL,'index',710,711),(355,353,NULL,NULL,'clearCache',712,713),(356,353,NULL,NULL,'permissions',714,715),(357,353,NULL,NULL,'isAuthorized',716,717),(358,1,NULL,NULL,'Filter',720,721),(359,1,NULL,NULL,'Plupload',722,731),(360,359,NULL,NULL,'Plupload',723,730),(361,360,NULL,NULL,'upload',724,725),(362,360,NULL,NULL,'widget',726,727),(363,360,NULL,NULL,'isAuthorized',728,729),(364,1,NULL,NULL,'Search',732,733),(368,87,NULL,NULL,'getComponents',203,204),(369,87,NULL,NULL,'preview',205,206),(370,238,NULL,NULL,'saveData',507,508),(371,238,NULL,NULL,'preview',509,510),(372,1,NULL,NULL,'DebugKit',734,743),(373,372,NULL,NULL,'ToolbarAccess',735,742),(374,373,NULL,NULL,'history_state',736,737),(375,373,NULL,NULL,'sql_explain',738,739),(376,373,NULL,NULL,'isAuthorized',740,741),(377,238,NULL,NULL,'addTmpMeasurement',511,512);
/*!40000 ALTER TABLE `acos` ENABLE KEYS */;
UNLOCK TABLES;

--
-- Table structure for table `aros`
--

DROP TABLE IF EXISTS `aros`;
/*!40101 SET @saved_cs_client     = @@character_set_client */;
/*!40101 SET character_set_client = utf8 */;
CREATE TABLE `aros` (
  `id` int(10) NOT NULL AUTO_INCREMENT,
  `parent_id` int(10) DEFAULT NULL,
  `model` varchar(255) DEFAULT NULL,
  `foreign_key` int(10) DEFAULT NULL,
  `alias` varchar(255) DEFAULT NULL,
  `lft` int(10) DEFAULT NULL,
  `rght` int(10) DEFAULT NULL,
  PRIMARY KEY (`id`)
) ENGINE=InnoDB AUTO_INCREMENT=3 DEFAULT CHARSET=latin1;
/*!40101 SET character_set_client = @saved_cs_client */;

--
-- Dumping data for table `aros`
--

LOCK TABLES `aros` WRITE;
/*!40000 ALTER TABLE `aros` DISABLE KEYS */;
INSERT INTO `aros` VALUES (1,NULL,'Group',1,'',1,4),(2,1,'User',1,'',2,3);
/*!40000 ALTER TABLE `aros` ENABLE KEYS */;
UNLOCK TABLES;

--
-- Table structure for table `aros_acos`
--

DROP TABLE IF EXISTS `aros_acos`;
/*!40101 SET @saved_cs_client     = @@character_set_client */;
/*!40101 SET character_set_client = utf8 */;
CREATE TABLE `aros_acos` (
  `id` int(10) NOT NULL AUTO_INCREMENT,
  `aro_id` int(10) NOT NULL,
  `aco_id` int(10) NOT NULL,
  `_create` varchar(2) NOT NULL DEFAULT '0',
  `_read` varchar(2) NOT NULL DEFAULT '0',
  `_update` varchar(2) NOT NULL DEFAULT '0',
  `_delete` varchar(2) NOT NULL DEFAULT '0',
  PRIMARY KEY (`id`),
  UNIQUE KEY `ARO_ACO_KEY` (`aro_id`,`aco_id`)
) ENGINE=InnoDB AUTO_INCREMENT=397 DEFAULT CHARSET=latin1;
/*!40101 SET character_set_client = @saved_cs_client */;

--
-- Dumping data for table `aros_acos`
--

LOCK TABLES `aros_acos` WRITE;
/*!40000 ALTER TABLE `aros_acos` DISABLE KEYS */;
INSERT INTO `aros_acos` VALUES (1,1,1,'1','1','1','1'),(2,1,352,'1','1','1','1'),(3,1,353,'1','1','1','1'),(4,1,356,'1','1','1','1'),(5,1,129,'1','1','1','1'),(6,1,132,'1','1','1','1'),(7,2,132,'1','1','1','1'),(8,2,129,'1','1','1','1'),(9,2,1,'1','1','1','1'),(10,2,166,'1','1','1','1'),(11,1,166,'1','1','1','1'),(12,1,167,'1','1','1','1'),(13,2,167,'1','1','1','1'),(14,2,168,'1','1','1','1'),(15,2,169,'1','1','1','1'),(16,2,170,'1','1','1','1'),(17,2,171,'1','1','1','1'),(18,2,172,'1','1','1','1'),(19,2,319,'1','1','1','1'),(20,2,320,'1','1','1','1'),(21,2,321,'1','1','1','1'),(22,2,130,'1','1','1','1'),(23,2,122,'1','1','1','1'),(24,2,123,'1','1','1','1'),(25,2,124,'1','1','1','1'),(26,2,125,'1','1','1','1'),(27,2,126,'1','1','1','1'),(28,2,127,'1','1','1','1'),(29,2,128,'1','1','1','1'),(30,1,351,'1','1','1','1'),(31,1,355,'1','1','1','1'),(32,1,354,'1','1','1','1'),(33,1,357,'1','1','1','1'),(34,1,2,'0','0','0','0'),(35,1,6,'0','0','0','0'),(36,1,8,'0','0','0','0'),(37,1,7,'0','0','0','0'),(38,1,3,'0','0','0','0'),(39,1,9,'0','0','0','0'),(40,1,4,'0','0','0','0'),(41,1,5,'0','0','0','0'),(42,1,10,'0','0','0','0'),(43,1,13,'0','0','0','0'),(44,1,16,'0','0','0','0'),(45,1,19,'0','0','0','0'),(46,1,15,'0','0','0','0'),(47,1,14,'0','0','0','0'),(48,1,11,'0','0','0','0'),(49,1,20,'0','0','0','0'),(50,1,18,'0','0','0','0'),(51,1,17,'0','0','0','0'),(52,1,12,'0','0','0','0'),(53,1,21,'0','0','0','0'),(54,1,24,'0','0','0','0'),(55,1,26,'1','1','1','1'),(56,1,25,'0','0','0','0'),(57,1,22,'0','0','0','0'),(58,1,27,'0','0','0','0'),(59,1,23,'0','0','0','0'),(60,1,28,'0','0','0','0'),(61,1,31,'0','0','0','0'),(62,1,34,'0','0','0','0'),(63,1,33,'0','0','0','0'),(64,1,29,'0','0','0','0'),(65,1,35,'0','0','0','0'),(66,1,32,'0','0','0','0'),(67,1,30,'0','0','0','0'),(68,1,36,'0','0','0','0'),(69,1,39,'0','0','0','0'),(70,1,43,'0','0','0','0'),(71,1,41,'0','0','0','0'),(72,1,42,'0','0','0','0'),(73,1,40,'0','0','0','0'),(74,1,37,'0','0','0','0'),(75,1,44,'0','0','0','0'),(76,1,38,'0','0','0','0'),(77,1,45,'0','0','0','0'),(78,1,48,'0','0','0','0'),(79,1,50,'0','0','0','0'),(80,1,49,'0','0','0','0'),(81,1,46,'0','0','0','0'),(82,1,51,'0','0','0','0'),(83,1,47,'0','0','0','0'),(84,1,52,'0','0','0','0'),(85,1,55,'0','0','0','0'),(86,1,57,'0','0','0','0'),(87,1,56,'0','0','0','0'),(88,1,53,'0','0','0','0'),(89,1,58,'0','0','0','0'),(90,1,54,'0','0','0','0'),(91,1,59,'0','0','0','0'),(92,1,62,'0','0','0','0'),(93,1,64,'0','0','0','0'),(94,1,63,'0','0','0','0'),(95,1,60,'0','0','0','0'),(96,1,65,'0','0','0','0'),(97,1,61,'0','0','0','0'),(98,1,358,'0','0','0','0'),(99,1,66,'0','0','0','0'),(100,1,69,'0','0','0','0'),(101,1,71,'0','0','0','0'),(102,1,70,'0','0','0','0'),(103,1,67,'0','0','0','0'),(104,1,72,'0','0','0','0'),(105,1,68,'0','0','0','0'),(106,1,73,'0','0','0','0'),(107,1,76,'0','0','0','0'),(108,1,78,'0','0','0','0'),(109,1,77,'0','0','0','0'),(110,1,74,'0','0','0','0'),(111,1,79,'0','0','0','0'),(112,1,75,'0','0','0','0'),(113,1,80,'0','0','0','0'),(114,1,83,'0','0','0','0'),(115,1,85,'0','0','0','0'),(116,1,84,'0','0','0','0'),(117,1,81,'0','0','0','0'),(118,1,86,'0','0','0','0'),(119,1,82,'0','0','0','0'),(120,1,87,'0','0','0','0'),(121,1,90,'0','0','0','0'),(122,1,99,'0','0','0','0'),(123,1,98,'0','0','0','0'),(124,1,97,'0','0','0','0'),(125,1,96,'0','0','0','0'),(126,1,94,'0','0','0','0'),(127,1,95,'0','0','0','0'),(128,1,88,'0','0','0','0'),(129,1,102,'0','0','0','0'),(130,1,92,'0','0','0','0'),(131,1,100,'0','0','0','0'),(132,1,91,'0','0','0','0'),(133,1,93,'0','0','0','0'),(134,1,101,'0','0','0','0'),(135,1,89,'0','0','0','0'),(136,1,103,'0','0','0','0'),(137,1,106,'0','0','0','0'),(138,1,111,'0','0','0','0'),(139,1,110,'0','0','0','0'),(140,1,108,'0','0','0','0'),(141,1,107,'0','0','0','0'),(142,1,112,'0','0','0','0'),(143,1,104,'0','0','0','0'),(144,1,113,'0','0','0','0'),(145,1,109,'0','0','0','0'),(146,1,105,'0','0','0','0'),(147,1,114,'0','0','0','0'),(148,1,117,'0','0','0','0'),(149,1,119,'0','0','0','0'),(150,1,118,'0','0','0','0'),(151,1,120,'0','0','0','0'),(152,1,115,'0','0','0','0'),(153,1,121,'0','0','0','0'),(154,1,116,'0','0','0','0'),(155,1,122,'0','0','0','0'),(156,1,125,'0','0','0','0'),(157,1,127,'0','0','0','0'),(158,1,126,'0','0','0','0'),(159,1,123,'0','0','0','0'),(160,1,128,'0','0','0','0'),(161,1,124,'0','0','0','0'),(162,1,138,'0','0','0','0'),(163,1,144,'0','0','0','0'),(164,1,158,'0','0','0','0'),(165,1,161,'0','0','0','0'),(166,1,133,'0','0','0','0'),(167,1,141,'0','0','0','0'),(168,1,151,'0','0','0','0'),(169,1,139,'0','0','0','0'),(170,1,143,'0','0','0','0'),(171,1,145,'0','0','0','0'),(172,1,160,'0','0','0','0'),(173,1,146,'0','0','0','0'),(174,1,155,'0','0','0','0'),(175,1,162,'0','0','0','0'),(176,1,148,'0','0','0','0'),(177,1,154,'0','0','0','0'),(178,1,147,'0','0','0','0'),(179,1,156,'0','0','0','0'),(180,1,130,'0','0','0','0'),(181,1,149,'0','0','0','0'),(182,1,136,'0','0','0','0'),(183,1,150,'0','0','0','0'),(184,1,153,'0','0','0','0'),(185,1,164,'0','0','0','0'),(186,1,165,'0','0','0','0'),(187,1,135,'0','0','0','0'),(188,1,140,'0','0','0','0'),(189,1,159,'0','0','0','0'),(190,1,152,'0','0','0','0'),(191,1,142,'0','0','0','0'),(192,1,163,'0','0','0','0'),(193,1,157,'0','0','0','0'),(194,1,131,'0','0','0','0'),(195,1,137,'0','0','0','0'),(196,1,134,'0','0','0','0'),(197,1,169,'0','0','0','0'),(198,1,171,'0','0','0','0'),(199,1,170,'0','0','0','0'),(200,1,172,'0','0','0','0'),(201,1,168,'0','0','0','0'),(202,1,173,'0','0','0','0'),(203,1,176,'0','0','0','0'),(204,1,178,'0','0','0','0'),(205,1,177,'0','0','0','0'),(206,1,174,'0','0','0','0'),(207,1,179,'0','0','0','0'),(208,1,175,'0','0','0','0'),(209,1,180,'0','0','0','0'),(210,1,183,'0','0','0','0'),(211,1,181,'0','0','0','0'),(212,1,184,'0','0','0','0'),(213,1,182,'0','0','0','0'),(214,1,185,'0','0','0','0'),(215,1,186,'0','0','0','0'),(216,1,188,'0','0','0','0'),(217,1,187,'0','0','0','0'),(218,1,189,'0','0','0','0'),(219,1,192,'0','0','0','0'),(220,1,194,'0','0','0','0'),(221,1,193,'0','0','0','0'),(222,1,190,'0','0','0','0'),(223,1,195,'0','0','0','0'),(224,1,191,'0','0','0','0'),(225,1,196,'0','0','0','0'),(226,1,199,'0','0','0','0'),(227,1,201,'0','0','0','0'),(228,1,200,'0','0','0','0'),(229,1,197,'0','0','0','0'),(230,1,202,'0','0','0','0'),(231,1,198,'0','0','0','0'),(232,1,203,'0','0','0','0'),(233,1,206,'0','0','0','0'),(234,1,208,'0','0','0','0'),(235,1,207,'0','0','0','0'),(236,1,204,'0','0','0','0'),(237,1,209,'0','0','0','0'),(238,1,205,'0','0','0','0'),(239,1,210,'0','0','0','0'),(240,1,213,'0','0','0','0'),(241,1,215,'0','0','0','0'),(242,1,214,'0','0','0','0'),(243,1,211,'0','0','0','0'),(244,1,216,'0','0','0','0'),(245,1,212,'0','0','0','0'),(246,1,217,'0','0','0','0'),(247,1,220,'0','0','0','0'),(248,1,222,'0','0','0','0'),(249,1,221,'0','0','0','0'),(250,1,218,'0','0','0','0'),(251,1,223,'0','0','0','0'),(252,1,219,'0','0','0','0'),(253,1,224,'0','0','0','0'),(254,1,227,'0','0','0','0'),(255,1,229,'0','0','0','0'),(256,1,228,'0','0','0','0'),(257,1,225,'0','0','0','0'),(258,1,230,'0','0','0','0'),(259,1,226,'0','0','0','0'),(260,1,231,'0','0','0','0'),(261,1,234,'0','0','0','0'),(262,1,236,'0','0','0','0'),(263,1,235,'0','0','0','0'),(264,1,232,'0','0','0','0'),(265,1,237,'0','0','0','0'),(266,1,233,'0','0','0','0'),(267,1,238,'0','0','0','0'),(268,1,248,'1','1','1','1'),(269,1,251,'0','0','0','0'),(270,1,242,'0','0','0','0'),(271,1,250,'0','0','0','0'),(272,1,243,'0','0','0','0'),(273,1,249,'0','0','0','0'),(274,1,245,'0','0','0','0'),(275,1,244,'0','0','0','0'),(276,1,253,'0','0','0','0'),(277,1,239,'0','0','0','0'),(278,1,254,'0','0','0','0'),(280,1,252,'0','0','0','0'),(282,1,241,'0','0','0','0'),(283,1,240,'0','0','0','0'),(284,1,255,'0','0','0','0'),(285,1,258,'0','0','0','0'),(286,1,260,'0','0','0','0'),(287,1,259,'0','0','0','0'),(288,1,256,'0','0','0','0'),(289,1,261,'0','0','0','0'),(290,1,257,'0','0','0','0'),(291,1,262,'0','0','0','0'),(292,1,263,'0','0','0','0'),(293,1,264,'0','0','0','0'),(294,1,265,'0','0','0','0'),(295,1,268,'0','0','0','0'),(296,1,270,'0','0','0','0'),(297,1,269,'0','0','0','0'),(298,1,266,'0','0','0','0'),(299,1,271,'0','0','0','0'),(300,1,267,'0','0','0','0'),(301,1,359,'0','0','0','0'),(302,1,360,'0','0','0','0'),(303,1,363,'0','0','0','0'),(304,1,361,'0','0','0','0'),(305,1,362,'0','0','0','0'),(306,1,272,'0','0','0','0'),(307,1,275,'0','0','0','0'),(308,1,277,'0','0','0','0'),(309,1,276,'0','0','0','0'),(310,1,273,'0','0','0','0'),(311,1,278,'0','0','0','0'),(312,1,274,'0','0','0','0'),(313,1,279,'0','0','0','0'),(314,1,285,'0','0','0','0'),(315,1,283,'0','0','0','0'),(316,1,287,'0','0','0','0'),(317,1,286,'0','0','0','0'),(318,1,280,'0','0','0','0'),(319,1,288,'0','0','0','0'),(320,1,282,'0','0','0','0'),(321,1,281,'0','0','0','0'),(322,1,284,'0','0','0','0'),(323,1,289,'0','0','0','0'),(324,1,292,'0','0','0','0'),(325,1,294,'0','0','0','0'),(326,1,293,'0','0','0','0'),(327,1,290,'0','0','0','0'),(328,1,295,'0','0','0','0'),(329,1,291,'0','0','0','0'),(330,1,296,'0','0','0','0'),(331,1,299,'0','0','0','0'),(332,1,301,'0','0','0','0'),(333,1,300,'0','0','0','0'),(334,1,297,'0','0','0','0'),(335,1,302,'0','0','0','0'),(336,1,298,'0','0','0','0'),(337,1,303,'0','0','0','0'),(338,1,306,'0','0','0','0'),(339,1,308,'0','0','0','0'),(340,1,307,'0','0','0','0'),(341,1,304,'0','0','0','0'),(342,1,309,'0','0','0','0'),(343,1,305,'0','0','0','0'),(344,1,310,'0','0','0','0'),(345,1,313,'0','0','0','0'),(346,1,316,'0','0','0','0'),(347,1,315,'0','0','0','0'),(348,1,314,'0','0','0','0'),(349,1,311,'0','0','0','0'),(350,1,318,'0','0','0','0'),(351,1,317,'0','0','0','0'),(352,1,312,'0','0','0','0'),(353,1,319,'0','0','0','0'),(354,1,325,'0','0','0','0'),(355,1,330,'0','0','0','0'),(356,1,329,'0','0','0','0'),(357,1,322,'0','0','0','0'),(358,1,320,'0','0','0','0'),(359,1,333,'0','0','0','0'),(360,1,324,'0','0','0','0'),(361,1,328,'0','0','0','0'),(362,1,327,'0','0','0','0'),(363,1,331,'0','0','0','0'),(364,1,323,'0','0','0','0'),(365,1,332,'0','0','0','0'),(366,1,326,'0','0','0','0'),(367,1,321,'0','0','0','0'),(368,1,334,'0','0','0','0'),(369,1,339,'0','0','0','0'),(370,1,343,'0','0','0','0'),(371,1,344,'0','0','0','0'),(372,1,346,'0','0','0','0'),(373,1,340,'0','0','0','0'),(374,1,341,'0','0','0','0'),(375,1,335,'0','0','0','0'),(376,1,349,'0','0','0','0'),(377,1,350,'0','0','0','0'),(378,1,347,'0','0','0','0'),(379,1,348,'0','0','0','0'),(380,1,345,'0','0','0','0'),(381,1,342,'0','0','0','0'),(382,1,336,'0','0','0','0'),(383,1,338,'0','0','0','0'),(384,1,337,'0','0','0','0'),(387,1,372,'0','0','0','0'),(388,1,373,'0','0','0','0'),(389,1,374,'0','0','0','0'),(390,1,375,'0','0','0','0'),(391,1,368,'1','1','1','1'),(392,1,369,'0','0','0','0'),(393,1,371,'0','0','0','0'),(394,1,370,'0','0','0','0'),(395,1,364,'1','1','1','1'),(396,1,377,'1','1','1','1');
/*!40000 ALTER TABLE `aros_acos` ENABLE KEYS */;
UNLOCK TABLES;

--
-- Table structure for table `checklists`
--

DROP TABLE IF EXISTS `checklists`;
/*!40101 SET @saved_cs_client     = @@character_set_client */;
/*!40101 SET character_set_client = utf8 */;
CREATE TABLE `checklists` (
  `id` int(11) NOT NULL AUTO_INCREMENT,
  `name` varchar(45) NOT NULL,
  `description` text,
  `item_id` int(11) NOT NULL,
  `cl_template_id` int(11) DEFAULT NULL,
  PRIMARY KEY (`id`),
  KEY `ItemID` (`item_id`)
) ENGINE=InnoDB DEFAULT CHARSET=latin1;
/*!40101 SET character_set_client = @saved_cs_client */;

--
-- Dumping data for table `checklists`
--

LOCK TABLES `checklists` WRITE;
/*!40000 ALTER TABLE `checklists` DISABLE KEYS */;
/*!40000 ALTER TABLE `checklists` ENABLE KEYS */;
UNLOCK TABLES;

--
-- Table structure for table `cl_action_attachments`
--

DROP TABLE IF EXISTS `cl_action_attachments`;
/*!40101 SET @saved_cs_client     = @@character_set_client */;
/*!40101 SET character_set_client = utf8 */;
CREATE TABLE `cl_action_attachments` (
  `id` int(11) NOT NULL AUTO_INCREMENT,
  `name` varchar(45) NOT NULL,
  `cl_action_id` int(11) NOT NULL,
  `uploaded` bit(1) DEFAULT b'0',
  PRIMARY KEY (`id`),
  KEY `ClActionID` (`cl_action_id`)
) ENGINE=InnoDB DEFAULT CHARSET=latin1;
/*!40101 SET character_set_client = @saved_cs_client */;

--
-- Dumping data for table `cl_action_attachments`
--

LOCK TABLES `cl_action_attachments` WRITE;
/*!40000 ALTER TABLE `cl_action_attachments` DISABLE KEYS */;
/*!40000 ALTER TABLE `cl_action_attachments` ENABLE KEYS */;
UNLOCK TABLES;

--
-- Table structure for table `cl_actions`
--

DROP TABLE IF EXISTS `cl_actions`;
/*!40101 SET @saved_cs_client     = @@character_set_client */;
/*!40101 SET character_set_client = utf8 */;
CREATE TABLE `cl_actions` (
  `id` int(11) NOT NULL AUTO_INCREMENT,
  `name` varchar(45) NOT NULL,
  `description` text,
  `checklist_id` int(11) DEFAULT NULL,
  `cl_template_id` int(11) DEFAULT NULL,
  `hierarchy_level` int(11) DEFAULT NULL,
  `list_number` int(11) DEFAULT NULL,
  `list_subnumber` int(11) DEFAULT NULL,
  `status_code` bit(16) DEFAULT NULL,
  `updated_by` varchar(45) DEFAULT NULL,
  `last_update` datetime DEFAULT NULL,
  `notes` text,
  `has_subactions` tinyint(4) DEFAULT '0',
  PRIMARY KEY (`id`),
  KEY `ChecklistID` (`checklist_id`),
  KEY `ClTemplateID` (`cl_template_id`)
) ENGINE=InnoDB DEFAULT CHARSET=latin1;
/*!40101 SET character_set_client = @saved_cs_client */;

--
-- Dumping data for table `cl_actions`
--

LOCK TABLES `cl_actions` WRITE;
/*!40000 ALTER TABLE `cl_actions` DISABLE KEYS */;
/*!40000 ALTER TABLE `cl_actions` ENABLE KEYS */;
UNLOCK TABLES;

--
-- Table structure for table `cl_states`
--

DROP TABLE IF EXISTS `cl_states`;
/*!40101 SET @saved_cs_client     = @@character_set_client */;
/*!40101 SET character_set_client = utf8 */;
CREATE TABLE `cl_states` (
  `id` int(11) NOT NULL AUTO_INCREMENT,
  `name` varchar(45) NOT NULL,
  `description` text,
  `cl_action_id` int(11) DEFAULT NULL,
  `type` varchar(8) DEFAULT NULL,
  PRIMARY KEY (`id`),
  KEY `ClActionID` (`cl_action_id`)
) ENGINE=InnoDB DEFAULT CHARSET=latin1;
/*!40101 SET character_set_client = @saved_cs_client */;

--
-- Dumping data for table `cl_states`
--

LOCK TABLES `cl_states` WRITE;
/*!40000 ALTER TABLE `cl_states` DISABLE KEYS */;
/*!40000 ALTER TABLE `cl_states` ENABLE KEYS */;
UNLOCK TABLES;

--
-- Table structure for table `cl_templates`
--

DROP TABLE IF EXISTS `cl_templates`;
/*!40101 SET @saved_cs_client     = @@character_set_client */;
/*!40101 SET character_set_client = utf8 */;
CREATE TABLE `cl_templates` (
  `id` int(11) NOT NULL AUTO_INCREMENT,
  `name` varchar(45) NOT NULL,
  `description` text,
  `checklist_id` int(11) DEFAULT NULL,
  `cl_action_id` int(11) DEFAULT NULL,
  `item_subtype_id` int(11) DEFAULT NULL,
  `default` tinyint(1) DEFAULT '0',
  PRIMARY KEY (`id`)
) ENGINE=InnoDB DEFAULT CHARSET=latin1;
/*!40101 SET character_set_client = @saved_cs_client */;

--
-- Dumping data for table `cl_templates`
--

LOCK TABLES `cl_templates` WRITE;
/*!40000 ALTER TABLE `cl_templates` DISABLE KEYS */;
/*!40000 ALTER TABLE `cl_templates` ENABLE KEYS */;
UNLOCK TABLES;

--
-- Table structure for table `compositions_states`
--

DROP TABLE IF EXISTS `compositions_states`;
/*!40101 SET @saved_cs_client     = @@character_set_client */;
/*!40101 SET character_set_client = utf8 */;
CREATE TABLE `compositions_states` (
  `id` int(11) NOT NULL AUTO_INCREMENT,
  `composition_id` int(11) NOT NULL COMMENT 'item_subtype_versions_compositions',
  `state_id` int(11) NOT NULL,
  PRIMARY KEY (`id`),
  KEY `composition_id` (`composition_id`)
) ENGINE=InnoDB DEFAULT CHARSET=latin1;
/*!40101 SET character_set_client = @saved_cs_client */;

--
-- Dumping data for table `compositions_states`
--

LOCK TABLES `compositions_states` WRITE;
/*!40000 ALTER TABLE `compositions_states` DISABLE KEYS */;
/*!40000 ALTER TABLE `compositions_states` ENABLE KEYS */;
UNLOCK TABLES;

--
-- Table structure for table `db_files`
--

DROP TABLE IF EXISTS `db_files`;
/*!40101 SET @saved_cs_client     = @@character_set_client */;
/*!40101 SET character_set_client = utf8 */;
CREATE TABLE `db_files` (
  `id` int(11) NOT NULL AUTO_INCREMENT,
  `name` varchar(255) NOT NULL,
  `real_name` varchar(255) NOT NULL,
  `comment` varchar(512) DEFAULT NULL,
  `size` int(11) NOT NULL,
  `type` varchar(45) NOT NULL,
  `created` datetime DEFAULT NULL,
  `user_id` int(11) NOT NULL,
  PRIMARY KEY (`id`),
  UNIQUE KEY `real_name_UNIQUE` (`real_name`),
  KEY `db_files.userID` (`user_id`),
  CONSTRAINT `db_files.userID` FOREIGN KEY (`user_id`) REFERENCES `users` (`id`) ON UPDATE CASCADE
) ENGINE=InnoDB DEFAULT CHARSET=latin1;
/*!40101 SET character_set_client = @saved_cs_client */;

--
-- Dumping data for table `db_files`
--

LOCK TABLES `db_files` WRITE;
/*!40000 ALTER TABLE `db_files` DISABLE KEYS */;
/*!40000 ALTER TABLE `db_files` ENABLE KEYS */;
UNLOCK TABLES;

--
-- Table structure for table `db_files_item_subtype_versions`
--

DROP TABLE IF EXISTS `db_files_item_subtype_versions`;
/*!40101 SET @saved_cs_client     = @@character_set_client */;
/*!40101 SET character_set_client = utf8 */;
CREATE TABLE `db_files_item_subtype_versions` (
  `id` int(11) NOT NULL AUTO_INCREMENT,
  `db_file_id` int(11) NOT NULL,
  `item_subtype_version_id` int(11) NOT NULL,
  PRIMARY KEY (`id`),
  KEY `db_files_item_subtype_versions.db_fileID` (`db_file_id`),
  KEY `db_files_item_subtype_versions.item_subtype_versionID` (`item_subtype_version_id`),
  CONSTRAINT `db_files_item_subtype_versions.db_fileID` FOREIGN KEY (`db_file_id`) REFERENCES `db_files` (`id`) ON UPDATE CASCADE,
  CONSTRAINT `db_files_item_subtype_versions.item_subtype_versionID` FOREIGN KEY (`item_subtype_version_id`) REFERENCES `item_subtype_versions` (`id`) ON UPDATE CASCADE
) ENGINE=InnoDB DEFAULT CHARSET=latin1;
/*!40101 SET character_set_client = @saved_cs_client */;

--
-- Dumping data for table `db_files_item_subtype_versions`
--

LOCK TABLES `db_files_item_subtype_versions` WRITE;
/*!40000 ALTER TABLE `db_files_item_subtype_versions` DISABLE KEYS */;
/*!40000 ALTER TABLE `db_files_item_subtype_versions` ENABLE KEYS */;
UNLOCK TABLES;

--
-- Table structure for table `db_files_item_subtypes`
--

DROP TABLE IF EXISTS `db_files_item_subtypes`;
/*!40101 SET @saved_cs_client     = @@character_set_client */;
/*!40101 SET character_set_client = utf8 */;
CREATE TABLE `db_files_item_subtypes` (
  `id` int(11) NOT NULL AUTO_INCREMENT,
  `db_file_id` int(11) NOT NULL,
  `item_subtype_id` int(11) NOT NULL,
  PRIMARY KEY (`id`),
  KEY `db_files_item_subtypes.db_fileID` (`db_file_id`),
  KEY `db_files_item_subtypes.item_subtypeID` (`item_subtype_id`),
  CONSTRAINT `db_files_item_subtypes.db_fileID` FOREIGN KEY (`db_file_id`) REFERENCES `db_files` (`id`) ON UPDATE CASCADE,
  CONSTRAINT `db_files_item_subtypes.item_subtypeID` FOREIGN KEY (`item_subtype_id`) REFERENCES `item_subtypes` (`id`) ON UPDATE CASCADE
) ENGINE=InnoDB DEFAULT CHARSET=latin1;
/*!40101 SET character_set_client = @saved_cs_client */;

--
-- Dumping data for table `db_files_item_subtypes`
--

LOCK TABLES `db_files_item_subtypes` WRITE;
/*!40000 ALTER TABLE `db_files_item_subtypes` DISABLE KEYS */;
/*!40000 ALTER TABLE `db_files_item_subtypes` ENABLE KEYS */;
UNLOCK TABLES;

--
-- Table structure for table `db_files_items`
--

DROP TABLE IF EXISTS `db_files_items`;
/*!40101 SET @saved_cs_client     = @@character_set_client */;
/*!40101 SET character_set_client = utf8 */;
CREATE TABLE `db_files_items` (
  `id` int(11) NOT NULL AUTO_INCREMENT,
  `db_file_id` int(11) NOT NULL,
  `item_id` int(11) NOT NULL,
  PRIMARY KEY (`id`),
  KEY `db_files_items.db_fileID` (`db_file_id`),
  KEY `db_files_items.itemID` (`item_id`),
  CONSTRAINT `db_files_items.db_fileID` FOREIGN KEY (`db_file_id`) REFERENCES `db_files` (`id`) ON UPDATE CASCADE,
  CONSTRAINT `db_files_items.itemID` FOREIGN KEY (`item_id`) REFERENCES `items` (`id`) ON UPDATE CASCADE
) ENGINE=InnoDB DEFAULT CHARSET=latin1;
/*!40101 SET character_set_client = @saved_cs_client */;

--
-- Dumping data for table `db_files_items`
--

LOCK TABLES `db_files_items` WRITE;
/*!40000 ALTER TABLE `db_files_items` DISABLE KEYS */;
/*!40000 ALTER TABLE `db_files_items` ENABLE KEYS */;
UNLOCK TABLES;

--
-- Table structure for table `db_files_projects`
--

DROP TABLE IF EXISTS `db_files_projects`;
/*!40101 SET @saved_cs_client     = @@character_set_client */;
/*!40101 SET character_set_client = utf8 */;
CREATE TABLE `db_files_projects` (
  `id` int(11) NOT NULL AUTO_INCREMENT,
  `db_file_id` int(11) NOT NULL,
  `project_id` int(11) NOT NULL,
  PRIMARY KEY (`id`),
  KEY `db_files_projects?db_fileId_idx` (`db_file_id`),
  KEY `db_files_projects?project_Id_idx` (`project_id`),
  CONSTRAINT `db_files_projects?db_fileId` FOREIGN KEY (`db_file_id`) REFERENCES `db_files` (`id`) ON DELETE NO ACTION ON UPDATE NO ACTION,
  CONSTRAINT `db_files_projects?project_Id` FOREIGN KEY (`project_id`) REFERENCES `projects` (`id`) ON UPDATE CASCADE
) ENGINE=InnoDB DEFAULT CHARSET=latin1;
/*!40101 SET character_set_client = @saved_cs_client */;

--
-- Dumping data for table `db_files_projects`
--

LOCK TABLES `db_files_projects` WRITE;
/*!40000 ALTER TABLE `db_files_projects` DISABLE KEYS */;
/*!40000 ALTER TABLE `db_files_projects` ENABLE KEYS */;
UNLOCK TABLES;

--
-- Table structure for table `deliverers`
--

DROP TABLE IF EXISTS `deliverers`;
/*!40101 SET @saved_cs_client     = @@character_set_client */;
/*!40101 SET character_set_client = utf8 */;
CREATE TABLE `deliverers` (
  `id` int(11) NOT NULL AUTO_INCREMENT,
  `name` varchar(45) NOT NULL,
  `homepage` varchar(255) DEFAULT NULL,
  PRIMARY KEY (`id`),
  UNIQUE KEY `name_UNIQUE` (`name`)
) ENGINE=InnoDB AUTO_INCREMENT=2 DEFAULT CHARSET=latin1;
/*!40101 SET character_set_client = @saved_cs_client */;

--
-- Dumping data for table `deliverers`
--

LOCK TABLES `deliverers` WRITE;
/*!40000 ALTER TABLE `deliverers` DISABLE KEYS */;
INSERT INTO `deliverers` VALUES (1,'Deliver_test','');
/*!40000 ALTER TABLE `deliverers` ENABLE KEYS */;
UNLOCK TABLES;

--
-- Table structure for table `devices`
--

DROP TABLE IF EXISTS `devices`;
/*!40101 SET @saved_cs_client     = @@character_set_client */;
/*!40101 SET character_set_client = utf8 */;
CREATE TABLE `devices` (
  `id` int(11) NOT NULL AUTO_INCREMENT,
  `location_id` int(11) DEFAULT NULL,
  `name` varchar(45) DEFAULT NULL,
  `item_id` int(11) DEFAULT NULL,
  PRIMARY KEY (`id`),
  KEY `Devices_LocationID` (`location_id`),
  CONSTRAINT `Devices_Location` FOREIGN KEY (`location_id`) REFERENCES `locations` (`id`) ON UPDATE CASCADE
) ENGINE=InnoDB AUTO_INCREMENT=2 DEFAULT CHARSET=latin1;
/*!40101 SET character_set_client = @saved_cs_client */;

--
-- Dumping data for table `devices`
--

LOCK TABLES `devices` WRITE;
/*!40000 ALTER TABLE `devices` DISABLE KEYS */;
INSERT INTO `devices` VALUES (1,2,'FBK Automatic Prober',NULL);
/*!40000 ALTER TABLE `devices` ENABLE KEYS */;
UNLOCK TABLES;

--
-- Table structure for table `devices_measurement_types`
--

DROP TABLE IF EXISTS `devices_measurement_types`;
/*!40101 SET @saved_cs_client     = @@character_set_client */;
/*!40101 SET character_set_client = utf8 */;
CREATE TABLE `devices_measurement_types` (
  `id` int(11) NOT NULL AUTO_INCREMENT,
  `device_id` int(11) NOT NULL,
  `measurement_type_id` int(11) NOT NULL,
  PRIMARY KEY (`id`),
  KEY `device_id` (`device_id`),
  KEY `measurement_type_id` (`measurement_type_id`),
  CONSTRAINT `device_id` FOREIGN KEY (`device_id`) REFERENCES `devices` (`id`),
  CONSTRAINT `measurement_type_id` FOREIGN KEY (`measurement_type_id`) REFERENCES `measurement_types` (`id`)
) ENGINE=InnoDB AUTO_INCREMENT=2 DEFAULT CHARSET=latin1 COMMENT='Assigns each Device the measurement types it can perform';
/*!40101 SET character_set_client = @saved_cs_client */;

--
-- Dumping data for table `devices_measurement_types`
--

LOCK TABLES `devices_measurement_types` WRITE;
/*!40000 ALTER TABLE `devices_measurement_types` DISABLE KEYS */;
INSERT INTO `devices_measurement_types` VALUES (1,1,1);
/*!40000 ALTER TABLE `devices_measurement_types` ENABLE KEYS */;
UNLOCK TABLES;

--
-- Table structure for table `events`
--

DROP TABLE IF EXISTS `events`;
/*!40101 SET @saved_cs_client     = @@character_set_client */;
/*!40101 SET character_set_client = utf8 */;
CREATE TABLE `events` (
  `id` int(11) NOT NULL AUTO_INCREMENT,
  `name` varchar(45) NOT NULL,
  `description` varchar(255) DEFAULT NULL,
  PRIMARY KEY (`id`),
  UNIQUE KEY `name_UNIQUE` (`name`)
) ENGINE=InnoDB AUTO_INCREMENT=7 DEFAULT CHARSET=latin1;
/*!40101 SET character_set_client = @saved_cs_client */;

--
-- Dumping data for table `events`
--

LOCK TABLES `events` WRITE;
/*!40000 ALTER TABLE `events` DISABLE KEYS */;
INSERT INTO `events` VALUES (1,'Item created','Item was applied to the database.'),(2,'Item attached',NULL),(3,'Item detached',NULL),(4,'Measurement','Item was measured.'),(5,'Item code changed',NULL),(6,'Post registered','Item was registered after the registration of the parent composite item.');
/*!40000 ALTER TABLE `events` ENABLE KEYS */;
UNLOCK TABLES;

--
-- Table structure for table `from_locations_transfers`
--

DROP TABLE IF EXISTS `from_locations_transfers`;
/*!40101 SET @saved_cs_client     = @@character_set_client */;
/*!40101 SET character_set_client = utf8 */;
CREATE TABLE `from_locations_transfers` (
  `id` int(11) NOT NULL AUTO_INCREMENT,
  `from_location_id` int(11) NOT NULL,
  `transfer_id` int(11) NOT NULL,
  PRIMARY KEY (`id`),
  KEY `FromLocationsTransfers_FromLocation` (`from_location_id`),
  KEY `FromLocationsTransfers_Transfer` (`transfer_id`),
  CONSTRAINT `FromLocationsTransfers_FromLocation` FOREIGN KEY (`from_location_id`) REFERENCES `locations` (`id`) ON UPDATE CASCADE,
  CONSTRAINT `FromLocationsTransfers_Transfer` FOREIGN KEY (`transfer_id`) REFERENCES `transfers` (`id`) ON UPDATE CASCADE
) ENGINE=InnoDB DEFAULT CHARSET=latin1;
/*!40101 SET character_set_client = @saved_cs_client */;

--
-- Dumping data for table `from_locations_transfers`
--

LOCK TABLES `from_locations_transfers` WRITE;
/*!40000 ALTER TABLE `from_locations_transfers` DISABLE KEYS */;
/*!40000 ALTER TABLE `from_locations_transfers` ENABLE KEYS */;
UNLOCK TABLES;

--
-- Table structure for table `groups`
--

DROP TABLE IF EXISTS `groups`;
/*!40101 SET @saved_cs_client     = @@character_set_client */;
/*!40101 SET character_set_client = utf8 */;
CREATE TABLE `groups` (
  `id` int(11) NOT NULL AUTO_INCREMENT,
  `name` varchar(100) NOT NULL,
  `created` datetime DEFAULT NULL,
  `modified` datetime DEFAULT NULL,
  PRIMARY KEY (`id`)
) ENGINE=InnoDB AUTO_INCREMENT=2 DEFAULT CHARSET=latin1;
/*!40101 SET character_set_client = @saved_cs_client */;

--
-- Dumping data for table `groups`
--

LOCK TABLES `groups` WRITE;
/*!40000 ALTER TABLE `groups` DISABLE KEYS */;
INSERT INTO `groups` VALUES (1,'Administrator','2016-04-01 11:59:53','2016-04-01 11:59:53');
/*!40000 ALTER TABLE `groups` ENABLE KEYS */;
UNLOCK TABLES;

--
-- Table structure for table `histories`
--

DROP TABLE IF EXISTS `histories`;
/*!40101 SET @saved_cs_client     = @@character_set_client */;
/*!40101 SET character_set_client = utf8 */;
CREATE TABLE `histories` (
  `id` int(11) NOT NULL AUTO_INCREMENT,
  `item_id` int(11) NOT NULL,
  `event_id` int(11) NOT NULL,
  `user_id` int(11) NOT NULL,
  `comment` text,
  `created` datetime DEFAULT NULL,
  `modified` datetime DEFAULT NULL,
  PRIMARY KEY (`id`),
  KEY `EventID` (`event_id`),
  KEY `ItemID` (`item_id`),
  KEY `History_Item` (`item_id`),
  KEY `History_Event` (`event_id`),
  CONSTRAINT `History_Event` FOREIGN KEY (`event_id`) REFERENCES `events` (`id`) ON UPDATE CASCADE,
  CONSTRAINT `History_Item` FOREIGN KEY (`item_id`) REFERENCES `items` (`id`) ON UPDATE CASCADE
) ENGINE=InnoDB AUTO_INCREMENT=2056 DEFAULT CHARSET=latin1;
/*!40101 SET character_set_client = @saved_cs_client */;

--
-- Dumping data for table `histories`
--

LOCK TABLES `histories` WRITE;
/*!40000 ALTER TABLE `histories` DISABLE KEYS */;
INSERT INTO `histories` VALUES (111,56,1,1,'Item created at FBK','2016-06-13 12:42:31','2016-06-13 12:42:31'),(112,57,1,1,'Item was created simultaneously with WDU500010001.','2016-06-13 12:42:31','2016-06-13 12:42:31'),(113,57,2,1,'Item was attached to WDU500010001 at arrival.','2016-06-13 12:42:31','2016-06-13 12:42:31'),(114,58,1,1,'Item was created simultaneously with WDU500010001.','2016-06-13 12:42:31','2016-06-13 12:42:31'),(115,58,2,1,'Item was attached to WDU500010001 at arrival.','2016-06-13 12:42:31','2016-06-13 12:42:31'),(116,59,1,1,'Item was created simultaneously with WDU500010001.','2016-06-13 12:42:31','2016-06-13 12:42:31'),(117,59,2,1,'Item was attached to WDU500010001 at arrival.','2016-06-13 12:42:31','2016-06-13 12:42:31'),(118,60,1,1,'Item was created simultaneously with WDU500010001.','2016-06-13 12:42:31','2016-06-13 12:42:31'),(119,60,2,1,'Item was attached to WDU500010001 at arrival.','2016-06-13 12:42:31','2016-06-13 12:42:31'),(120,61,1,1,'Item was created simultaneously with WDU500010001.','2016-06-13 12:42:31','2016-06-13 12:42:31'),(121,61,2,1,'Item was attached to WDU500010001 at arrival.','2016-06-13 12:42:31','2016-06-13 12:42:31'),(122,62,1,1,'Item was created simultaneously with WDU500010001.','2016-06-13 12:42:31','2016-06-13 12:42:31'),(123,62,2,1,'Item was attached to WDU500010001 at arrival.','2016-06-13 12:42:31','2016-06-13 12:42:31'),(124,63,1,1,'Item was created simultaneously with WDU500010001.','2016-06-13 12:42:31','2016-06-13 12:42:31'),(125,63,2,1,'Item was attached to WDU500010001 at arrival.','2016-06-13 12:42:31','2016-06-13 12:42:31'),(126,64,1,1,'Item was created simultaneously with WDU500010001.','2016-06-13 12:42:31','2016-06-13 12:42:31'),(127,64,2,1,'Item was attached to WDU500010001 at arrival.','2016-06-13 12:42:31','2016-06-13 12:42:31'),(128,65,1,1,'Item was created simultaneously with WDU500010001.','2016-06-13 12:42:31','2016-06-13 12:42:31'),(129,65,2,1,'Item was attached to WDU500010001 at arrival.','2016-06-13 12:42:31','2016-06-13 12:42:31'),(130,66,1,1,'Item was created simultaneously with WDU500010001.','2016-06-13 12:42:31','2016-06-13 12:42:31'),(131,66,2,1,'Item was attached to WDU500010001 at arrival.','2016-06-13 12:42:31','2016-06-13 12:42:31'),(132,56,2,1,'Item SDU5000100010504 was attached at arrival.','2016-06-13 12:42:31','2016-06-13 12:42:31'),(133,56,2,1,'Item SDU5000100010505 was attached at arrival.','2016-06-13 12:42:31','2016-06-13 12:42:31'),(134,56,2,1,'Item SDU5000100010506 was attached at arrival.','2016-06-13 12:42:31','2016-06-13 12:42:31'),(135,56,2,1,'Item SDU5000100010509 was attached at arrival.','2016-06-13 12:42:31','2016-06-13 12:42:31'),(136,56,2,1,'Item SDU5000100010508 was attached at arrival.','2016-06-13 12:42:31','2016-06-13 12:42:31'),(137,56,2,1,'Item SDU5000100010507 was attached at arrival.','2016-06-13 12:42:31','2016-06-13 12:42:31'),(138,56,2,1,'Item SDU5000100010510 was attached at arrival.','2016-06-13 12:42:31','2016-06-13 12:42:31'),(139,56,2,1,'Item SDU5000100010511 was attached at arrival.','2016-06-13 12:42:31','2016-06-13 12:42:31'),(140,56,2,1,'Item SDU5000100010512 was attached at arrival.','2016-06-13 12:42:31','2016-06-13 12:42:31'),(141,56,2,1,'Item SDU5000100010513 was attached at arrival.','2016-06-13 12:42:31','2016-06-13 12:42:31'),(148,60,4,1,'Saving Measurement','2016-06-15 12:47:02','2016-06-15 12:47:02'),(149,61,4,1,'Saving Measurement','2016-06-15 12:47:02','2016-06-15 12:47:02'),(150,61,4,1,'Saving Measurement','2016-06-17 15:19:19','2016-06-17 15:19:19'),(151,60,4,1,'Saving Measurement','2016-06-17 15:19:19','2016-06-17 15:19:19'),(154,61,4,1,'Saving Measurement','2016-06-17 15:25:54','2016-06-17 15:25:54'),(155,60,4,1,'Saving Measurement','2016-06-17 15:25:54','2016-06-17 15:25:54'),(156,61,4,1,'Saving Measurement','2016-06-17 15:25:55','2016-06-17 15:25:55'),(157,60,4,1,'Saving Measurement','2016-06-17 15:25:55','2016-06-17 15:25:55'),(158,61,4,1,'Saving Measurement','2016-06-17 15:55:03','2016-06-17 15:55:03'),(159,60,4,1,'Saving Measurement','2016-06-17 15:55:03','2016-06-17 15:55:03'),(161,60,4,1,'Saving Measurement','2016-06-17 15:55:03','2016-06-17 15:55:03'),(162,61,4,1,'Saving Measurement','2016-06-17 15:55:03','2016-06-17 15:55:03'),(163,61,4,1,'Saving Measurement','2016-06-17 15:56:42','2016-06-17 15:56:42'),(164,60,4,1,'Saving Measurement','2016-06-17 15:56:42','2016-06-17 15:56:42'),(165,61,4,1,'Saving Measurement','2016-06-17 15:58:37','2016-06-17 15:58:37'),(166,60,4,1,'Saving Measurement','2016-06-17 15:58:37','2016-06-17 15:58:37'),(167,61,4,1,'Saving Measurement','2016-06-20 11:33:14','2016-06-20 11:33:14'),(168,60,4,1,'Saving Measurement','2016-06-20 11:33:15','2016-06-20 11:33:15'),(272,104,1,1,'Item created at FBK','2016-06-23 14:20:45','2016-06-23 14:20:45'),(273,105,1,1,'Item was created simultaneously with WDU500010002.','2016-06-23 14:20:45','2016-06-23 14:20:45'),(274,105,2,1,'Item was attached to WDU500010002 at arrival.','2016-06-23 14:20:45','2016-06-23 14:20:45'),(275,106,1,1,'Item was created simultaneously with WDU500010002.','2016-06-23 14:20:45','2016-06-23 14:20:45'),(276,106,2,1,'Item was attached to WDU500010002 at arrival.','2016-06-23 14:20:45','2016-06-23 14:20:45'),(277,107,1,1,'Item was created simultaneously with WDU500010002.','2016-06-23 14:20:45','2016-06-23 14:20:45'),(278,107,2,1,'Item was attached to WDU500010002 at arrival.','2016-06-23 14:20:45','2016-06-23 14:20:45'),(279,108,1,1,'Item was created simultaneously with WDU500010002.','2016-06-23 14:20:45','2016-06-23 14:20:45'),(280,108,2,1,'Item was attached to WDU500010002 at arrival.','2016-06-23 14:20:45','2016-06-23 14:20:45'),(281,109,1,1,'Item was created simultaneously with WDU500010002.','2016-06-23 14:20:45','2016-06-23 14:20:45'),(282,109,2,1,'Item was attached to WDU500010002 at arrival.','2016-06-23 14:20:45','2016-06-23 14:20:45'),(283,110,1,1,'Item was created simultaneously with WDU500010002.','2016-06-23 14:20:45','2016-06-23 14:20:45'),(284,110,2,1,'Item was attached to WDU500010002 at arrival.','2016-06-23 14:20:45','2016-06-23 14:20:45'),(285,111,1,1,'Item was created simultaneously with WDU500010002.','2016-06-23 14:20:45','2016-06-23 14:20:45'),(286,111,2,1,'Item was attached to WDU500010002 at arrival.','2016-06-23 14:20:45','2016-06-23 14:20:45'),(287,112,1,1,'Item was created simultaneously with WDU500010002.','2016-06-23 14:20:45','2016-06-23 14:20:45'),(288,112,2,1,'Item was attached to WDU500010002 at arrival.','2016-06-23 14:20:45','2016-06-23 14:20:45'),(289,113,1,1,'Item was created simultaneously with WDU500010002.','2016-06-23 14:20:45','2016-06-23 14:20:45'),(290,113,2,1,'Item was attached to WDU500010002 at arrival.','2016-06-23 14:20:45','2016-06-23 14:20:45'),(291,114,1,1,'Item was created simultaneously with WDU500010002.','2016-06-23 14:20:45','2016-06-23 14:20:45'),(292,114,2,1,'Item was attached to WDU500010002 at arrival.','2016-06-23 14:20:45','2016-06-23 14:20:45'),(293,115,1,1,'Item was created simultaneously with WDU500010002.','2016-06-23 14:20:45','2016-06-23 14:20:45'),(294,115,2,1,'Item was attached to WDU500010002 at arrival.','2016-06-23 14:20:45','2016-06-23 14:20:45'),(295,116,1,1,'Item was created simultaneously with WDU500010002.','2016-06-23 14:20:45','2016-06-23 14:20:45'),(296,116,2,1,'Item was attached to WDU500010002 at arrival.','2016-06-23 14:20:45','2016-06-23 14:20:45'),(297,117,1,1,'Item was created simultaneously with WDU500010002.','2016-06-23 14:20:45','2016-06-23 14:20:45'),(298,117,2,1,'Item was attached to WDU500010002 at arrival.','2016-06-23 14:20:45','2016-06-23 14:20:45'),(299,118,1,1,'Item was created simultaneously with WDU500010002.','2016-06-23 14:20:45','2016-06-23 14:20:45'),(300,118,2,1,'Item was attached to WDU500010002 at arrival.','2016-06-23 14:20:45','2016-06-23 14:20:45'),(301,119,1,1,'Item was created simultaneously with WDU500010002.','2016-06-23 14:20:45','2016-06-23 14:20:45'),(302,119,2,1,'Item was attached to WDU500010002 at arrival.','2016-06-23 14:20:45','2016-06-23 14:20:45'),(303,120,1,1,'Item was created simultaneously with WDU500010002.','2016-06-23 14:20:45','2016-06-23 14:20:45'),(304,120,2,1,'Item was attached to WDU500010002 at arrival.','2016-06-23 14:20:45','2016-06-23 14:20:45'),(305,121,1,1,'Item was created simultaneously with WDU500010002.','2016-06-23 14:20:45','2016-06-23 14:20:45'),(306,121,2,1,'Item was attached to WDU500010002 at arrival.','2016-06-23 14:20:45','2016-06-23 14:20:45'),(307,122,1,1,'Item was created simultaneously with WDU500010002.','2016-06-23 14:20:45','2016-06-23 14:20:45'),(308,122,2,1,'Item was attached to WDU500010002 at arrival.','2016-06-23 14:20:45','2016-06-23 14:20:45'),(309,123,1,1,'Item was created simultaneously with WDU500010002.','2016-06-23 14:20:45','2016-06-23 14:20:45'),(310,123,2,1,'Item was attached to WDU500010002 at arrival.','2016-06-23 14:20:45','2016-06-23 14:20:45'),(311,124,1,1,'Item was created simultaneously with WDU500010002.','2016-06-23 14:20:46','2016-06-23 14:20:46'),(312,124,2,1,'Item was attached to WDU500010002 at arrival.','2016-06-23 14:20:46','2016-06-23 14:20:46'),(313,125,1,1,'Item was created simultaneously with WDU500010002.','2016-06-23 14:20:46','2016-06-23 14:20:46'),(314,125,2,1,'Item was attached to WDU500010002 at arrival.','2016-06-23 14:20:46','2016-06-23 14:20:46'),(315,126,1,1,'Item was created simultaneously with WDU500010002.','2016-06-23 14:20:46','2016-06-23 14:20:46'),(316,126,2,1,'Item was attached to WDU500010002 at arrival.','2016-06-23 14:20:46','2016-06-23 14:20:46'),(317,127,1,1,'Item was created simultaneously with WDU500010002.','2016-06-23 14:20:46','2016-06-23 14:20:46'),(318,127,2,1,'Item was attached to WDU500010002 at arrival.','2016-06-23 14:20:46','2016-06-23 14:20:46'),(319,128,1,1,'Item was created simultaneously with WDU500010002.','2016-06-23 14:20:46','2016-06-23 14:20:46'),(320,128,2,1,'Item was attached to WDU500010002 at arrival.','2016-06-23 14:20:46','2016-06-23 14:20:46'),(321,129,1,1,'Item was created simultaneously with WDU500010002.','2016-06-23 14:20:46','2016-06-23 14:20:46'),(322,129,2,1,'Item was attached to WDU500010002 at arrival.','2016-06-23 14:20:46','2016-06-23 14:20:46'),(323,130,1,1,'Item was created simultaneously with WDU500010002.','2016-06-23 14:20:46','2016-06-23 14:20:46'),(324,130,2,1,'Item was attached to WDU500010002 at arrival.','2016-06-23 14:20:46','2016-06-23 14:20:46'),(325,131,1,1,'Item was created simultaneously with WDU500010002.','2016-06-23 14:20:46','2016-06-23 14:20:46'),(326,131,2,1,'Item was attached to WDU500010002 at arrival.','2016-06-23 14:20:46','2016-06-23 14:20:46'),(327,132,1,1,'Item was created simultaneously with WDU500010002.','2016-06-23 14:20:46','2016-06-23 14:20:46'),(328,132,2,1,'Item was attached to WDU500010002 at arrival.','2016-06-23 14:20:46','2016-06-23 14:20:46'),(329,133,1,1,'Item was created simultaneously with WDU500010002.','2016-06-23 14:20:46','2016-06-23 14:20:46'),(330,133,2,1,'Item was attached to WDU500010002 at arrival.','2016-06-23 14:20:46','2016-06-23 14:20:46'),(331,134,1,1,'Item was created simultaneously with WDU500010002.','2016-06-23 14:20:46','2016-06-23 14:20:46'),(332,134,2,1,'Item was attached to WDU500010002 at arrival.','2016-06-23 14:20:46','2016-06-23 14:20:46'),(333,135,1,1,'Item was created simultaneously with WDU500010002.','2016-06-23 14:20:46','2016-06-23 14:20:46'),(334,135,2,1,'Item was attached to WDU500010002 at arrival.','2016-06-23 14:20:46','2016-06-23 14:20:46'),(335,136,1,1,'Item was created simultaneously with WDU500010002.','2016-06-23 14:20:46','2016-06-23 14:20:46'),(336,136,2,1,'Item was attached to WDU500010002 at arrival.','2016-06-23 14:20:46','2016-06-23 14:20:46'),(337,137,1,1,'Item was created simultaneously with WDU500010002.','2016-06-23 14:20:46','2016-06-23 14:20:46'),(338,137,2,1,'Item was attached to WDU500010002 at arrival.','2016-06-23 14:20:46','2016-06-23 14:20:46'),(339,138,1,1,'Item was created simultaneously with WDU500010002.','2016-06-23 14:20:46','2016-06-23 14:20:46'),(340,138,2,1,'Item was attached to WDU500010002 at arrival.','2016-06-23 14:20:46','2016-06-23 14:20:46'),(341,139,1,1,'Item was created simultaneously with WDU500010002.','2016-06-23 14:20:46','2016-06-23 14:20:46'),(342,139,2,1,'Item was attached to WDU500010002 at arrival.','2016-06-23 14:20:46','2016-06-23 14:20:46'),(343,140,1,1,'Item was created simultaneously with WDU500010002.','2016-06-23 14:20:46','2016-06-23 14:20:46'),(344,140,2,1,'Item was attached to WDU500010002 at arrival.','2016-06-23 14:20:46','2016-06-23 14:20:46'),(345,141,1,1,'Item was created simultaneously with WDU500010002.','2016-06-23 14:20:46','2016-06-23 14:20:46'),(346,141,2,1,'Item was attached to WDU500010002 at arrival.','2016-06-23 14:20:46','2016-06-23 14:20:46'),(347,142,1,1,'Item was created simultaneously with WDU500010002.','2016-06-23 14:20:46','2016-06-23 14:20:46'),(348,142,2,1,'Item was attached to WDU500010002 at arrival.','2016-06-23 14:20:46','2016-06-23 14:20:46'),(349,143,1,1,'Item was created simultaneously with WDU500010002.','2016-06-23 14:20:46','2016-06-23 14:20:46'),(350,143,2,1,'Item was attached to WDU500010002 at arrival.','2016-06-23 14:20:46','2016-06-23 14:20:46'),(351,144,1,1,'Item was created simultaneously with WDU500010002.','2016-06-23 14:20:46','2016-06-23 14:20:46'),(352,144,2,1,'Item was attached to WDU500010002 at arrival.','2016-06-23 14:20:46','2016-06-23 14:20:46'),(353,145,1,1,'Item was created simultaneously with WDU500010002.','2016-06-23 14:20:46','2016-06-23 14:20:46'),(354,145,2,1,'Item was attached to WDU500010002 at arrival.','2016-06-23 14:20:46','2016-06-23 14:20:46'),(355,146,1,1,'Item was created simultaneously with WDU500010002.','2016-06-23 14:20:46','2016-06-23 14:20:46'),(356,146,2,1,'Item was attached to WDU500010002 at arrival.','2016-06-23 14:20:46','2016-06-23 14:20:46'),(357,147,1,1,'Item was created simultaneously with WDU500010002.','2016-06-23 14:20:46','2016-06-23 14:20:46'),(358,147,2,1,'Item was attached to WDU500010002 at arrival.','2016-06-23 14:20:46','2016-06-23 14:20:46'),(359,148,1,1,'Item was created simultaneously with WDU500010002.','2016-06-23 14:20:46','2016-06-23 14:20:46'),(360,148,2,1,'Item was attached to WDU500010002 at arrival.','2016-06-23 14:20:46','2016-06-23 14:20:46'),(361,149,1,1,'Item was created simultaneously with WDU500010002.','2016-06-23 14:20:46','2016-06-23 14:20:46'),(362,149,2,1,'Item was attached to WDU500010002 at arrival.','2016-06-23 14:20:46','2016-06-23 14:20:46'),(363,150,1,1,'Item was created simultaneously with WDU500010002.','2016-06-23 14:20:46','2016-06-23 14:20:46'),(364,150,2,1,'Item was attached to WDU500010002 at arrival.','2016-06-23 14:20:46','2016-06-23 14:20:46'),(365,151,1,1,'Item was created simultaneously with WDU500010002.','2016-06-23 14:20:46','2016-06-23 14:20:46'),(366,151,2,1,'Item was attached to WDU500010002 at arrival.','2016-06-23 14:20:46','2016-06-23 14:20:46'),(367,152,1,1,'Item was created simultaneously with WDU500010002.','2016-06-23 14:20:47','2016-06-23 14:20:46'),(368,152,2,1,'Item was attached to WDU500010002 at arrival.','2016-06-23 14:20:47','2016-06-23 14:20:47'),(369,153,1,1,'Item was created simultaneously with WDU500010002.','2016-06-23 14:20:47','2016-06-23 14:20:47'),(370,153,2,1,'Item was attached to WDU500010002 at arrival.','2016-06-23 14:20:47','2016-06-23 14:20:47'),(371,154,1,1,'Item was created simultaneously with WDU500010002.','2016-06-23 14:20:47','2016-06-23 14:20:47'),(372,154,2,1,'Item was attached to WDU500010002 at arrival.','2016-06-23 14:20:47','2016-06-23 14:20:47'),(373,155,1,1,'Item was created simultaneously with WDU500010002.','2016-06-23 14:20:47','2016-06-23 14:20:47'),(374,155,2,1,'Item was attached to WDU500010002 at arrival.','2016-06-23 14:20:47','2016-06-23 14:20:47'),(375,156,1,1,'Item was created simultaneously with WDU500010002.','2016-06-23 14:20:47','2016-06-23 14:20:47'),(376,156,2,1,'Item was attached to WDU500010002 at arrival.','2016-06-23 14:20:47','2016-06-23 14:20:47'),(377,157,1,1,'Item was created simultaneously with WDU500010002.','2016-06-23 14:20:47','2016-06-23 14:20:47'),(378,157,2,1,'Item was attached to WDU500010002 at arrival.','2016-06-23 14:20:47','2016-06-23 14:20:47'),(379,158,1,1,'Item was created simultaneously with WDU500010002.','2016-06-23 14:20:47','2016-06-23 14:20:47'),(380,158,2,1,'Item was attached to WDU500010002 at arrival.','2016-06-23 14:20:47','2016-06-23 14:20:47'),(381,159,1,1,'Item was created simultaneously with WDU500010002.','2016-06-23 14:20:47','2016-06-23 14:20:47'),(382,159,2,1,'Item was attached to WDU500010002 at arrival.','2016-06-23 14:20:47','2016-06-23 14:20:47'),(383,160,1,1,'Item was created simultaneously with WDU500010002.','2016-06-23 14:20:47','2016-06-23 14:20:47'),(384,160,2,1,'Item was attached to WDU500010002 at arrival.','2016-06-23 14:20:47','2016-06-23 14:20:47'),(385,161,1,1,'Item was created simultaneously with WDU500010002.','2016-06-23 14:20:47','2016-06-23 14:20:47'),(386,161,2,1,'Item was attached to WDU500010002 at arrival.','2016-06-23 14:20:47','2016-06-23 14:20:47'),(387,162,1,1,'Item was created simultaneously with WDU500010002.','2016-06-23 14:20:47','2016-06-23 14:20:47'),(388,162,2,1,'Item was attached to WDU500010002 at arrival.','2016-06-23 14:20:47','2016-06-23 14:20:47'),(389,163,1,1,'Item was created simultaneously with WDU500010002.','2016-06-23 14:20:47','2016-06-23 14:20:47'),(390,163,2,1,'Item was attached to WDU500010002 at arrival.','2016-06-23 14:20:47','2016-06-23 14:20:47'),(391,164,1,1,'Item was created simultaneously with WDU500010002.','2016-06-23 14:20:47','2016-06-23 14:20:47'),(392,164,2,1,'Item was attached to WDU500010002 at arrival.','2016-06-23 14:20:47','2016-06-23 14:20:47'),(393,165,1,1,'Item was created simultaneously with WDU500010002.','2016-06-23 14:20:47','2016-06-23 14:20:47'),(394,165,2,1,'Item was attached to WDU500010002 at arrival.','2016-06-23 14:20:47','2016-06-23 14:20:47'),(395,166,1,1,'Item was created simultaneously with WDU500010002.','2016-06-23 14:20:47','2016-06-23 14:20:47'),(396,166,2,1,'Item was attached to WDU500010002 at arrival.','2016-06-23 14:20:47','2016-06-23 14:20:47'),(397,167,1,1,'Item was created simultaneously with WDU500010002.','2016-06-23 14:20:47','2016-06-23 14:20:47'),(398,167,2,1,'Item was attached to WDU500010002 at arrival.','2016-06-23 14:20:47','2016-06-23 14:20:47'),(399,168,1,1,'Item was created simultaneously with WDU500010002.','2016-06-23 14:20:47','2016-06-23 14:20:47'),(400,168,2,1,'Item was attached to WDU500010002 at arrival.','2016-06-23 14:20:47','2016-06-23 14:20:47'),(401,169,1,1,'Item was created simultaneously with WDU500010002.','2016-06-23 14:20:47','2016-06-23 14:20:47'),(402,169,2,1,'Item was attached to WDU500010002 at arrival.','2016-06-23 14:20:47','2016-06-23 14:20:47'),(403,170,1,1,'Item was created simultaneously with WDU500010002.','2016-06-23 14:20:47','2016-06-23 14:20:47'),(404,170,2,1,'Item was attached to WDU500010002 at arrival.','2016-06-23 14:20:47','2016-06-23 14:20:47'),(405,171,1,1,'Item was created simultaneously with WDU500010002.','2016-06-23 14:20:47','2016-06-23 14:20:47'),(406,171,2,1,'Item was attached to WDU500010002 at arrival.','2016-06-23 14:20:47','2016-06-23 14:20:47'),(407,172,1,1,'Item was created simultaneously with WDU500010002.','2016-06-23 14:20:47','2016-06-23 14:20:47'),(408,172,2,1,'Item was attached to WDU500010002 at arrival.','2016-06-23 14:20:47','2016-06-23 14:20:47'),(409,173,1,1,'Item was created simultaneously with WDU500010002.','2016-06-23 14:20:47','2016-06-23 14:20:47'),(410,173,2,1,'Item was attached to WDU500010002 at arrival.','2016-06-23 14:20:47','2016-06-23 14:20:47'),(411,174,1,1,'Item was created simultaneously with WDU500010002.','2016-06-23 14:20:47','2016-06-23 14:20:47'),(412,174,2,1,'Item was attached to WDU500010002 at arrival.','2016-06-23 14:20:47','2016-06-23 14:20:47'),(413,175,1,1,'Item was created simultaneously with WDU500010002.','2016-06-23 14:20:47','2016-06-23 14:20:47'),(414,175,2,1,'Item was attached to WDU500010002 at arrival.','2016-06-23 14:20:47','2016-06-23 14:20:47'),(415,176,1,1,'Item was created simultaneously with WDU500010002.','2016-06-23 14:20:47','2016-06-23 14:20:47'),(416,176,2,1,'Item was attached to WDU500010002 at arrival.','2016-06-23 14:20:47','2016-06-23 14:20:47'),(417,177,1,1,'Item was created simultaneously with WDU500010002.','2016-06-23 14:20:47','2016-06-23 14:20:47'),(418,177,2,1,'Item was attached to WDU500010002 at arrival.','2016-06-23 14:20:47','2016-06-23 14:20:47'),(419,178,1,1,'Item was created simultaneously with WDU500010002.','2016-06-23 14:20:47','2016-06-23 14:20:47'),(420,178,2,1,'Item was attached to WDU500010002 at arrival.','2016-06-23 14:20:47','2016-06-23 14:20:47'),(421,179,1,1,'Item was created simultaneously with WDU500010002.','2016-06-23 14:20:47','2016-06-23 14:20:47'),(422,179,2,1,'Item was attached to WDU500010002 at arrival.','2016-06-23 14:20:47','2016-06-23 14:20:47'),(423,180,1,1,'Item was created simultaneously with WDU500010002.','2016-06-23 14:20:47','2016-06-23 14:20:47'),(424,180,2,1,'Item was attached to WDU500010002 at arrival.','2016-06-23 14:20:47','2016-06-23 14:20:47'),(425,181,1,1,'Item was created simultaneously with WDU500010002.','2016-06-23 14:20:48','2016-06-23 14:20:48'),(426,181,2,1,'Item was attached to WDU500010002 at arrival.','2016-06-23 14:20:48','2016-06-23 14:20:48'),(427,182,1,1,'Item was created simultaneously with WDU500010002.','2016-06-23 14:20:48','2016-06-23 14:20:48'),(428,182,2,1,'Item was attached to WDU500010002 at arrival.','2016-06-23 14:20:48','2016-06-23 14:20:48'),(429,183,1,1,'Item was created simultaneously with WDU500010002.','2016-06-23 14:20:48','2016-06-23 14:20:48'),(430,183,2,1,'Item was attached to WDU500010002 at arrival.','2016-06-23 14:20:48','2016-06-23 14:20:48'),(431,184,1,1,'Item was created simultaneously with WDU500010002.','2016-06-23 14:20:48','2016-06-23 14:20:48'),(432,184,2,1,'Item was attached to WDU500010002 at arrival.','2016-06-23 14:20:48','2016-06-23 14:20:48'),(433,185,1,1,'Item was created simultaneously with WDU500010002.','2016-06-23 14:20:48','2016-06-23 14:20:48'),(434,185,2,1,'Item was attached to WDU500010002 at arrival.','2016-06-23 14:20:48','2016-06-23 14:20:48'),(435,186,1,1,'Item was created simultaneously with WDU500010002.','2016-06-23 14:20:48','2016-06-23 14:20:48'),(436,186,2,1,'Item was attached to WDU500010002 at arrival.','2016-06-23 14:20:48','2016-06-23 14:20:48'),(437,187,1,1,'Item was created simultaneously with WDU500010002.','2016-06-23 14:20:48','2016-06-23 14:20:48'),(438,187,2,1,'Item was attached to WDU500010002 at arrival.','2016-06-23 14:20:48','2016-06-23 14:20:48'),(439,188,1,1,'Item was created simultaneously with WDU500010002.','2016-06-23 14:20:48','2016-06-23 14:20:48'),(440,188,2,1,'Item was attached to WDU500010002 at arrival.','2016-06-23 14:20:48','2016-06-23 14:20:48'),(441,189,1,1,'Item was created simultaneously with WDU500010002.','2016-06-23 14:20:48','2016-06-23 14:20:48'),(442,189,2,1,'Item was attached to WDU500010002 at arrival.','2016-06-23 14:20:48','2016-06-23 14:20:48'),(443,190,1,1,'Item was created simultaneously with WDU500010002.','2016-06-23 14:20:48','2016-06-23 14:20:48'),(444,190,2,1,'Item was attached to WDU500010002 at arrival.','2016-06-23 14:20:48','2016-06-23 14:20:48'),(445,191,1,1,'Item was created simultaneously with WDU500010002.','2016-06-23 14:20:48','2016-06-23 14:20:48'),(446,191,2,1,'Item was attached to WDU500010002 at arrival.','2016-06-23 14:20:48','2016-06-23 14:20:48'),(447,192,1,1,'Item was created simultaneously with WDU500010002.','2016-06-23 14:20:48','2016-06-23 14:20:48'),(448,192,2,1,'Item was attached to WDU500010002 at arrival.','2016-06-23 14:20:48','2016-06-23 14:20:48'),(449,193,1,1,'Item was created simultaneously with WDU500010002.','2016-06-23 14:20:48','2016-06-23 14:20:48'),(450,193,2,1,'Item was attached to WDU500010002 at arrival.','2016-06-23 14:20:48','2016-06-23 14:20:48'),(451,194,1,1,'Item was created simultaneously with WDU500010002.','2016-06-23 14:20:48','2016-06-23 14:20:48'),(452,194,2,1,'Item was attached to WDU500010002 at arrival.','2016-06-23 14:20:48','2016-06-23 14:20:48'),(453,195,1,1,'Item was created simultaneously with WDU500010002.','2016-06-23 14:20:48','2016-06-23 14:20:48'),(454,195,2,1,'Item was attached to WDU500010002 at arrival.','2016-06-23 14:20:48','2016-06-23 14:20:48'),(455,196,1,1,'Item was created simultaneously with WDU500010002.','2016-06-23 14:20:48','2016-06-23 14:20:48'),(456,196,2,1,'Item was attached to WDU500010002 at arrival.','2016-06-23 14:20:48','2016-06-23 14:20:48'),(457,197,1,1,'Item was created simultaneously with WDU500010002.','2016-06-23 14:20:48','2016-06-23 14:20:48'),(458,197,2,1,'Item was attached to WDU500010002 at arrival.','2016-06-23 14:20:48','2016-06-23 14:20:48'),(459,198,1,1,'Item was created simultaneously with WDU500010002.','2016-06-23 14:20:48','2016-06-23 14:20:48'),(460,198,2,1,'Item was attached to WDU500010002 at arrival.','2016-06-23 14:20:48','2016-06-23 14:20:48'),(461,199,1,1,'Item was created simultaneously with WDU500010002.','2016-06-23 14:20:48','2016-06-23 14:20:48'),(462,199,2,1,'Item was attached to WDU500010002 at arrival.','2016-06-23 14:20:48','2016-06-23 14:20:48'),(463,200,1,1,'Item was created simultaneously with WDU500010002.','2016-06-23 14:20:48','2016-06-23 14:20:48'),(464,200,2,1,'Item was attached to WDU500010002 at arrival.','2016-06-23 14:20:48','2016-06-23 14:20:48'),(465,201,1,1,'Item was created simultaneously with WDU500010002.','2016-06-23 14:20:48','2016-06-23 14:20:48'),(466,201,2,1,'Item was attached to WDU500010002 at arrival.','2016-06-23 14:20:48','2016-06-23 14:20:48'),(467,202,1,1,'Item was created simultaneously with WDU500010002.','2016-06-23 14:20:48','2016-06-23 14:20:48'),(468,202,2,1,'Item was attached to WDU500010002 at arrival.','2016-06-23 14:20:48','2016-06-23 14:20:48'),(469,203,1,1,'Item was created simultaneously with WDU500010002.','2016-06-23 14:20:48','2016-06-23 14:20:48'),(470,203,2,1,'Item was attached to WDU500010002 at arrival.','2016-06-23 14:20:48','2016-06-23 14:20:48'),(471,204,1,1,'Item was created simultaneously with WDU500010002.','2016-06-23 14:20:48','2016-06-23 14:20:48'),(472,204,2,1,'Item was attached to WDU500010002 at arrival.','2016-06-23 14:20:48','2016-06-23 14:20:48'),(473,205,1,1,'Item was created simultaneously with WDU500010002.','2016-06-23 14:20:48','2016-06-23 14:20:48'),(474,205,2,1,'Item was attached to WDU500010002 at arrival.','2016-06-23 14:20:48','2016-06-23 14:20:48'),(475,206,1,1,'Item was created simultaneously with WDU500010002.','2016-06-23 14:20:48','2016-06-23 14:20:48'),(476,206,2,1,'Item was attached to WDU500010002 at arrival.','2016-06-23 14:20:48','2016-06-23 14:20:48'),(477,207,1,1,'Item was created simultaneously with WDU500010002.','2016-06-23 14:20:48','2016-06-23 14:20:48'),(478,207,2,1,'Item was attached to WDU500010002 at arrival.','2016-06-23 14:20:48','2016-06-23 14:20:48'),(479,208,1,1,'Item was created simultaneously with WDU500010002.','2016-06-23 14:20:49','2016-06-23 14:20:49'),(480,208,2,1,'Item was attached to WDU500010002 at arrival.','2016-06-23 14:20:49','2016-06-23 14:20:49'),(481,209,1,1,'Item was created simultaneously with WDU500010002.','2016-06-23 14:20:49','2016-06-23 14:20:49'),(482,209,2,1,'Item was attached to WDU500010002 at arrival.','2016-06-23 14:20:49','2016-06-23 14:20:49'),(483,210,1,1,'Item was created simultaneously with WDU500010002.','2016-06-23 14:20:49','2016-06-23 14:20:49'),(484,210,2,1,'Item was attached to WDU500010002 at arrival.','2016-06-23 14:20:49','2016-06-23 14:20:49'),(485,211,1,1,'Item was created simultaneously with WDU500010002.','2016-06-23 14:20:49','2016-06-23 14:20:49'),(486,211,2,1,'Item was attached to WDU500010002 at arrival.','2016-06-23 14:20:49','2016-06-23 14:20:49'),(487,212,1,1,'Item was created simultaneously with WDU500010002.','2016-06-23 14:20:49','2016-06-23 14:20:49'),(488,212,2,1,'Item was attached to WDU500010002 at arrival.','2016-06-23 14:20:49','2016-06-23 14:20:49'),(489,213,1,1,'Item was created simultaneously with WDU500010002.','2016-06-23 14:20:49','2016-06-23 14:20:49'),(490,213,2,1,'Item was attached to WDU500010002 at arrival.','2016-06-23 14:20:49','2016-06-23 14:20:49'),(491,214,1,1,'Item was created simultaneously with WDU500010002.','2016-06-23 14:20:49','2016-06-23 14:20:49'),(492,214,2,1,'Item was attached to WDU500010002 at arrival.','2016-06-23 14:20:49','2016-06-23 14:20:49'),(493,215,1,1,'Item was created simultaneously with WDU500010002.','2016-06-23 14:20:49','2016-06-23 14:20:49'),(494,215,2,1,'Item was attached to WDU500010002 at arrival.','2016-06-23 14:20:49','2016-06-23 14:20:49'),(495,216,1,1,'Item was created simultaneously with WDU500010002.','2016-06-23 14:20:49','2016-06-23 14:20:49'),(496,216,2,1,'Item was attached to WDU500010002 at arrival.','2016-06-23 14:20:49','2016-06-23 14:20:49'),(497,217,1,1,'Item was created simultaneously with WDU500010002.','2016-06-23 14:20:49','2016-06-23 14:20:49'),(498,217,2,1,'Item was attached to WDU500010002 at arrival.','2016-06-23 14:20:49','2016-06-23 14:20:49'),(499,218,1,1,'Item was created simultaneously with WDU500010002.','2016-06-23 14:20:49','2016-06-23 14:20:49'),(500,218,2,1,'Item was attached to WDU500010002 at arrival.','2016-06-23 14:20:49','2016-06-23 14:20:49'),(501,219,1,1,'Item was created simultaneously with WDU500010002.','2016-06-23 14:20:49','2016-06-23 14:20:49'),(502,219,2,1,'Item was attached to WDU500010002 at arrival.','2016-06-23 14:20:49','2016-06-23 14:20:49'),(503,220,1,1,'Item was created simultaneously with WDU500010002.','2016-06-23 14:20:49','2016-06-23 14:20:49'),(504,220,2,1,'Item was attached to WDU500010002 at arrival.','2016-06-23 14:20:49','2016-06-23 14:20:49'),(505,221,1,1,'Item was created simultaneously with WDU500010002.','2016-06-23 14:20:49','2016-06-23 14:20:49'),(506,221,2,1,'Item was attached to WDU500010002 at arrival.','2016-06-23 14:20:49','2016-06-23 14:20:49'),(507,222,1,1,'Item was created simultaneously with WDU500010002.','2016-06-23 14:20:49','2016-06-23 14:20:49'),(508,222,2,1,'Item was attached to WDU500010002 at arrival.','2016-06-23 14:20:49','2016-06-23 14:20:49'),(509,223,1,1,'Item was created simultaneously with WDU500010002.','2016-06-23 14:20:49','2016-06-23 14:20:49'),(510,223,2,1,'Item was attached to WDU500010002 at arrival.','2016-06-23 14:20:49','2016-06-23 14:20:49'),(511,224,1,1,'Item was created simultaneously with WDU500010002.','2016-06-23 14:20:49','2016-06-23 14:20:49'),(512,224,2,1,'Item was attached to WDU500010002 at arrival.','2016-06-23 14:20:49','2016-06-23 14:20:49'),(513,225,1,1,'Item was created simultaneously with WDU500010002.','2016-06-23 14:20:49','2016-06-23 14:20:49'),(514,225,2,1,'Item was attached to WDU500010002 at arrival.','2016-06-23 14:20:49','2016-06-23 14:20:49'),(515,226,1,1,'Item was created simultaneously with WDU500010002.','2016-06-23 14:20:49','2016-06-23 14:20:49'),(516,226,2,1,'Item was attached to WDU500010002 at arrival.','2016-06-23 14:20:49','2016-06-23 14:20:49'),(517,227,1,1,'Item was created simultaneously with WDU500010002.','2016-06-23 14:20:49','2016-06-23 14:20:49'),(518,227,2,1,'Item was attached to WDU500010002 at arrival.','2016-06-23 14:20:49','2016-06-23 14:20:49'),(519,228,1,1,'Item was created simultaneously with WDU500010002.','2016-06-23 14:20:49','2016-06-23 14:20:49'),(520,228,2,1,'Item was attached to WDU500010002 at arrival.','2016-06-23 14:20:49','2016-06-23 14:20:49'),(521,229,1,1,'Item was created simultaneously with WDU500010002.','2016-06-23 14:20:49','2016-06-23 14:20:49'),(522,229,2,1,'Item was attached to WDU500010002 at arrival.','2016-06-23 14:20:49','2016-06-23 14:20:49'),(523,230,1,1,'Item was created simultaneously with WDU500010002.','2016-06-23 14:20:49','2016-06-23 14:20:49'),(524,230,2,1,'Item was attached to WDU500010002 at arrival.','2016-06-23 14:20:49','2016-06-23 14:20:49'),(525,231,1,1,'Item was created simultaneously with WDU500010002.','2016-06-23 14:20:49','2016-06-23 14:20:49'),(526,231,2,1,'Item was attached to WDU500010002 at arrival.','2016-06-23 14:20:49','2016-06-23 14:20:49'),(527,232,1,1,'Item was created simultaneously with WDU500010002.','2016-06-23 14:20:49','2016-06-23 14:20:49'),(528,232,2,1,'Item was attached to WDU500010002 at arrival.','2016-06-23 14:20:49','2016-06-23 14:20:49'),(529,233,1,1,'Item was created simultaneously with WDU500010002.','2016-06-23 14:20:49','2016-06-23 14:20:49'),(530,233,2,1,'Item was attached to WDU500010002 at arrival.','2016-06-23 14:20:50','2016-06-23 14:20:50'),(531,234,1,1,'Item was created simultaneously with WDU500010002.','2016-06-23 14:20:50','2016-06-23 14:20:50'),(532,234,2,1,'Item was attached to WDU500010002 at arrival.','2016-06-23 14:20:50','2016-06-23 14:20:50'),(533,235,1,1,'Item was created simultaneously with WDU500010002.','2016-06-23 14:20:50','2016-06-23 14:20:50'),(534,235,2,1,'Item was attached to WDU500010002 at arrival.','2016-06-23 14:20:50','2016-06-23 14:20:50'),(535,236,1,1,'Item was created simultaneously with WDU500010002.','2016-06-23 14:20:50','2016-06-23 14:20:50'),(536,236,2,1,'Item was attached to WDU500010002 at arrival.','2016-06-23 14:20:50','2016-06-23 14:20:50'),(537,237,1,1,'Item was created simultaneously with WDU500010002.','2016-06-23 14:20:50','2016-06-23 14:20:50'),(538,237,2,1,'Item was attached to WDU500010002 at arrival.','2016-06-23 14:20:50','2016-06-23 14:20:50'),(539,238,1,1,'Item was created simultaneously with WDU500010002.','2016-06-23 14:20:50','2016-06-23 14:20:50'),(540,238,2,1,'Item was attached to WDU500010002 at arrival.','2016-06-23 14:20:50','2016-06-23 14:20:50'),(541,239,1,1,'Item was created simultaneously with WDU500010002.','2016-06-23 14:20:50','2016-06-23 14:20:50'),(542,239,2,1,'Item was attached to WDU500010002 at arrival.','2016-06-23 14:20:50','2016-06-23 14:20:50'),(543,240,1,1,'Item was created simultaneously with WDU500010002.','2016-06-23 14:20:50','2016-06-23 14:20:50'),(544,240,2,1,'Item was attached to WDU500010002 at arrival.','2016-06-23 14:20:50','2016-06-23 14:20:50'),(545,241,1,1,'Item was created simultaneously with WDU500010002.','2016-06-23 14:20:50','2016-06-23 14:20:50'),(546,241,2,1,'Item was attached to WDU500010002 at arrival.','2016-06-23 14:20:50','2016-06-23 14:20:50'),(547,242,1,1,'Item was created simultaneously with WDU500010002.','2016-06-23 14:20:50','2016-06-23 14:20:50'),(548,242,2,1,'Item was attached to WDU500010002 at arrival.','2016-06-23 14:20:50','2016-06-23 14:20:50'),(549,243,1,1,'Item was created simultaneously with WDU500010002.','2016-06-23 14:20:50','2016-06-23 14:20:50'),(550,243,2,1,'Item was attached to WDU500010002 at arrival.','2016-06-23 14:20:50','2016-06-23 14:20:50'),(551,244,1,1,'Item was created simultaneously with WDU500010002.','2016-06-23 14:20:50','2016-06-23 14:20:50'),(552,244,2,1,'Item was attached to WDU500010002 at arrival.','2016-06-23 14:20:50','2016-06-23 14:20:50'),(553,245,1,1,'Item was created simultaneously with WDU500010002.','2016-06-23 14:20:50','2016-06-23 14:20:50'),(554,245,2,1,'Item was attached to WDU500010002 at arrival.','2016-06-23 14:20:50','2016-06-23 14:20:50'),(555,246,1,1,'Item was created simultaneously with WDU500010002.','2016-06-23 14:20:50','2016-06-23 14:20:50'),(556,246,2,1,'Item was attached to WDU500010002 at arrival.','2016-06-23 14:20:50','2016-06-23 14:20:50'),(557,247,1,1,'Item was created simultaneously with WDU500010002.','2016-06-23 14:20:50','2016-06-23 14:20:50'),(558,247,2,1,'Item was attached to WDU500010002 at arrival.','2016-06-23 14:20:50','2016-06-23 14:20:50'),(559,248,1,1,'Item was created simultaneously with WDU500010002.','2016-06-23 14:20:50','2016-06-23 14:20:50'),(560,248,2,1,'Item was attached to WDU500010002 at arrival.','2016-06-23 14:20:50','2016-06-23 14:20:50'),(561,249,1,1,'Item was created simultaneously with WDU500010002.','2016-06-23 14:20:50','2016-06-23 14:20:50'),(562,249,2,1,'Item was attached to WDU500010002 at arrival.','2016-06-23 14:20:50','2016-06-23 14:20:50'),(563,250,1,1,'Item was created simultaneously with WDU500010002.','2016-06-23 14:20:50','2016-06-23 14:20:50'),(564,250,2,1,'Item was attached to WDU500010002 at arrival.','2016-06-23 14:20:50','2016-06-23 14:20:50'),(565,251,1,1,'Item was created simultaneously with WDU500010002.','2016-06-23 14:20:50','2016-06-23 14:20:50'),(566,251,2,1,'Item was attached to WDU500010002 at arrival.','2016-06-23 14:20:50','2016-06-23 14:20:50'),(567,252,1,1,'Item was created simultaneously with WDU500010002.','2016-06-23 14:20:50','2016-06-23 14:20:50'),(568,252,2,1,'Item was attached to WDU500010002 at arrival.','2016-06-23 14:20:50','2016-06-23 14:20:50'),(569,253,1,1,'Item was created simultaneously with WDU500010002.','2016-06-23 14:20:50','2016-06-23 14:20:50'),(570,253,2,1,'Item was attached to WDU500010002 at arrival.','2016-06-23 14:20:50','2016-06-23 14:20:50'),(571,254,1,1,'Item was created simultaneously with WDU500010002.','2016-06-23 14:20:50','2016-06-23 14:20:50'),(572,254,2,1,'Item was attached to WDU500010002 at arrival.','2016-06-23 14:20:50','2016-06-23 14:20:50'),(573,255,1,1,'Item was created simultaneously with WDU500010002.','2016-06-23 14:20:50','2016-06-23 14:20:50'),(574,255,2,1,'Item was attached to WDU500010002 at arrival.','2016-06-23 14:20:50','2016-06-23 14:20:50'),(575,256,1,1,'Item was created simultaneously with WDU500010002.','2016-06-23 14:20:50','2016-06-23 14:20:50'),(576,256,2,1,'Item was attached to WDU500010002 at arrival.','2016-06-23 14:20:50','2016-06-23 14:20:50'),(577,257,1,1,'Item was created simultaneously with WDU500010002.','2016-06-23 14:20:50','2016-06-23 14:20:50'),(578,257,2,1,'Item was attached to WDU500010002 at arrival.','2016-06-23 14:20:50','2016-06-23 14:20:50'),(579,258,1,1,'Item was created simultaneously with WDU500010002.','2016-06-23 14:20:50','2016-06-23 14:20:50'),(580,258,2,1,'Item was attached to WDU500010002 at arrival.','2016-06-23 14:20:50','2016-06-23 14:20:50'),(581,259,1,1,'Item was created simultaneously with WDU500010002.','2016-06-23 14:20:50','2016-06-23 14:20:50'),(582,259,2,1,'Item was attached to WDU500010002 at arrival.','2016-06-23 14:20:50','2016-06-23 14:20:50'),(583,260,1,1,'Item was created simultaneously with WDU500010002.','2016-06-23 14:20:50','2016-06-23 14:20:50'),(584,260,2,1,'Item was attached to WDU500010002 at arrival.','2016-06-23 14:20:50','2016-06-23 14:20:50'),(585,261,1,1,'Item was created simultaneously with WDU500010002.','2016-06-23 14:20:50','2016-06-23 14:20:50'),(586,261,2,1,'Item was attached to WDU500010002 at arrival.','2016-06-23 14:20:50','2016-06-23 14:20:50'),(587,262,1,1,'Item was created simultaneously with WDU500010002.','2016-06-23 14:20:51','2016-06-23 14:20:51'),(588,262,2,1,'Item was attached to WDU500010002 at arrival.','2016-06-23 14:20:51','2016-06-23 14:20:51'),(589,263,1,1,'Item was created simultaneously with WDU500010002.','2016-06-23 14:20:51','2016-06-23 14:20:51'),(590,263,2,1,'Item was attached to WDU500010002 at arrival.','2016-06-23 14:20:51','2016-06-23 14:20:51'),(591,264,1,1,'Item was created simultaneously with WDU500010002.','2016-06-23 14:20:51','2016-06-23 14:20:51'),(592,264,2,1,'Item was attached to WDU500010002 at arrival.','2016-06-23 14:20:51','2016-06-23 14:20:51'),(593,265,1,1,'Item was created simultaneously with WDU500010002.','2016-06-23 14:20:51','2016-06-23 14:20:51'),(594,265,2,1,'Item was attached to WDU500010002 at arrival.','2016-06-23 14:20:51','2016-06-23 14:20:51'),(595,266,1,1,'Item was created simultaneously with WDU500010002.','2016-06-23 14:20:51','2016-06-23 14:20:51'),(596,266,2,1,'Item was attached to WDU500010002 at arrival.','2016-06-23 14:20:51','2016-06-23 14:20:51'),(597,267,1,1,'Item was created simultaneously with WDU500010002.','2016-06-23 14:20:51','2016-06-23 14:20:51'),(598,267,2,1,'Item was attached to WDU500010002 at arrival.','2016-06-23 14:20:51','2016-06-23 14:20:51'),(599,268,1,1,'Item was created simultaneously with WDU500010002.','2016-06-23 14:20:51','2016-06-23 14:20:51'),(600,268,2,1,'Item was attached to WDU500010002 at arrival.','2016-06-23 14:20:51','2016-06-23 14:20:51'),(601,269,1,1,'Item was created simultaneously with WDU500010002.','2016-06-23 14:20:51','2016-06-23 14:20:51'),(602,269,2,1,'Item was attached to WDU500010002 at arrival.','2016-06-23 14:20:51','2016-06-23 14:20:51'),(603,270,1,1,'Item was created simultaneously with WDU500010002.','2016-06-23 14:20:51','2016-06-23 14:20:51'),(604,270,2,1,'Item was attached to WDU500010002 at arrival.','2016-06-23 14:20:51','2016-06-23 14:20:51'),(605,271,1,1,'Item was created simultaneously with WDU500010002.','2016-06-23 14:20:51','2016-06-23 14:20:51'),(606,271,2,1,'Item was attached to WDU500010002 at arrival.','2016-06-23 14:20:51','2016-06-23 14:20:51'),(607,272,1,1,'Item was created simultaneously with WDU500010002.','2016-06-23 14:20:51','2016-06-23 14:20:51'),(608,272,2,1,'Item was attached to WDU500010002 at arrival.','2016-06-23 14:20:51','2016-06-23 14:20:51'),(609,273,1,1,'Item was created simultaneously with WDU500010002.','2016-06-23 14:20:51','2016-06-23 14:20:51'),(610,273,2,1,'Item was attached to WDU500010002 at arrival.','2016-06-23 14:20:51','2016-06-23 14:20:51'),(611,274,1,1,'Item was created simultaneously with WDU500010002.','2016-06-23 14:20:51','2016-06-23 14:20:51'),(612,274,2,1,'Item was attached to WDU500010002 at arrival.','2016-06-23 14:20:51','2016-06-23 14:20:51'),(613,275,1,1,'Item was created simultaneously with WDU500010002.','2016-06-23 14:20:51','2016-06-23 14:20:51'),(614,275,2,1,'Item was attached to WDU500010002 at arrival.','2016-06-23 14:20:51','2016-06-23 14:20:51'),(615,276,1,1,'Item was created simultaneously with WDU500010002.','2016-06-23 14:20:51','2016-06-23 14:20:51'),(616,276,2,1,'Item was attached to WDU500010002 at arrival.','2016-06-23 14:20:51','2016-06-23 14:20:51'),(617,277,1,1,'Item was created simultaneously with WDU500010002.','2016-06-23 14:20:51','2016-06-23 14:20:51'),(618,277,2,1,'Item was attached to WDU500010002 at arrival.','2016-06-23 14:20:51','2016-06-23 14:20:51'),(619,278,1,1,'Item was created simultaneously with WDU500010002.','2016-06-23 14:20:51','2016-06-23 14:20:51'),(620,278,2,1,'Item was attached to WDU500010002 at arrival.','2016-06-23 14:20:51','2016-06-23 14:20:51'),(621,279,1,1,'Item was created simultaneously with WDU500010002.','2016-06-23 14:20:51','2016-06-23 14:20:51'),(622,279,2,1,'Item was attached to WDU500010002 at arrival.','2016-06-23 14:20:51','2016-06-23 14:20:51'),(623,280,1,1,'Item was created simultaneously with WDU500010002.','2016-06-23 14:20:51','2016-06-23 14:20:51'),(624,280,2,1,'Item was attached to WDU500010002 at arrival.','2016-06-23 14:20:51','2016-06-23 14:20:51'),(625,281,1,1,'Item was created simultaneously with WDU500010002.','2016-06-23 14:20:51','2016-06-23 14:20:51'),(626,281,2,1,'Item was attached to WDU500010002 at arrival.','2016-06-23 14:20:51','2016-06-23 14:20:51'),(627,282,1,1,'Item was created simultaneously with WDU500010002.','2016-06-23 14:20:51','2016-06-23 14:20:51'),(628,282,2,1,'Item was attached to WDU500010002 at arrival.','2016-06-23 14:20:51','2016-06-23 14:20:51'),(629,283,1,1,'Item was created simultaneously with WDU500010002.','2016-06-23 14:20:51','2016-06-23 14:20:51'),(630,283,2,1,'Item was attached to WDU500010002 at arrival.','2016-06-23 14:20:51','2016-06-23 14:20:51'),(631,284,1,1,'Item was created simultaneously with WDU500010002.','2016-06-23 14:20:51','2016-06-23 14:20:51'),(632,284,2,1,'Item was attached to WDU500010002 at arrival.','2016-06-23 14:20:51','2016-06-23 14:20:51'),(633,285,1,1,'Item was created simultaneously with WDU500010002.','2016-06-23 14:20:51','2016-06-23 14:20:51'),(634,285,2,1,'Item was attached to WDU500010002 at arrival.','2016-06-23 14:20:51','2016-06-23 14:20:51'),(635,286,1,1,'Item was created simultaneously with WDU500010002.','2016-06-23 14:20:51','2016-06-23 14:20:51'),(636,286,2,1,'Item was attached to WDU500010002 at arrival.','2016-06-23 14:20:51','2016-06-23 14:20:51'),(637,287,1,1,'Item was created simultaneously with WDU500010002.','2016-06-23 14:20:51','2016-06-23 14:20:51'),(638,287,2,1,'Item was attached to WDU500010002 at arrival.','2016-06-23 14:20:51','2016-06-23 14:20:51'),(639,288,1,1,'Item was created simultaneously with WDU500010002.','2016-06-23 14:20:51','2016-06-23 14:20:51'),(640,288,2,1,'Item was attached to WDU500010002 at arrival.','2016-06-23 14:20:51','2016-06-23 14:20:51'),(641,289,1,1,'Item was created simultaneously with WDU500010002.','2016-06-23 14:20:52','2016-06-23 14:20:52'),(642,289,2,1,'Item was attached to WDU500010002 at arrival.','2016-06-23 14:20:52','2016-06-23 14:20:52'),(643,290,1,1,'Item was created simultaneously with WDU500010002.','2016-06-23 14:20:52','2016-06-23 14:20:52'),(644,290,2,1,'Item was attached to WDU500010002 at arrival.','2016-06-23 14:20:52','2016-06-23 14:20:52'),(645,291,1,1,'Item was created simultaneously with WDU500010002.','2016-06-23 14:20:52','2016-06-23 14:20:52'),(646,291,2,1,'Item was attached to WDU500010002 at arrival.','2016-06-23 14:20:52','2016-06-23 14:20:52'),(647,292,1,1,'Item was created simultaneously with WDU500010002.','2016-06-23 14:20:52','2016-06-23 14:20:52'),(648,292,2,1,'Item was attached to WDU500010002 at arrival.','2016-06-23 14:20:52','2016-06-23 14:20:52'),(649,293,1,1,'Item was created simultaneously with WDU500010002.','2016-06-23 14:20:52','2016-06-23 14:20:52'),(650,293,2,1,'Item was attached to WDU500010002 at arrival.','2016-06-23 14:20:52','2016-06-23 14:20:52'),(651,294,1,1,'Item was created simultaneously with WDU500010002.','2016-06-23 14:20:52','2016-06-23 14:20:52'),(652,294,2,1,'Item was attached to WDU500010002 at arrival.','2016-06-23 14:20:52','2016-06-23 14:20:52'),(653,295,1,1,'Item was created simultaneously with WDU500010002.','2016-06-23 14:20:52','2016-06-23 14:20:52'),(654,295,2,1,'Item was attached to WDU500010002 at arrival.','2016-06-23 14:20:52','2016-06-23 14:20:52'),(655,296,1,1,'Item was created simultaneously with WDU500010002.','2016-06-23 14:20:52','2016-06-23 14:20:52'),(656,296,2,1,'Item was attached to WDU500010002 at arrival.','2016-06-23 14:20:52','2016-06-23 14:20:52'),(657,297,1,1,'Item was created simultaneously with WDU500010002.','2016-06-23 14:20:52','2016-06-23 14:20:52'),(658,297,2,1,'Item was attached to WDU500010002 at arrival.','2016-06-23 14:20:52','2016-06-23 14:20:52'),(659,298,1,1,'Item was created simultaneously with WDU500010002.','2016-06-23 14:20:52','2016-06-23 14:20:52'),(660,298,2,1,'Item was attached to WDU500010002 at arrival.','2016-06-23 14:20:52','2016-06-23 14:20:52'),(661,299,1,1,'Item was created simultaneously with WDU500010002.','2016-06-23 14:20:52','2016-06-23 14:20:52'),(662,299,2,1,'Item was attached to WDU500010002 at arrival.','2016-06-23 14:20:52','2016-06-23 14:20:52'),(663,300,1,1,'Item was created simultaneously with WDU500010002.','2016-06-23 14:20:52','2016-06-23 14:20:52'),(664,300,2,1,'Item was attached to WDU500010002 at arrival.','2016-06-23 14:20:52','2016-06-23 14:20:52'),(665,301,1,1,'Item was created simultaneously with WDU500010002.','2016-06-23 14:20:52','2016-06-23 14:20:52'),(666,301,2,1,'Item was attached to WDU500010002 at arrival.','2016-06-23 14:20:52','2016-06-23 14:20:52'),(667,302,1,1,'Item was created simultaneously with WDU500010002.','2016-06-23 14:20:52','2016-06-23 14:20:52'),(668,302,2,1,'Item was attached to WDU500010002 at arrival.','2016-06-23 14:20:52','2016-06-23 14:20:52'),(669,303,1,1,'Item was created simultaneously with WDU500010002.','2016-06-23 14:20:52','2016-06-23 14:20:52'),(670,303,2,1,'Item was attached to WDU500010002 at arrival.','2016-06-23 14:20:52','2016-06-23 14:20:52'),(671,304,1,1,'Item was created simultaneously with WDU500010002.','2016-06-23 14:20:52','2016-06-23 14:20:52'),(672,304,2,1,'Item was attached to WDU500010002 at arrival.','2016-06-23 14:20:52','2016-06-23 14:20:52'),(673,305,1,1,'Item was created simultaneously with WDU500010002.','2016-06-23 14:20:52','2016-06-23 14:20:52'),(674,305,2,1,'Item was attached to WDU500010002 at arrival.','2016-06-23 14:20:52','2016-06-23 14:20:52'),(675,306,1,1,'Item was created simultaneously with WDU500010002.','2016-06-23 14:20:52','2016-06-23 14:20:52'),(676,306,2,1,'Item was attached to WDU500010002 at arrival.','2016-06-23 14:20:52','2016-06-23 14:20:52'),(677,307,1,1,'Item was created simultaneously with WDU500010002.','2016-06-23 14:20:52','2016-06-23 14:20:52'),(678,307,2,1,'Item was attached to WDU500010002 at arrival.','2016-06-23 14:20:52','2016-06-23 14:20:52'),(679,308,1,1,'Item was created simultaneously with WDU500010002.','2016-06-23 14:20:52','2016-06-23 14:20:52'),(680,308,2,1,'Item was attached to WDU500010002 at arrival.','2016-06-23 14:20:52','2016-06-23 14:20:52'),(681,309,1,1,'Item was created simultaneously with WDU500010002.','2016-06-23 14:20:52','2016-06-23 14:20:52'),(682,309,2,1,'Item was attached to WDU500010002 at arrival.','2016-06-23 14:20:52','2016-06-23 14:20:52'),(683,310,1,1,'Item was created simultaneously with WDU500010002.','2016-06-23 14:20:52','2016-06-23 14:20:52'),(684,310,2,1,'Item was attached to WDU500010002 at arrival.','2016-06-23 14:20:52','2016-06-23 14:20:52'),(685,311,1,1,'Item was created simultaneously with WDU500010002.','2016-06-23 14:20:52','2016-06-23 14:20:52'),(686,311,2,1,'Item was attached to WDU500010002 at arrival.','2016-06-23 14:20:52','2016-06-23 14:20:52'),(687,312,1,1,'Item was created simultaneously with WDU500010002.','2016-06-23 14:20:52','2016-06-23 14:20:52'),(688,312,2,1,'Item was attached to WDU500010002 at arrival.','2016-06-23 14:20:52','2016-06-23 14:20:52'),(689,313,1,1,'Item was created simultaneously with WDU500010002.','2016-06-23 14:20:52','2016-06-23 14:20:52'),(690,313,2,1,'Item was attached to WDU500010002 at arrival.','2016-06-23 14:20:52','2016-06-23 14:20:52'),(691,314,1,1,'Item was created simultaneously with WDU500010002.','2016-06-23 14:20:52','2016-06-23 14:20:52'),(692,314,2,1,'Item was attached to WDU500010002 at arrival.','2016-06-23 14:20:52','2016-06-23 14:20:52'),(693,315,1,1,'Item was created simultaneously with WDU500010002.','2016-06-23 14:20:52','2016-06-23 14:20:52'),(694,315,2,1,'Item was attached to WDU500010002 at arrival.','2016-06-23 14:20:52','2016-06-23 14:20:52'),(695,316,1,1,'Item was created simultaneously with WDU500010002.','2016-06-23 14:20:52','2016-06-23 14:20:52'),(696,316,2,1,'Item was attached to WDU500010002 at arrival.','2016-06-23 14:20:52','2016-06-23 14:20:52'),(697,317,1,1,'Item was created simultaneously with WDU500010002.','2016-06-23 14:20:53','2016-06-23 14:20:53'),(698,317,2,1,'Item was attached to WDU500010002 at arrival.','2016-06-23 14:20:53','2016-06-23 14:20:53'),(699,318,1,1,'Item was created simultaneously with WDU500010002.','2016-06-23 14:20:53','2016-06-23 14:20:53'),(700,318,2,1,'Item was attached to WDU500010002 at arrival.','2016-06-23 14:20:53','2016-06-23 14:20:53'),(701,319,1,1,'Item was created simultaneously with WDU500010002.','2016-06-23 14:20:53','2016-06-23 14:20:53'),(702,319,2,1,'Item was attached to WDU500010002 at arrival.','2016-06-23 14:20:53','2016-06-23 14:20:53'),(703,320,1,1,'Item was created simultaneously with WDU500010002.','2016-06-23 14:20:53','2016-06-23 14:20:53'),(704,320,2,1,'Item was attached to WDU500010002 at arrival.','2016-06-23 14:20:53','2016-06-23 14:20:53'),(705,321,1,1,'Item was created simultaneously with WDU500010002.','2016-06-23 14:20:53','2016-06-23 14:20:53'),(706,321,2,1,'Item was attached to WDU500010002 at arrival.','2016-06-23 14:20:53','2016-06-23 14:20:53'),(707,322,1,1,'Item was created simultaneously with WDU500010002.','2016-06-23 14:20:53','2016-06-23 14:20:53'),(708,322,2,1,'Item was attached to WDU500010002 at arrival.','2016-06-23 14:20:53','2016-06-23 14:20:53'),(709,323,1,1,'Item was created simultaneously with WDU500010002.','2016-06-23 14:20:53','2016-06-23 14:20:53'),(710,323,2,1,'Item was attached to WDU500010002 at arrival.','2016-06-23 14:20:53','2016-06-23 14:20:53'),(711,324,1,1,'Item was created simultaneously with WDU500010002.','2016-06-23 14:20:53','2016-06-23 14:20:53'),(712,324,2,1,'Item was attached to WDU500010002 at arrival.','2016-06-23 14:20:53','2016-06-23 14:20:53'),(713,325,1,1,'Item was created simultaneously with WDU500010002.','2016-06-23 14:20:53','2016-06-23 14:20:53'),(714,325,2,1,'Item was attached to WDU500010002 at arrival.','2016-06-23 14:20:53','2016-06-23 14:20:53'),(715,326,1,1,'Item was created simultaneously with WDU500010002.','2016-06-23 14:20:53','2016-06-23 14:20:53'),(716,326,2,1,'Item was attached to WDU500010002 at arrival.','2016-06-23 14:20:53','2016-06-23 14:20:53'),(717,327,1,1,'Item was created simultaneously with WDU500010002.','2016-06-23 14:20:53','2016-06-23 14:20:53'),(718,327,2,1,'Item was attached to WDU500010002 at arrival.','2016-06-23 14:20:53','2016-06-23 14:20:53'),(719,328,1,1,'Item was created simultaneously with WDU500010002.','2016-06-23 14:20:53','2016-06-23 14:20:53'),(720,328,2,1,'Item was attached to WDU500010002 at arrival.','2016-06-23 14:20:53','2016-06-23 14:20:53'),(721,329,1,1,'Item was created simultaneously with WDU500010002.','2016-06-23 14:20:53','2016-06-23 14:20:53'),(722,329,2,1,'Item was attached to WDU500010002 at arrival.','2016-06-23 14:20:53','2016-06-23 14:20:53'),(723,330,1,1,'Item was created simultaneously with WDU500010002.','2016-06-23 14:20:53','2016-06-23 14:20:53'),(724,330,2,1,'Item was attached to WDU500010002 at arrival.','2016-06-23 14:20:53','2016-06-23 14:20:53'),(725,331,1,1,'Item was created simultaneously with WDU500010002.','2016-06-23 14:20:53','2016-06-23 14:20:53'),(726,331,2,1,'Item was attached to WDU500010002 at arrival.','2016-06-23 14:20:53','2016-06-23 14:20:53'),(727,332,1,1,'Item was created simultaneously with WDU500010002.','2016-06-23 14:20:53','2016-06-23 14:20:53'),(728,332,2,1,'Item was attached to WDU500010002 at arrival.','2016-06-23 14:20:53','2016-06-23 14:20:53'),(729,333,1,1,'Item was created simultaneously with WDU500010002.','2016-06-23 14:20:53','2016-06-23 14:20:53'),(730,333,2,1,'Item was attached to WDU500010002 at arrival.','2016-06-23 14:20:53','2016-06-23 14:20:53'),(731,334,1,1,'Item was created simultaneously with WDU500010002.','2016-06-23 14:20:53','2016-06-23 14:20:53'),(732,334,2,1,'Item was attached to WDU500010002 at arrival.','2016-06-23 14:20:53','2016-06-23 14:20:53'),(733,335,1,1,'Item was created simultaneously with WDU500010002.','2016-06-23 14:20:53','2016-06-23 14:20:53'),(734,335,2,1,'Item was attached to WDU500010002 at arrival.','2016-06-23 14:20:53','2016-06-23 14:20:53'),(735,336,1,1,'Item was created simultaneously with WDU500010002.','2016-06-23 14:20:53','2016-06-23 14:20:53'),(736,336,2,1,'Item was attached to WDU500010002 at arrival.','2016-06-23 14:20:53','2016-06-23 14:20:53'),(737,337,1,1,'Item was created simultaneously with WDU500010002.','2016-06-23 14:20:53','2016-06-23 14:20:53'),(738,337,2,1,'Item was attached to WDU500010002 at arrival.','2016-06-23 14:20:53','2016-06-23 14:20:53'),(739,338,1,1,'Item was created simultaneously with WDU500010002.','2016-06-23 14:20:53','2016-06-23 14:20:53'),(740,338,2,1,'Item was attached to WDU500010002 at arrival.','2016-06-23 14:20:53','2016-06-23 14:20:53'),(741,339,1,1,'Item was created simultaneously with WDU500010002.','2016-06-23 14:20:53','2016-06-23 14:20:53'),(742,339,2,1,'Item was attached to WDU500010002 at arrival.','2016-06-23 14:20:53','2016-06-23 14:20:53'),(743,340,1,1,'Item was created simultaneously with WDU500010002.','2016-06-23 14:20:53','2016-06-23 14:20:53'),(744,340,2,1,'Item was attached to WDU500010002 at arrival.','2016-06-23 14:20:53','2016-06-23 14:20:53'),(745,341,1,1,'Item was created simultaneously with WDU500010002.','2016-06-23 14:20:53','2016-06-23 14:20:53'),(746,341,2,1,'Item was attached to WDU500010002 at arrival.','2016-06-23 14:20:53','2016-06-23 14:20:53'),(747,342,1,1,'Item was created simultaneously with WDU500010002.','2016-06-23 14:20:53','2016-06-23 14:20:53'),(748,342,2,1,'Item was attached to WDU500010002 at arrival.','2016-06-23 14:20:53','2016-06-23 14:20:53'),(749,343,1,1,'Item was created simultaneously with WDU500010002.','2016-06-23 14:20:53','2016-06-23 14:20:53'),(750,343,2,1,'Item was attached to WDU500010002 at arrival.','2016-06-23 14:20:53','2016-06-23 14:20:53'),(751,344,1,1,'Item was created simultaneously with WDU500010002.','2016-06-23 14:20:53','2016-06-23 14:20:53'),(752,344,2,1,'Item was attached to WDU500010002 at arrival.','2016-06-23 14:20:53','2016-06-23 14:20:53'),(753,345,1,1,'Item was created simultaneously with WDU500010002.','2016-06-23 14:20:53','2016-06-23 14:20:53'),(754,345,2,1,'Item was attached to WDU500010002 at arrival.','2016-06-23 14:20:53','2016-06-23 14:20:53'),(755,346,1,1,'Item was created simultaneously with WDU500010002.','2016-06-23 14:20:54','2016-06-23 14:20:54'),(756,346,2,1,'Item was attached to WDU500010002 at arrival.','2016-06-23 14:20:54','2016-06-23 14:20:54'),(757,347,1,1,'Item was created simultaneously with WDU500010002.','2016-06-23 14:20:54','2016-06-23 14:20:54'),(758,347,2,1,'Item was attached to WDU500010002 at arrival.','2016-06-23 14:20:54','2016-06-23 14:20:54'),(759,348,1,1,'Item was created simultaneously with WDU500010002.','2016-06-23 14:20:54','2016-06-23 14:20:54'),(760,348,2,1,'Item was attached to WDU500010002 at arrival.','2016-06-23 14:20:54','2016-06-23 14:20:54'),(761,349,1,1,'Item was created simultaneously with WDU500010002.','2016-06-23 14:20:54','2016-06-23 14:20:54'),(762,349,2,1,'Item was attached to WDU500010002 at arrival.','2016-06-23 14:20:54','2016-06-23 14:20:54'),(763,350,1,1,'Item was created simultaneously with WDU500010002.','2016-06-23 14:20:54','2016-06-23 14:20:54'),(764,350,2,1,'Item was attached to WDU500010002 at arrival.','2016-06-23 14:20:54','2016-06-23 14:20:54'),(765,351,1,1,'Item was created simultaneously with WDU500010002.','2016-06-23 14:20:54','2016-06-23 14:20:54'),(766,351,2,1,'Item was attached to WDU500010002 at arrival.','2016-06-23 14:20:54','2016-06-23 14:20:54'),(767,352,1,1,'Item was created simultaneously with WDU500010002.','2016-06-23 14:20:54','2016-06-23 14:20:54'),(768,352,2,1,'Item was attached to WDU500010002 at arrival.','2016-06-23 14:20:54','2016-06-23 14:20:54'),(769,353,1,1,'Item was created simultaneously with WDU500010002.','2016-06-23 14:20:54','2016-06-23 14:20:54'),(770,353,2,1,'Item was attached to WDU500010002 at arrival.','2016-06-23 14:20:54','2016-06-23 14:20:54'),(771,354,1,1,'Item was created simultaneously with WDU500010002.','2016-06-23 14:20:54','2016-06-23 14:20:54'),(772,354,2,1,'Item was attached to WDU500010002 at arrival.','2016-06-23 14:20:54','2016-06-23 14:20:54'),(773,355,1,1,'Item was created simultaneously with WDU500010002.','2016-06-23 14:20:54','2016-06-23 14:20:54'),(774,355,2,1,'Item was attached to WDU500010002 at arrival.','2016-06-23 14:20:54','2016-06-23 14:20:54'),(775,356,1,1,'Item was created simultaneously with WDU500010002.','2016-06-23 14:20:54','2016-06-23 14:20:54'),(776,356,2,1,'Item was attached to WDU500010002 at arrival.','2016-06-23 14:20:54','2016-06-23 14:20:54'),(777,357,1,1,'Item was created simultaneously with WDU500010002.','2016-06-23 14:20:54','2016-06-23 14:20:54'),(778,357,2,1,'Item was attached to WDU500010002 at arrival.','2016-06-23 14:20:54','2016-06-23 14:20:54'),(779,358,1,1,'Item was created simultaneously with WDU500010002.','2016-06-23 14:20:54','2016-06-23 14:20:54'),(780,358,2,1,'Item was attached to WDU500010002 at arrival.','2016-06-23 14:20:54','2016-06-23 14:20:54'),(781,359,1,1,'Item was created simultaneously with WDU500010002.','2016-06-23 14:20:54','2016-06-23 14:20:54'),(782,359,2,1,'Item was attached to WDU500010002 at arrival.','2016-06-23 14:20:54','2016-06-23 14:20:54'),(783,360,1,1,'Item was created simultaneously with WDU500010002.','2016-06-23 14:20:54','2016-06-23 14:20:54'),(784,360,2,1,'Item was attached to WDU500010002 at arrival.','2016-06-23 14:20:54','2016-06-23 14:20:54'),(785,361,1,1,'Item was created simultaneously with WDU500010002.','2016-06-23 14:20:54','2016-06-23 14:20:54'),(786,361,2,1,'Item was attached to WDU500010002 at arrival.','2016-06-23 14:20:54','2016-06-23 14:20:54'),(787,362,1,1,'Item was created simultaneously with WDU500010002.','2016-06-23 14:20:54','2016-06-23 14:20:54'),(788,362,2,1,'Item was attached to WDU500010002 at arrival.','2016-06-23 14:20:54','2016-06-23 14:20:54'),(789,363,1,1,'Item was created simultaneously with WDU500010002.','2016-06-23 14:20:54','2016-06-23 14:20:54'),(790,363,2,1,'Item was attached to WDU500010002 at arrival.','2016-06-23 14:20:54','2016-06-23 14:20:54'),(791,364,1,1,'Item was created simultaneously with WDU500010002.','2016-06-23 14:20:54','2016-06-23 14:20:54'),(792,364,2,1,'Item was attached to WDU500010002 at arrival.','2016-06-23 14:20:54','2016-06-23 14:20:54'),(793,365,1,1,'Item was created simultaneously with WDU500010002.','2016-06-23 14:20:54','2016-06-23 14:20:54'),(794,365,2,1,'Item was attached to WDU500010002 at arrival.','2016-06-23 14:20:54','2016-06-23 14:20:54'),(795,366,1,1,'Item was created simultaneously with WDU500010002.','2016-06-23 14:20:54','2016-06-23 14:20:54'),(796,366,2,1,'Item was attached to WDU500010002 at arrival.','2016-06-23 14:20:54','2016-06-23 14:20:54'),(797,367,1,1,'Item was created simultaneously with WDU500010002.','2016-06-23 14:20:54','2016-06-23 14:20:54'),(798,367,2,1,'Item was attached to WDU500010002 at arrival.','2016-06-23 14:20:54','2016-06-23 14:20:54'),(799,368,1,1,'Item was created simultaneously with WDU500010002.','2016-06-23 14:20:54','2016-06-23 14:20:54'),(800,368,2,1,'Item was attached to WDU500010002 at arrival.','2016-06-23 14:20:54','2016-06-23 14:20:54'),(801,369,1,1,'Item was created simultaneously with WDU500010002.','2016-06-23 14:20:54','2016-06-23 14:20:54'),(802,369,2,1,'Item was attached to WDU500010002 at arrival.','2016-06-23 14:20:54','2016-06-23 14:20:54'),(803,370,1,1,'Item was created simultaneously with WDU500010002.','2016-06-23 14:20:54','2016-06-23 14:20:54'),(804,370,2,1,'Item was attached to WDU500010002 at arrival.','2016-06-23 14:20:54','2016-06-23 14:20:54'),(805,371,1,1,'Item was created simultaneously with WDU500010002.','2016-06-23 14:20:55','2016-06-23 14:20:55'),(806,371,2,1,'Item was attached to WDU500010002 at arrival.','2016-06-23 14:20:55','2016-06-23 14:20:55'),(807,372,1,1,'Item was created simultaneously with WDU500010002.','2016-06-23 14:20:55','2016-06-23 14:20:55'),(808,372,2,1,'Item was attached to WDU500010002 at arrival.','2016-06-23 14:20:55','2016-06-23 14:20:55'),(809,373,1,1,'Item was created simultaneously with WDU500010002.','2016-06-23 14:20:55','2016-06-23 14:20:55'),(810,373,2,1,'Item was attached to WDU500010002 at arrival.','2016-06-23 14:20:55','2016-06-23 14:20:55'),(811,374,1,1,'Item was created simultaneously with WDU500010002.','2016-06-23 14:20:55','2016-06-23 14:20:55'),(812,374,2,1,'Item was attached to WDU500010002 at arrival.','2016-06-23 14:20:55','2016-06-23 14:20:55'),(813,375,1,1,'Item was created simultaneously with WDU500010002.','2016-06-23 14:20:55','2016-06-23 14:20:55'),(814,375,2,1,'Item was attached to WDU500010002 at arrival.','2016-06-23 14:20:55','2016-06-23 14:20:55'),(815,376,1,1,'Item was created simultaneously with WDU500010002.','2016-06-23 14:20:55','2016-06-23 14:20:55'),(816,376,2,1,'Item was attached to WDU500010002 at arrival.','2016-06-23 14:20:55','2016-06-23 14:20:55'),(817,377,1,1,'Item was created simultaneously with WDU500010002.','2016-06-23 14:20:55','2016-06-23 14:20:55'),(818,377,2,1,'Item was attached to WDU500010002 at arrival.','2016-06-23 14:20:55','2016-06-23 14:20:55'),(819,378,1,1,'Item was created simultaneously with WDU500010002.','2016-06-23 14:20:55','2016-06-23 14:20:55'),(820,378,2,1,'Item was attached to WDU500010002 at arrival.','2016-06-23 14:20:55','2016-06-23 14:20:55'),(821,379,1,1,'Item was created simultaneously with WDU500010002.','2016-06-23 14:20:55','2016-06-23 14:20:55'),(822,379,2,1,'Item was attached to WDU500010002 at arrival.','2016-06-23 14:20:55','2016-06-23 14:20:55'),(823,380,1,1,'Item was created simultaneously with WDU500010002.','2016-06-23 14:20:55','2016-06-23 14:20:55'),(824,380,2,1,'Item was attached to WDU500010002 at arrival.','2016-06-23 14:20:55','2016-06-23 14:20:55'),(825,381,1,1,'Item was created simultaneously with WDU500010002.','2016-06-23 14:20:55','2016-06-23 14:20:55'),(826,381,2,1,'Item was attached to WDU500010002 at arrival.','2016-06-23 14:20:55','2016-06-23 14:20:55'),(827,382,1,1,'Item was created simultaneously with WDU500010002.','2016-06-23 14:20:55','2016-06-23 14:20:55'),(828,382,2,1,'Item was attached to WDU500010002 at arrival.','2016-06-23 14:20:55','2016-06-23 14:20:55'),(829,383,1,1,'Item was created simultaneously with WDU500010002.','2016-06-23 14:20:55','2016-06-23 14:20:55'),(830,383,2,1,'Item was attached to WDU500010002 at arrival.','2016-06-23 14:20:55','2016-06-23 14:20:55'),(831,384,1,1,'Item was created simultaneously with WDU500010002.','2016-06-23 14:20:55','2016-06-23 14:20:55'),(832,384,2,1,'Item was attached to WDU500010002 at arrival.','2016-06-23 14:20:55','2016-06-23 14:20:55'),(833,385,1,1,'Item was created simultaneously with WDU500010002.','2016-06-23 14:20:55','2016-06-23 14:20:55'),(834,385,2,1,'Item was attached to WDU500010002 at arrival.','2016-06-23 14:20:55','2016-06-23 14:20:55'),(835,386,1,1,'Item was created simultaneously with WDU500010002.','2016-06-23 14:20:55','2016-06-23 14:20:55'),(836,386,2,1,'Item was attached to WDU500010002 at arrival.','2016-06-23 14:20:55','2016-06-23 14:20:55'),(837,387,1,1,'Item was created simultaneously with WDU500010002.','2016-06-23 14:20:55','2016-06-23 14:20:55'),(838,387,2,1,'Item was attached to WDU500010002 at arrival.','2016-06-23 14:20:55','2016-06-23 14:20:55'),(839,388,1,1,'Item was created simultaneously with WDU500010002.','2016-06-23 14:20:55','2016-06-23 14:20:55'),(840,388,2,1,'Item was attached to WDU500010002 at arrival.','2016-06-23 14:20:55','2016-06-23 14:20:55'),(841,389,1,1,'Item was created simultaneously with WDU500010002.','2016-06-23 14:20:55','2016-06-23 14:20:55'),(842,389,2,1,'Item was attached to WDU500010002 at arrival.','2016-06-23 14:20:55','2016-06-23 14:20:55'),(843,390,1,1,'Item was created simultaneously with WDU500010002.','2016-06-23 14:20:55','2016-06-23 14:20:55'),(844,390,2,1,'Item was attached to WDU500010002 at arrival.','2016-06-23 14:20:55','2016-06-23 14:20:55'),(845,391,1,1,'Item was created simultaneously with WDU500010002.','2016-06-23 14:20:55','2016-06-23 14:20:55'),(846,391,2,1,'Item was attached to WDU500010002 at arrival.','2016-06-23 14:20:55','2016-06-23 14:20:55'),(847,392,1,1,'Item was created simultaneously with WDU500010002.','2016-06-23 14:20:55','2016-06-23 14:20:55'),(848,392,2,1,'Item was attached to WDU500010002 at arrival.','2016-06-23 14:20:55','2016-06-23 14:20:55'),(849,393,1,1,'Item was created simultaneously with WDU500010002.','2016-06-23 14:20:55','2016-06-23 14:20:55'),(850,393,2,1,'Item was attached to WDU500010002 at arrival.','2016-06-23 14:20:55','2016-06-23 14:20:55'),(851,394,1,1,'Item was created simultaneously with WDU500010002.','2016-06-23 14:20:55','2016-06-23 14:20:55'),(852,394,2,1,'Item was attached to WDU500010002 at arrival.','2016-06-23 14:20:55','2016-06-23 14:20:55'),(853,395,1,1,'Item was created simultaneously with WDU500010002.','2016-06-23 14:20:55','2016-06-23 14:20:55'),(854,395,2,1,'Item was attached to WDU500010002 at arrival.','2016-06-23 14:20:55','2016-06-23 14:20:55'),(855,396,1,1,'Item was created simultaneously with WDU500010002.','2016-06-23 14:20:55','2016-06-23 14:20:55'),(856,396,2,1,'Item was attached to WDU500010002 at arrival.','2016-06-23 14:20:55','2016-06-23 14:20:55'),(857,397,1,1,'Item was created simultaneously with WDU500010002.','2016-06-23 14:20:55','2016-06-23 14:20:55'),(858,397,2,1,'Item was attached to WDU500010002 at arrival.','2016-06-23 14:20:55','2016-06-23 14:20:55'),(859,398,1,1,'Item was created simultaneously with WDU500010002.','2016-06-23 14:20:56','2016-06-23 14:20:56'),(860,398,2,1,'Item was attached to WDU500010002 at arrival.','2016-06-23 14:20:56','2016-06-23 14:20:56'),(861,399,1,1,'Item was created simultaneously with WDU500010002.','2016-06-23 14:20:56','2016-06-23 14:20:56'),(862,399,2,1,'Item was attached to WDU500010002 at arrival.','2016-06-23 14:20:56','2016-06-23 14:20:56'),(863,400,1,1,'Item was created simultaneously with WDU500010002.','2016-06-23 14:20:56','2016-06-23 14:20:56'),(864,400,2,1,'Item was attached to WDU500010002 at arrival.','2016-06-23 14:20:56','2016-06-23 14:20:56'),(865,401,1,1,'Item was created simultaneously with WDU500010002.','2016-06-23 14:20:56','2016-06-23 14:20:56'),(866,401,2,1,'Item was attached to WDU500010002 at arrival.','2016-06-23 14:20:56','2016-06-23 14:20:56'),(867,402,1,1,'Item was created simultaneously with WDU500010002.','2016-06-23 14:20:56','2016-06-23 14:20:56'),(868,402,2,1,'Item was attached to WDU500010002 at arrival.','2016-06-23 14:20:56','2016-06-23 14:20:56'),(869,403,1,1,'Item was created simultaneously with WDU500010002.','2016-06-23 14:20:56','2016-06-23 14:20:56'),(870,403,2,1,'Item was attached to WDU500010002 at arrival.','2016-06-23 14:20:56','2016-06-23 14:20:56'),(871,404,1,1,'Item was created simultaneously with WDU500010002.','2016-06-23 14:20:56','2016-06-23 14:20:56'),(872,404,2,1,'Item was attached to WDU500010002 at arrival.','2016-06-23 14:20:56','2016-06-23 14:20:56'),(873,405,1,1,'Item was created simultaneously with WDU500010002.','2016-06-23 14:20:56','2016-06-23 14:20:56'),(874,405,2,1,'Item was attached to WDU500010002 at arrival.','2016-06-23 14:20:56','2016-06-23 14:20:56'),(875,406,1,1,'Item was created simultaneously with WDU500010002.','2016-06-23 14:20:56','2016-06-23 14:20:56'),(876,406,2,1,'Item was attached to WDU500010002 at arrival.','2016-06-23 14:20:56','2016-06-23 14:20:56'),(877,407,1,1,'Item was created simultaneously with WDU500010002.','2016-06-23 14:20:56','2016-06-23 14:20:56'),(878,407,2,1,'Item was attached to WDU500010002 at arrival.','2016-06-23 14:20:56','2016-06-23 14:20:56'),(879,408,1,1,'Item was created simultaneously with WDU500010002.','2016-06-23 14:20:56','2016-06-23 14:20:56'),(880,408,2,1,'Item was attached to WDU500010002 at arrival.','2016-06-23 14:20:56','2016-06-23 14:20:56'),(881,409,1,1,'Item was created simultaneously with WDU500010002.','2016-06-23 14:20:56','2016-06-23 14:20:56'),(882,409,2,1,'Item was attached to WDU500010002 at arrival.','2016-06-23 14:20:56','2016-06-23 14:20:56'),(883,410,1,1,'Item was created simultaneously with WDU500010002.','2016-06-23 14:20:56','2016-06-23 14:20:56'),(884,410,2,1,'Item was attached to WDU500010002 at arrival.','2016-06-23 14:20:56','2016-06-23 14:20:56'),(885,411,1,1,'Item was created simultaneously with WDU500010002.','2016-06-23 14:20:56','2016-06-23 14:20:56'),(886,411,2,1,'Item was attached to WDU500010002 at arrival.','2016-06-23 14:20:56','2016-06-23 14:20:56'),(887,412,1,1,'Item was created simultaneously with WDU500010002.','2016-06-23 14:20:56','2016-06-23 14:20:56'),(888,412,2,1,'Item was attached to WDU500010002 at arrival.','2016-06-23 14:20:56','2016-06-23 14:20:56'),(889,413,1,1,'Item was created simultaneously with WDU500010002.','2016-06-23 14:20:56','2016-06-23 14:20:56'),(890,413,2,1,'Item was attached to WDU500010002 at arrival.','2016-06-23 14:20:56','2016-06-23 14:20:56'),(891,414,1,1,'Item was created simultaneously with WDU500010002.','2016-06-23 14:20:56','2016-06-23 14:20:56'),(892,414,2,1,'Item was attached to WDU500010002 at arrival.','2016-06-23 14:20:56','2016-06-23 14:20:56'),(893,415,1,1,'Item was created simultaneously with WDU500010002.','2016-06-23 14:20:56','2016-06-23 14:20:56'),(894,415,2,1,'Item was attached to WDU500010002 at arrival.','2016-06-23 14:20:56','2016-06-23 14:20:56'),(895,416,1,1,'Item was created simultaneously with WDU500010002.','2016-06-23 14:20:56','2016-06-23 14:20:56'),(896,416,2,1,'Item was attached to WDU500010002 at arrival.','2016-06-23 14:20:56','2016-06-23 14:20:56'),(897,417,1,1,'Item was created simultaneously with WDU500010002.','2016-06-23 14:20:56','2016-06-23 14:20:56'),(898,417,2,1,'Item was attached to WDU500010002 at arrival.','2016-06-23 14:20:56','2016-06-23 14:20:56'),(899,418,1,1,'Item was created simultaneously with WDU500010002.','2016-06-23 14:20:56','2016-06-23 14:20:56'),(900,418,2,1,'Item was attached to WDU500010002 at arrival.','2016-06-23 14:20:56','2016-06-23 14:20:56'),(901,419,1,1,'Item was created simultaneously with WDU500010002.','2016-06-23 14:20:56','2016-06-23 14:20:56'),(902,419,2,1,'Item was attached to WDU500010002 at arrival.','2016-06-23 14:20:56','2016-06-23 14:20:56'),(903,420,1,1,'Item was created simultaneously with WDU500010002.','2016-06-23 14:20:56','2016-06-23 14:20:56'),(904,420,2,1,'Item was attached to WDU500010002 at arrival.','2016-06-23 14:20:56','2016-06-23 14:20:56'),(905,421,1,1,'Item was created simultaneously with WDU500010002.','2016-06-23 14:20:56','2016-06-23 14:20:56'),(906,421,2,1,'Item was attached to WDU500010002 at arrival.','2016-06-23 14:20:56','2016-06-23 14:20:56'),(907,422,1,1,'Item was created simultaneously with WDU500010002.','2016-06-23 14:20:56','2016-06-23 14:20:56'),(908,422,2,1,'Item was attached to WDU500010002 at arrival.','2016-06-23 14:20:56','2016-06-23 14:20:56'),(909,423,1,1,'Item was created simultaneously with WDU500010002.','2016-06-23 14:20:56','2016-06-23 14:20:56'),(910,423,2,1,'Item was attached to WDU500010002 at arrival.','2016-06-23 14:20:56','2016-06-23 14:20:56'),(911,424,1,1,'Item was created simultaneously with WDU500010002.','2016-06-23 14:20:56','2016-06-23 14:20:56'),(912,424,2,1,'Item was attached to WDU500010002 at arrival.','2016-06-23 14:20:56','2016-06-23 14:20:56'),(913,425,1,1,'Item was created simultaneously with WDU500010002.','2016-06-23 14:20:56','2016-06-23 14:20:56'),(914,425,2,1,'Item was attached to WDU500010002 at arrival.','2016-06-23 14:20:56','2016-06-23 14:20:56'),(915,426,1,1,'Item was created simultaneously with WDU500010002.','2016-06-23 14:20:56','2016-06-23 14:20:56'),(916,426,2,1,'Item was attached to WDU500010002 at arrival.','2016-06-23 14:20:56','2016-06-23 14:20:56'),(917,427,1,1,'Item was created simultaneously with WDU500010002.','2016-06-23 14:20:56','2016-06-23 14:20:56'),(918,427,2,1,'Item was attached to WDU500010002 at arrival.','2016-06-23 14:20:57','2016-06-23 14:20:57'),(919,428,1,1,'Item was created simultaneously with WDU500010002.','2016-06-23 14:20:57','2016-06-23 14:20:57'),(920,428,2,1,'Item was attached to WDU500010002 at arrival.','2016-06-23 14:20:57','2016-06-23 14:20:57'),(921,429,1,1,'Item was created simultaneously with WDU500010002.','2016-06-23 14:20:57','2016-06-23 14:20:57'),(922,429,2,1,'Item was attached to WDU500010002 at arrival.','2016-06-23 14:20:57','2016-06-23 14:20:57'),(923,430,1,1,'Item was created simultaneously with WDU500010002.','2016-06-23 14:20:57','2016-06-23 14:20:57'),(924,430,2,1,'Item was attached to WDU500010002 at arrival.','2016-06-23 14:20:57','2016-06-23 14:20:57'),(925,431,1,1,'Item was created simultaneously with WDU500010002.','2016-06-23 14:20:57','2016-06-23 14:20:57'),(926,431,2,1,'Item was attached to WDU500010002 at arrival.','2016-06-23 14:20:57','2016-06-23 14:20:57'),(927,432,1,1,'Item was created simultaneously with WDU500010002.','2016-06-23 14:20:57','2016-06-23 14:20:57'),(928,432,2,1,'Item was attached to WDU500010002 at arrival.','2016-06-23 14:20:57','2016-06-23 14:20:57'),(929,433,1,1,'Item was created simultaneously with WDU500010002.','2016-06-23 14:20:57','2016-06-23 14:20:57'),(930,433,2,1,'Item was attached to WDU500010002 at arrival.','2016-06-23 14:20:57','2016-06-23 14:20:57'),(931,434,1,1,'Item was created simultaneously with WDU500010002.','2016-06-23 14:20:57','2016-06-23 14:20:57'),(932,434,2,1,'Item was attached to WDU500010002 at arrival.','2016-06-23 14:20:57','2016-06-23 14:20:57'),(933,435,1,1,'Item was created simultaneously with WDU500010002.','2016-06-23 14:20:57','2016-06-23 14:20:57'),(934,435,2,1,'Item was attached to WDU500010002 at arrival.','2016-06-23 14:20:57','2016-06-23 14:20:57'),(935,436,1,1,'Item was created simultaneously with WDU500010002.','2016-06-23 14:20:57','2016-06-23 14:20:57'),(936,436,2,1,'Item was attached to WDU500010002 at arrival.','2016-06-23 14:20:57','2016-06-23 14:20:57'),(937,437,1,1,'Item was created simultaneously with WDU500010002.','2016-06-23 14:20:57','2016-06-23 14:20:57'),(938,437,2,1,'Item was attached to WDU500010002 at arrival.','2016-06-23 14:20:57','2016-06-23 14:20:57'),(939,438,1,1,'Item was created simultaneously with WDU500010002.','2016-06-23 14:20:57','2016-06-23 14:20:57'),(940,438,2,1,'Item was attached to WDU500010002 at arrival.','2016-06-23 14:20:57','2016-06-23 14:20:57'),(941,439,1,1,'Item was created simultaneously with WDU500010002.','2016-06-23 14:20:57','2016-06-23 14:20:57'),(942,439,2,1,'Item was attached to WDU500010002 at arrival.','2016-06-23 14:20:57','2016-06-23 14:20:57'),(943,440,1,1,'Item was created simultaneously with WDU500010002.','2016-06-23 14:20:57','2016-06-23 14:20:57'),(944,440,2,1,'Item was attached to WDU500010002 at arrival.','2016-06-23 14:20:57','2016-06-23 14:20:57'),(945,441,1,1,'Item was created simultaneously with WDU500010002.','2016-06-23 14:20:57','2016-06-23 14:20:57'),(946,441,2,1,'Item was attached to WDU500010002 at arrival.','2016-06-23 14:20:57','2016-06-23 14:20:57'),(947,442,1,1,'Item was created simultaneously with WDU500010002.','2016-06-23 14:20:57','2016-06-23 14:20:57'),(948,442,2,1,'Item was attached to WDU500010002 at arrival.','2016-06-23 14:20:57','2016-06-23 14:20:57'),(949,443,1,1,'Item was created simultaneously with WDU500010002.','2016-06-23 14:20:57','2016-06-23 14:20:57'),(950,443,2,1,'Item was attached to WDU500010002 at arrival.','2016-06-23 14:20:57','2016-06-23 14:20:57'),(951,444,1,1,'Item was created simultaneously with WDU500010002.','2016-06-23 14:20:57','2016-06-23 14:20:57'),(952,444,2,1,'Item was attached to WDU500010002 at arrival.','2016-06-23 14:20:57','2016-06-23 14:20:57'),(953,445,1,1,'Item was created simultaneously with WDU500010002.','2016-06-23 14:20:57','2016-06-23 14:20:57'),(954,445,2,1,'Item was attached to WDU500010002 at arrival.','2016-06-23 14:20:57','2016-06-23 14:20:57'),(955,446,1,1,'Item was created simultaneously with WDU500010002.','2016-06-23 14:20:57','2016-06-23 14:20:57'),(956,446,2,1,'Item was attached to WDU500010002 at arrival.','2016-06-23 14:20:57','2016-06-23 14:20:57'),(957,447,1,1,'Item was created simultaneously with WDU500010002.','2016-06-23 14:20:57','2016-06-23 14:20:57'),(958,447,2,1,'Item was attached to WDU500010002 at arrival.','2016-06-23 14:20:57','2016-06-23 14:20:57'),(959,448,1,1,'Item was created simultaneously with WDU500010002.','2016-06-23 14:20:57','2016-06-23 14:20:57'),(960,448,2,1,'Item was attached to WDU500010002 at arrival.','2016-06-23 14:20:57','2016-06-23 14:20:57'),(961,449,1,1,'Item was created simultaneously with WDU500010002.','2016-06-23 14:20:57','2016-06-23 14:20:57'),(962,449,2,1,'Item was attached to WDU500010002 at arrival.','2016-06-23 14:20:57','2016-06-23 14:20:57'),(963,450,1,1,'Item was created simultaneously with WDU500010002.','2016-06-23 14:20:57','2016-06-23 14:20:57'),(964,450,2,1,'Item was attached to WDU500010002 at arrival.','2016-06-23 14:20:57','2016-06-23 14:20:57'),(965,451,1,1,'Item was created simultaneously with WDU500010002.','2016-06-23 14:20:57','2016-06-23 14:20:57'),(966,451,2,1,'Item was attached to WDU500010002 at arrival.','2016-06-23 14:20:57','2016-06-23 14:20:57'),(967,452,1,1,'Item was created simultaneously with WDU500010002.','2016-06-23 14:20:57','2016-06-23 14:20:57'),(968,452,2,1,'Item was attached to WDU500010002 at arrival.','2016-06-23 14:20:57','2016-06-23 14:20:57'),(969,453,1,1,'Item was created simultaneously with WDU500010002.','2016-06-23 14:20:57','2016-06-23 14:20:57'),(970,453,2,1,'Item was attached to WDU500010002 at arrival.','2016-06-23 14:20:57','2016-06-23 14:20:57'),(971,454,1,1,'Item was created simultaneously with WDU500010002.','2016-06-23 14:20:57','2016-06-23 14:20:57'),(972,454,2,1,'Item was attached to WDU500010002 at arrival.','2016-06-23 14:20:57','2016-06-23 14:20:57'),(973,455,1,1,'Item was created simultaneously with WDU500010002.','2016-06-23 14:20:57','2016-06-23 14:20:57'),(974,455,2,1,'Item was attached to WDU500010002 at arrival.','2016-06-23 14:20:58','2016-06-23 14:20:58'),(975,456,1,1,'Item was created simultaneously with WDU500010002.','2016-06-23 14:20:58','2016-06-23 14:20:58'),(976,456,2,1,'Item was attached to WDU500010002 at arrival.','2016-06-23 14:20:58','2016-06-23 14:20:58'),(977,457,1,1,'Item was created simultaneously with WDU500010002.','2016-06-23 14:20:58','2016-06-23 14:20:58'),(978,457,2,1,'Item was attached to WDU500010002 at arrival.','2016-06-23 14:20:58','2016-06-23 14:20:58'),(979,458,1,1,'Item was created simultaneously with WDU500010002.','2016-06-23 14:20:58','2016-06-23 14:20:58'),(980,458,2,1,'Item was attached to WDU500010002 at arrival.','2016-06-23 14:20:58','2016-06-23 14:20:58'),(981,459,1,1,'Item was created simultaneously with WDU500010002.','2016-06-23 14:20:58','2016-06-23 14:20:58'),(982,459,2,1,'Item was attached to WDU500010002 at arrival.','2016-06-23 14:20:58','2016-06-23 14:20:58'),(983,460,1,1,'Item was created simultaneously with WDU500010002.','2016-06-23 14:20:58','2016-06-23 14:20:58'),(984,460,2,1,'Item was attached to WDU500010002 at arrival.','2016-06-23 14:20:58','2016-06-23 14:20:58'),(985,461,1,1,'Item was created simultaneously with WDU500010002.','2016-06-23 14:20:58','2016-06-23 14:20:58'),(986,461,2,1,'Item was attached to WDU500010002 at arrival.','2016-06-23 14:20:58','2016-06-23 14:20:58'),(987,462,1,1,'Item was created simultaneously with WDU500010002.','2016-06-23 14:20:58','2016-06-23 14:20:58'),(988,462,2,1,'Item was attached to WDU500010002 at arrival.','2016-06-23 14:20:58','2016-06-23 14:20:58'),(989,463,1,1,'Item was created simultaneously with WDU500010002.','2016-06-23 14:20:58','2016-06-23 14:20:58'),(990,463,2,1,'Item was attached to WDU500010002 at arrival.','2016-06-23 14:20:58','2016-06-23 14:20:58'),(991,464,1,1,'Item was created simultaneously with WDU500010002.','2016-06-23 14:20:58','2016-06-23 14:20:58'),(992,464,2,1,'Item was attached to WDU500010002 at arrival.','2016-06-23 14:20:58','2016-06-23 14:20:58'),(993,465,1,1,'Item was created simultaneously with WDU500010002.','2016-06-23 14:20:58','2016-06-23 14:20:58'),(994,465,2,1,'Item was attached to WDU500010002 at arrival.','2016-06-23 14:20:58','2016-06-23 14:20:58'),(995,466,1,1,'Item was created simultaneously with WDU500010002.','2016-06-23 14:20:58','2016-06-23 14:20:58'),(996,466,2,1,'Item was attached to WDU500010002 at arrival.','2016-06-23 14:20:58','2016-06-23 14:20:58'),(997,467,1,1,'Item was created simultaneously with WDU500010002.','2016-06-23 14:20:58','2016-06-23 14:20:58'),(998,467,2,1,'Item was attached to WDU500010002 at arrival.','2016-06-23 14:20:58','2016-06-23 14:20:58'),(999,468,1,1,'Item was created simultaneously with WDU500010002.','2016-06-23 14:20:58','2016-06-23 14:20:58'),(1000,468,2,1,'Item was attached to WDU500010002 at arrival.','2016-06-23 14:20:58','2016-06-23 14:20:58'),(1001,469,1,1,'Item was created simultaneously with WDU500010002.','2016-06-23 14:20:58','2016-06-23 14:20:58'),(1002,469,2,1,'Item was attached to WDU500010002 at arrival.','2016-06-23 14:20:58','2016-06-23 14:20:58'),(1003,470,1,1,'Item was created simultaneously with WDU500010002.','2016-06-23 14:20:58','2016-06-23 14:20:58'),(1004,470,2,1,'Item was attached to WDU500010002 at arrival.','2016-06-23 14:20:58','2016-06-23 14:20:58'),(1005,471,1,1,'Item was created simultaneously with WDU500010002.','2016-06-23 14:20:58','2016-06-23 14:20:58'),(1006,471,2,1,'Item was attached to WDU500010002 at arrival.','2016-06-23 14:20:58','2016-06-23 14:20:58'),(1007,472,1,1,'Item was created simultaneously with WDU500010002.','2016-06-23 14:20:58','2016-06-23 14:20:58'),(1008,472,2,1,'Item was attached to WDU500010002 at arrival.','2016-06-23 14:20:58','2016-06-23 14:20:58'),(1009,473,1,1,'Item was created simultaneously with WDU500010002.','2016-06-23 14:20:58','2016-06-23 14:20:58'),(1010,473,2,1,'Item was attached to WDU500010002 at arrival.','2016-06-23 14:20:58','2016-06-23 14:20:58'),(1011,474,1,1,'Item was created simultaneously with WDU500010002.','2016-06-23 14:20:58','2016-06-23 14:20:58'),(1012,474,2,1,'Item was attached to WDU500010002 at arrival.','2016-06-23 14:20:58','2016-06-23 14:20:58'),(1013,475,1,1,'Item was created simultaneously with WDU500010002.','2016-06-23 14:20:58','2016-06-23 14:20:58'),(1014,475,2,1,'Item was attached to WDU500010002 at arrival.','2016-06-23 14:20:58','2016-06-23 14:20:58'),(1015,476,1,1,'Item was created simultaneously with WDU500010002.','2016-06-23 14:20:58','2016-06-23 14:20:58'),(1016,476,2,1,'Item was attached to WDU500010002 at arrival.','2016-06-23 14:20:58','2016-06-23 14:20:58'),(1017,477,1,1,'Item was created simultaneously with WDU500010002.','2016-06-23 14:20:58','2016-06-23 14:20:58'),(1018,477,2,1,'Item was attached to WDU500010002 at arrival.','2016-06-23 14:20:58','2016-06-23 14:20:58'),(1019,478,1,1,'Item was created simultaneously with WDU500010002.','2016-06-23 14:20:58','2016-06-23 14:20:58'),(1020,478,2,1,'Item was attached to WDU500010002 at arrival.','2016-06-23 14:20:58','2016-06-23 14:20:58'),(1021,479,1,1,'Item was created simultaneously with WDU500010002.','2016-06-23 14:20:58','2016-06-23 14:20:58'),(1022,479,2,1,'Item was attached to WDU500010002 at arrival.','2016-06-23 14:20:58','2016-06-23 14:20:58'),(1023,480,1,1,'Item was created simultaneously with WDU500010002.','2016-06-23 14:20:58','2016-06-23 14:20:58'),(1024,480,2,1,'Item was attached to WDU500010002 at arrival.','2016-06-23 14:20:58','2016-06-23 14:20:58'),(1025,481,1,1,'Item was created simultaneously with WDU500010002.','2016-06-23 14:20:58','2016-06-23 14:20:58'),(1026,481,2,1,'Item was attached to WDU500010002 at arrival.','2016-06-23 14:20:58','2016-06-23 14:20:58'),(1027,482,1,1,'Item was created simultaneously with WDU500010002.','2016-06-23 14:20:58','2016-06-23 14:20:58'),(1028,482,2,1,'Item was attached to WDU500010002 at arrival.','2016-06-23 14:20:58','2016-06-23 14:20:58'),(1029,483,1,1,'Item was created simultaneously with WDU500010002.','2016-06-23 14:20:59','2016-06-23 14:20:59'),(1030,483,2,1,'Item was attached to WDU500010002 at arrival.','2016-06-23 14:20:59','2016-06-23 14:20:59'),(1031,484,1,1,'Item was created simultaneously with WDU500010002.','2016-06-23 14:20:59','2016-06-23 14:20:59'),(1032,484,2,1,'Item was attached to WDU500010002 at arrival.','2016-06-23 14:20:59','2016-06-23 14:20:59'),(1033,485,1,1,'Item was created simultaneously with WDU500010002.','2016-06-23 14:20:59','2016-06-23 14:20:59'),(1034,485,2,1,'Item was attached to WDU500010002 at arrival.','2016-06-23 14:20:59','2016-06-23 14:20:59'),(1035,486,1,1,'Item was created simultaneously with WDU500010002.','2016-06-23 14:20:59','2016-06-23 14:20:59'),(1036,486,2,1,'Item was attached to WDU500010002 at arrival.','2016-06-23 14:20:59','2016-06-23 14:20:59'),(1037,487,1,1,'Item was created simultaneously with WDU500010002.','2016-06-23 14:20:59','2016-06-23 14:20:59'),(1038,487,2,1,'Item was attached to WDU500010002 at arrival.','2016-06-23 14:20:59','2016-06-23 14:20:59'),(1039,488,1,1,'Item was created simultaneously with WDU500010002.','2016-06-23 14:20:59','2016-06-23 14:20:59'),(1040,488,2,1,'Item was attached to WDU500010002 at arrival.','2016-06-23 14:20:59','2016-06-23 14:20:59'),(1041,489,1,1,'Item was created simultaneously with WDU500010002.','2016-06-23 14:20:59','2016-06-23 14:20:59'),(1042,489,2,1,'Item was attached to WDU500010002 at arrival.','2016-06-23 14:20:59','2016-06-23 14:20:59'),(1043,490,1,1,'Item was created simultaneously with WDU500010002.','2016-06-23 14:20:59','2016-06-23 14:20:59'),(1044,490,2,1,'Item was attached to WDU500010002 at arrival.','2016-06-23 14:20:59','2016-06-23 14:20:59'),(1045,491,1,1,'Item was created simultaneously with WDU500010002.','2016-06-23 14:20:59','2016-06-23 14:20:59'),(1046,491,2,1,'Item was attached to WDU500010002 at arrival.','2016-06-23 14:20:59','2016-06-23 14:20:59'),(1047,492,1,1,'Item was created simultaneously with WDU500010002.','2016-06-23 14:20:59','2016-06-23 14:20:59'),(1048,492,2,1,'Item was attached to WDU500010002 at arrival.','2016-06-23 14:20:59','2016-06-23 14:20:59'),(1049,493,1,1,'Item was created simultaneously with WDU500010002.','2016-06-23 14:20:59','2016-06-23 14:20:59'),(1050,493,2,1,'Item was attached to WDU500010002 at arrival.','2016-06-23 14:20:59','2016-06-23 14:20:59'),(1051,494,1,1,'Item was created simultaneously with WDU500010002.','2016-06-23 14:20:59','2016-06-23 14:20:59'),(1052,494,2,1,'Item was attached to WDU500010002 at arrival.','2016-06-23 14:20:59','2016-06-23 14:20:59'),(1053,495,1,1,'Item was created simultaneously with WDU500010002.','2016-06-23 14:20:59','2016-06-23 14:20:59'),(1054,495,2,1,'Item was attached to WDU500010002 at arrival.','2016-06-23 14:20:59','2016-06-23 14:20:59'),(1055,496,1,1,'Item was created simultaneously with WDU500010002.','2016-06-23 14:20:59','2016-06-23 14:20:59'),(1056,496,2,1,'Item was attached to WDU500010002 at arrival.','2016-06-23 14:20:59','2016-06-23 14:20:59'),(1057,497,1,1,'Item was created simultaneously with WDU500010002.','2016-06-23 14:20:59','2016-06-23 14:20:59'),(1058,497,2,1,'Item was attached to WDU500010002 at arrival.','2016-06-23 14:20:59','2016-06-23 14:20:59'),(1059,498,1,1,'Item was created simultaneously with WDU500010002.','2016-06-23 14:20:59','2016-06-23 14:20:59'),(1060,498,2,1,'Item was attached to WDU500010002 at arrival.','2016-06-23 14:20:59','2016-06-23 14:20:59'),(1061,499,1,1,'Item was created simultaneously with WDU500010002.','2016-06-23 14:20:59','2016-06-23 14:20:59'),(1062,499,2,1,'Item was attached to WDU500010002 at arrival.','2016-06-23 14:20:59','2016-06-23 14:20:59'),(1063,500,1,1,'Item was created simultaneously with WDU500010002.','2016-06-23 14:20:59','2016-06-23 14:20:59'),(1064,500,2,1,'Item was attached to WDU500010002 at arrival.','2016-06-23 14:20:59','2016-06-23 14:20:59'),(1065,501,1,1,'Item was created simultaneously with WDU500010002.','2016-06-23 14:20:59','2016-06-23 14:20:59'),(1066,501,2,1,'Item was attached to WDU500010002 at arrival.','2016-06-23 14:20:59','2016-06-23 14:20:59'),(1067,502,1,1,'Item was created simultaneously with WDU500010002.','2016-06-23 14:20:59','2016-06-23 14:20:59'),(1068,502,2,1,'Item was attached to WDU500010002 at arrival.','2016-06-23 14:20:59','2016-06-23 14:20:59'),(1069,503,1,1,'Item was created simultaneously with WDU500010002.','2016-06-23 14:20:59','2016-06-23 14:20:59'),(1070,503,2,1,'Item was attached to WDU500010002 at arrival.','2016-06-23 14:20:59','2016-06-23 14:20:59'),(1071,504,1,1,'Item was created simultaneously with WDU500010002.','2016-06-23 14:20:59','2016-06-23 14:20:59'),(1072,504,2,1,'Item was attached to WDU500010002 at arrival.','2016-06-23 14:20:59','2016-06-23 14:20:59'),(1073,505,1,1,'Item was created simultaneously with WDU500010002.','2016-06-23 14:20:59','2016-06-23 14:20:59'),(1074,505,2,1,'Item was attached to WDU500010002 at arrival.','2016-06-23 14:20:59','2016-06-23 14:20:59'),(1075,506,1,1,'Item was created simultaneously with WDU500010002.','2016-06-23 14:20:59','2016-06-23 14:20:59'),(1076,506,2,1,'Item was attached to WDU500010002 at arrival.','2016-06-23 14:20:59','2016-06-23 14:20:59'),(1077,507,1,1,'Item was created simultaneously with WDU500010002.','2016-06-23 14:20:59','2016-06-23 14:20:59'),(1078,507,2,1,'Item was attached to WDU500010002 at arrival.','2016-06-23 14:20:59','2016-06-23 14:20:59'),(1079,508,1,1,'Item was created simultaneously with WDU500010002.','2016-06-23 14:21:00','2016-06-23 14:21:00'),(1080,508,2,1,'Item was attached to WDU500010002 at arrival.','2016-06-23 14:21:00','2016-06-23 14:21:00'),(1081,509,1,1,'Item was created simultaneously with WDU500010002.','2016-06-23 14:21:00','2016-06-23 14:21:00'),(1082,509,2,1,'Item was attached to WDU500010002 at arrival.','2016-06-23 14:21:00','2016-06-23 14:21:00'),(1083,510,1,1,'Item was created simultaneously with WDU500010002.','2016-06-23 14:21:00','2016-06-23 14:21:00'),(1084,510,2,1,'Item was attached to WDU500010002 at arrival.','2016-06-23 14:21:00','2016-06-23 14:21:00'),(1085,511,1,1,'Item was created simultaneously with WDU500010002.','2016-06-23 14:21:00','2016-06-23 14:21:00'),(1086,511,2,1,'Item was attached to WDU500010002 at arrival.','2016-06-23 14:21:00','2016-06-23 14:21:00'),(1087,512,1,1,'Item was created simultaneously with WDU500010002.','2016-06-23 14:21:00','2016-06-23 14:21:00'),(1088,512,2,1,'Item was attached to WDU500010002 at arrival.','2016-06-23 14:21:00','2016-06-23 14:21:00'),(1089,513,1,1,'Item was created simultaneously with WDU500010002.','2016-06-23 14:21:00','2016-06-23 14:21:00'),(1090,513,2,1,'Item was attached to WDU500010002 at arrival.','2016-06-23 14:21:00','2016-06-23 14:21:00'),(1091,514,1,1,'Item was created simultaneously with WDU500010002.','2016-06-23 14:21:00','2016-06-23 14:21:00'),(1092,514,2,1,'Item was attached to WDU500010002 at arrival.','2016-06-23 14:21:00','2016-06-23 14:21:00'),(1093,515,1,1,'Item was created simultaneously with WDU500010002.','2016-06-23 14:21:00','2016-06-23 14:21:00'),(1094,515,2,1,'Item was attached to WDU500010002 at arrival.','2016-06-23 14:21:00','2016-06-23 14:21:00'),(1095,516,1,1,'Item was created simultaneously with WDU500010002.','2016-06-23 14:21:00','2016-06-23 14:21:00'),(1096,516,2,1,'Item was attached to WDU500010002 at arrival.','2016-06-23 14:21:00','2016-06-23 14:21:00'),(1097,517,1,1,'Item was created simultaneously with WDU500010002.','2016-06-23 14:21:00','2016-06-23 14:21:00'),(1098,517,2,1,'Item was attached to WDU500010002 at arrival.','2016-06-23 14:21:00','2016-06-23 14:21:00'),(1099,518,1,1,'Item was created simultaneously with WDU500010002.','2016-06-23 14:21:00','2016-06-23 14:21:00'),(1100,518,2,1,'Item was attached to WDU500010002 at arrival.','2016-06-23 14:21:00','2016-06-23 14:21:00'),(1101,519,1,1,'Item was created simultaneously with WDU500010002.','2016-06-23 14:21:00','2016-06-23 14:21:00'),(1102,519,2,1,'Item was attached to WDU500010002 at arrival.','2016-06-23 14:21:00','2016-06-23 14:21:00'),(1103,520,1,1,'Item was created simultaneously with WDU500010002.','2016-06-23 14:21:00','2016-06-23 14:21:00'),(1104,520,2,1,'Item was attached to WDU500010002 at arrival.','2016-06-23 14:21:00','2016-06-23 14:21:00'),(1105,521,1,1,'Item was created simultaneously with WDU500010002.','2016-06-23 14:21:00','2016-06-23 14:21:00'),(1106,521,2,1,'Item was attached to WDU500010002 at arrival.','2016-06-23 14:21:00','2016-06-23 14:21:00'),(1107,522,1,1,'Item was created simultaneously with WDU500010002.','2016-06-23 14:21:00','2016-06-23 14:21:00'),(1108,522,2,1,'Item was attached to WDU500010002 at arrival.','2016-06-23 14:21:00','2016-06-23 14:21:00'),(1109,523,1,1,'Item was created simultaneously with WDU500010002.','2016-06-23 14:21:00','2016-06-23 14:21:00'),(1110,523,2,1,'Item was attached to WDU500010002 at arrival.','2016-06-23 14:21:00','2016-06-23 14:21:00'),(1111,524,1,1,'Item was created simultaneously with WDU500010002.','2016-06-23 14:21:00','2016-06-23 14:21:00'),(1112,524,2,1,'Item was attached to WDU500010002 at arrival.','2016-06-23 14:21:00','2016-06-23 14:21:00'),(1113,525,1,1,'Item was created simultaneously with WDU500010002.','2016-06-23 14:21:00','2016-06-23 14:21:00'),(1114,525,2,1,'Item was attached to WDU500010002 at arrival.','2016-06-23 14:21:00','2016-06-23 14:21:00'),(1115,526,1,1,'Item was created simultaneously with WDU500010002.','2016-06-23 14:21:00','2016-06-23 14:21:00'),(1116,526,2,1,'Item was attached to WDU500010002 at arrival.','2016-06-23 14:21:00','2016-06-23 14:21:00'),(1117,527,1,1,'Item was created simultaneously with WDU500010002.','2016-06-23 14:21:00','2016-06-23 14:21:00'),(1118,527,2,1,'Item was attached to WDU500010002 at arrival.','2016-06-23 14:21:00','2016-06-23 14:21:00'),(1119,528,1,1,'Item was created simultaneously with WDU500010002.','2016-06-23 14:21:00','2016-06-23 14:21:00'),(1120,528,2,1,'Item was attached to WDU500010002 at arrival.','2016-06-23 14:21:00','2016-06-23 14:21:00'),(1121,529,1,1,'Item was created simultaneously with WDU500010002.','2016-06-23 14:21:00','2016-06-23 14:21:00'),(1122,529,2,1,'Item was attached to WDU500010002 at arrival.','2016-06-23 14:21:00','2016-06-23 14:21:00'),(1123,530,1,1,'Item was created simultaneously with WDU500010002.','2016-06-23 14:21:00','2016-06-23 14:21:00'),(1124,530,2,1,'Item was attached to WDU500010002 at arrival.','2016-06-23 14:21:00','2016-06-23 14:21:00'),(1125,531,1,1,'Item was created simultaneously with WDU500010002.','2016-06-23 14:21:00','2016-06-23 14:21:00'),(1126,531,2,1,'Item was attached to WDU500010002 at arrival.','2016-06-23 14:21:00','2016-06-23 14:21:00'),(1127,532,1,1,'Item was created simultaneously with WDU500010002.','2016-06-23 14:21:01','2016-06-23 14:21:01'),(1128,532,2,1,'Item was attached to WDU500010002 at arrival.','2016-06-23 14:21:01','2016-06-23 14:21:01'),(1129,533,1,1,'Item was created simultaneously with WDU500010002.','2016-06-23 14:21:01','2016-06-23 14:21:01'),(1130,533,2,1,'Item was attached to WDU500010002 at arrival.','2016-06-23 14:21:01','2016-06-23 14:21:01'),(1131,534,1,1,'Item was created simultaneously with WDU500010002.','2016-06-23 14:21:01','2016-06-23 14:21:01'),(1132,534,2,1,'Item was attached to WDU500010002 at arrival.','2016-06-23 14:21:01','2016-06-23 14:21:01'),(1133,535,1,1,'Item was created simultaneously with WDU500010002.','2016-06-23 14:21:01','2016-06-23 14:21:01'),(1134,535,2,1,'Item was attached to WDU500010002 at arrival.','2016-06-23 14:21:01','2016-06-23 14:21:01'),(1135,536,1,1,'Item was created simultaneously with WDU500010002.','2016-06-23 14:21:01','2016-06-23 14:21:01'),(1136,536,2,1,'Item was attached to WDU500010002 at arrival.','2016-06-23 14:21:01','2016-06-23 14:21:01'),(1137,537,1,1,'Item was created simultaneously with WDU500010002.','2016-06-23 14:21:01','2016-06-23 14:21:01'),(1138,537,2,1,'Item was attached to WDU500010002 at arrival.','2016-06-23 14:21:01','2016-06-23 14:21:01'),(1139,538,1,1,'Item was created simultaneously with WDU500010002.','2016-06-23 14:21:01','2016-06-23 14:21:01'),(1140,538,2,1,'Item was attached to WDU500010002 at arrival.','2016-06-23 14:21:01','2016-06-23 14:21:01'),(1141,539,1,1,'Item was created simultaneously with WDU500010002.','2016-06-23 14:21:01','2016-06-23 14:21:01'),(1142,539,2,1,'Item was attached to WDU500010002 at arrival.','2016-06-23 14:21:01','2016-06-23 14:21:01'),(1143,540,1,1,'Item was created simultaneously with WDU500010002.','2016-06-23 14:21:01','2016-06-23 14:21:01'),(1144,540,2,1,'Item was attached to WDU500010002 at arrival.','2016-06-23 14:21:01','2016-06-23 14:21:01'),(1145,541,1,1,'Item was created simultaneously with WDU500010002.','2016-06-23 14:21:01','2016-06-23 14:21:01'),(1146,541,2,1,'Item was attached to WDU500010002 at arrival.','2016-06-23 14:21:01','2016-06-23 14:21:01'),(1147,542,1,1,'Item was created simultaneously with WDU500010002.','2016-06-23 14:21:01','2016-06-23 14:21:01'),(1148,542,2,1,'Item was attached to WDU500010002 at arrival.','2016-06-23 14:21:01','2016-06-23 14:21:01'),(1149,543,1,1,'Item was created simultaneously with WDU500010002.','2016-06-23 14:21:01','2016-06-23 14:21:01'),(1150,543,2,1,'Item was attached to WDU500010002 at arrival.','2016-06-23 14:21:01','2016-06-23 14:21:01'),(1151,544,1,1,'Item was created simultaneously with WDU500010002.','2016-06-23 14:21:01','2016-06-23 14:21:01'),(1152,544,2,1,'Item was attached to WDU500010002 at arrival.','2016-06-23 14:21:01','2016-06-23 14:21:01'),(1153,545,1,1,'Item was created simultaneously with WDU500010002.','2016-06-23 14:21:01','2016-06-23 14:21:01'),(1154,545,2,1,'Item was attached to WDU500010002 at arrival.','2016-06-23 14:21:01','2016-06-23 14:21:01'),(1155,546,1,1,'Item was created simultaneously with WDU500010002.','2016-06-23 14:21:01','2016-06-23 14:21:01'),(1156,546,2,1,'Item was attached to WDU500010002 at arrival.','2016-06-23 14:21:01','2016-06-23 14:21:01'),(1157,547,1,1,'Item was created simultaneously with WDU500010002.','2016-06-23 14:21:01','2016-06-23 14:21:01'),(1158,547,2,1,'Item was attached to WDU500010002 at arrival.','2016-06-23 14:21:01','2016-06-23 14:21:01'),(1159,548,1,1,'Item was created simultaneously with WDU500010002.','2016-06-23 14:21:01','2016-06-23 14:21:01'),(1160,548,2,1,'Item was attached to WDU500010002 at arrival.','2016-06-23 14:21:01','2016-06-23 14:21:01'),(1161,549,1,1,'Item was created simultaneously with WDU500010002.','2016-06-23 14:21:01','2016-06-23 14:21:01'),(1162,549,2,1,'Item was attached to WDU500010002 at arrival.','2016-06-23 14:21:01','2016-06-23 14:21:01'),(1163,550,1,1,'Item was created simultaneously with WDU500010002.','2016-06-23 14:21:01','2016-06-23 14:21:01'),(1164,550,2,1,'Item was attached to WDU500010002 at arrival.','2016-06-23 14:21:01','2016-06-23 14:21:01'),(1165,551,1,1,'Item was created simultaneously with WDU500010002.','2016-06-23 14:21:01','2016-06-23 14:21:01'),(1166,551,2,1,'Item was attached to WDU500010002 at arrival.','2016-06-23 14:21:01','2016-06-23 14:21:01'),(1167,552,1,1,'Item was created simultaneously with WDU500010002.','2016-06-23 14:21:01','2016-06-23 14:21:01'),(1168,552,2,1,'Item was attached to WDU500010002 at arrival.','2016-06-23 14:21:01','2016-06-23 14:21:01'),(1169,553,1,1,'Item was created simultaneously with WDU500010002.','2016-06-23 14:21:01','2016-06-23 14:21:01'),(1170,553,2,1,'Item was attached to WDU500010002 at arrival.','2016-06-23 14:21:01','2016-06-23 14:21:01'),(1171,554,1,1,'Item was created simultaneously with WDU500010002.','2016-06-23 14:21:01','2016-06-23 14:21:01'),(1172,554,2,1,'Item was attached to WDU500010002 at arrival.','2016-06-23 14:21:01','2016-06-23 14:21:01'),(1173,555,1,1,'Item was created simultaneously with WDU500010002.','2016-06-23 14:21:01','2016-06-23 14:21:01'),(1174,555,2,1,'Item was attached to WDU500010002 at arrival.','2016-06-23 14:21:01','2016-06-23 14:21:01'),(1175,556,1,1,'Item was created simultaneously with WDU500010002.','2016-06-23 14:21:01','2016-06-23 14:21:01'),(1176,556,2,1,'Item was attached to WDU500010002 at arrival.','2016-06-23 14:21:01','2016-06-23 14:21:01'),(1177,557,1,1,'Item was created simultaneously with WDU500010002.','2016-06-23 14:21:01','2016-06-23 14:21:01'),(1178,557,2,1,'Item was attached to WDU500010002 at arrival.','2016-06-23 14:21:01','2016-06-23 14:21:01'),(1179,558,1,1,'Item was created simultaneously with WDU500010002.','2016-06-23 14:21:01','2016-06-23 14:21:01'),(1180,558,2,1,'Item was attached to WDU500010002 at arrival.','2016-06-23 14:21:01','2016-06-23 14:21:01'),(1181,559,1,1,'Item was created simultaneously with WDU500010002.','2016-06-23 14:21:02','2016-06-23 14:21:02'),(1182,559,2,1,'Item was attached to WDU500010002 at arrival.','2016-06-23 14:21:02','2016-06-23 14:21:02'),(1183,560,1,1,'Item was created simultaneously with WDU500010002.','2016-06-23 14:21:02','2016-06-23 14:21:02'),(1184,560,2,1,'Item was attached to WDU500010002 at arrival.','2016-06-23 14:21:02','2016-06-23 14:21:02'),(1185,561,1,1,'Item was created simultaneously with WDU500010002.','2016-06-23 14:21:02','2016-06-23 14:21:02'),(1186,561,2,1,'Item was attached to WDU500010002 at arrival.','2016-06-23 14:21:02','2016-06-23 14:21:02'),(1187,562,1,1,'Item was created simultaneously with WDU500010002.','2016-06-23 14:21:02','2016-06-23 14:21:02'),(1188,562,2,1,'Item was attached to WDU500010002 at arrival.','2016-06-23 14:21:02','2016-06-23 14:21:02'),(1189,563,1,1,'Item was created simultaneously with WDU500010002.','2016-06-23 14:21:02','2016-06-23 14:21:02'),(1190,563,2,1,'Item was attached to WDU500010002 at arrival.','2016-06-23 14:21:02','2016-06-23 14:21:02'),(1191,564,1,1,'Item was created simultaneously with WDU500010002.','2016-06-23 14:21:02','2016-06-23 14:21:02'),(1192,564,2,1,'Item was attached to WDU500010002 at arrival.','2016-06-23 14:21:02','2016-06-23 14:21:02'),(1193,565,1,1,'Item was created simultaneously with WDU500010002.','2016-06-23 14:21:02','2016-06-23 14:21:02'),(1194,565,2,1,'Item was attached to WDU500010002 at arrival.','2016-06-23 14:21:02','2016-06-23 14:21:02'),(1195,566,1,1,'Item was created simultaneously with WDU500010002.','2016-06-23 14:21:02','2016-06-23 14:21:02'),(1196,566,2,1,'Item was attached to WDU500010002 at arrival.','2016-06-23 14:21:02','2016-06-23 14:21:02'),(1197,567,1,1,'Item was created simultaneously with WDU500010002.','2016-06-23 14:21:02','2016-06-23 14:21:02'),(1198,567,2,1,'Item was attached to WDU500010002 at arrival.','2016-06-23 14:21:02','2016-06-23 14:21:02'),(1199,568,1,1,'Item was created simultaneously with WDU500010002.','2016-06-23 14:21:02','2016-06-23 14:21:02'),(1200,568,2,1,'Item was attached to WDU500010002 at arrival.','2016-06-23 14:21:02','2016-06-23 14:21:02'),(1201,569,1,1,'Item was created simultaneously with WDU500010002.','2016-06-23 14:21:02','2016-06-23 14:21:02'),(1202,569,2,1,'Item was attached to WDU500010002 at arrival.','2016-06-23 14:21:02','2016-06-23 14:21:02'),(1203,570,1,1,'Item was created simultaneously with WDU500010002.','2016-06-23 14:21:02','2016-06-23 14:21:02'),(1204,570,2,1,'Item was attached to WDU500010002 at arrival.','2016-06-23 14:21:02','2016-06-23 14:21:02'),(1205,571,1,1,'Item was created simultaneously with WDU500010002.','2016-06-23 14:21:02','2016-06-23 14:21:02'),(1206,571,2,1,'Item was attached to WDU500010002 at arrival.','2016-06-23 14:21:02','2016-06-23 14:21:02'),(1207,572,1,1,'Item was created simultaneously with WDU500010002.','2016-06-23 14:21:02','2016-06-23 14:21:02'),(1208,572,2,1,'Item was attached to WDU500010002 at arrival.','2016-06-23 14:21:02','2016-06-23 14:21:02'),(1209,573,1,1,'Item was created simultaneously with WDU500010002.','2016-06-23 14:21:02','2016-06-23 14:21:02'),(1210,573,2,1,'Item was attached to WDU500010002 at arrival.','2016-06-23 14:21:02','2016-06-23 14:21:02'),(1211,574,1,1,'Item was created simultaneously with WDU500010002.','2016-06-23 14:21:02','2016-06-23 14:21:02'),(1212,574,2,1,'Item was attached to WDU500010002 at arrival.','2016-06-23 14:21:02','2016-06-23 14:21:02'),(1213,575,1,1,'Item was created simultaneously with WDU500010002.','2016-06-23 14:21:02','2016-06-23 14:21:02'),(1214,575,2,1,'Item was attached to WDU500010002 at arrival.','2016-06-23 14:21:02','2016-06-23 14:21:02'),(1215,576,1,1,'Item was created simultaneously with WDU500010002.','2016-06-23 14:21:02','2016-06-23 14:21:02'),(1216,576,2,1,'Item was attached to WDU500010002 at arrival.','2016-06-23 14:21:02','2016-06-23 14:21:02'),(1217,577,1,1,'Item was created simultaneously with WDU500010002.','2016-06-23 14:21:02','2016-06-23 14:21:02'),(1218,577,2,1,'Item was attached to WDU500010002 at arrival.','2016-06-23 14:21:02','2016-06-23 14:21:02'),(1219,578,1,1,'Item was created simultaneously with WDU500010002.','2016-06-23 14:21:02','2016-06-23 14:21:02'),(1220,578,2,1,'Item was attached to WDU500010002 at arrival.','2016-06-23 14:21:02','2016-06-23 14:21:02'),(1221,579,1,1,'Item was created simultaneously with WDU500010002.','2016-06-23 14:21:02','2016-06-23 14:21:02'),(1222,579,2,1,'Item was attached to WDU500010002 at arrival.','2016-06-23 14:21:02','2016-06-23 14:21:02'),(1223,580,1,1,'Item was created simultaneously with WDU500010002.','2016-06-23 14:21:02','2016-06-23 14:21:02'),(1224,580,2,1,'Item was attached to WDU500010002 at arrival.','2016-06-23 14:21:02','2016-06-23 14:21:02'),(1225,581,1,1,'Item was created simultaneously with WDU500010002.','2016-06-23 14:21:02','2016-06-23 14:21:02'),(1226,581,2,1,'Item was attached to WDU500010002 at arrival.','2016-06-23 14:21:02','2016-06-23 14:21:02'),(1227,582,1,1,'Item was created simultaneously with WDU500010002.','2016-06-23 14:21:02','2016-06-23 14:21:02'),(1228,582,2,1,'Item was attached to WDU500010002 at arrival.','2016-06-23 14:21:02','2016-06-23 14:21:02'),(1229,583,1,1,'Item was created simultaneously with WDU500010002.','2016-06-23 14:21:02','2016-06-23 14:21:02'),(1230,583,2,1,'Item was attached to WDU500010002 at arrival.','2016-06-23 14:21:02','2016-06-23 14:21:02'),(1231,584,1,1,'Item was created simultaneously with WDU500010002.','2016-06-23 14:21:02','2016-06-23 14:21:02'),(1232,584,2,1,'Item was attached to WDU500010002 at arrival.','2016-06-23 14:21:02','2016-06-23 14:21:02'),(1233,585,1,1,'Item was created simultaneously with WDU500010002.','2016-06-23 14:21:02','2016-06-23 14:21:02'),(1234,585,2,1,'Item was attached to WDU500010002 at arrival.','2016-06-23 14:21:02','2016-06-23 14:21:02'),(1235,586,1,1,'Item was created simultaneously with WDU500010002.','2016-06-23 14:21:02','2016-06-23 14:21:02'),(1236,586,2,1,'Item was attached to WDU500010002 at arrival.','2016-06-23 14:21:02','2016-06-23 14:21:02'),(1237,587,1,1,'Item was created simultaneously with WDU500010002.','2016-06-23 14:21:03','2016-06-23 14:21:03'),(1238,587,2,1,'Item was attached to WDU500010002 at arrival.','2016-06-23 14:21:03','2016-06-23 14:21:03'),(1239,588,1,1,'Item was created simultaneously with WDU500010002.','2016-06-23 14:21:03','2016-06-23 14:21:03'),(1240,588,2,1,'Item was attached to WDU500010002 at arrival.','2016-06-23 14:21:03','2016-06-23 14:21:03'),(1241,589,1,1,'Item was created simultaneously with WDU500010002.','2016-06-23 14:21:03','2016-06-23 14:21:03'),(1242,589,2,1,'Item was attached to WDU500010002 at arrival.','2016-06-23 14:21:03','2016-06-23 14:21:03'),(1243,590,1,1,'Item was created simultaneously with WDU500010002.','2016-06-23 14:21:03','2016-06-23 14:21:03'),(1244,590,2,1,'Item was attached to WDU500010002 at arrival.','2016-06-23 14:21:03','2016-06-23 14:21:03'),(1245,591,1,1,'Item was created simultaneously with WDU500010002.','2016-06-23 14:21:03','2016-06-23 14:21:03'),(1246,591,2,1,'Item was attached to WDU500010002 at arrival.','2016-06-23 14:21:03','2016-06-23 14:21:03'),(1247,592,1,1,'Item was created simultaneously with WDU500010002.','2016-06-23 14:21:03','2016-06-23 14:21:03'),(1248,592,2,1,'Item was attached to WDU500010002 at arrival.','2016-06-23 14:21:03','2016-06-23 14:21:03'),(1249,593,1,1,'Item was created simultaneously with WDU500010002.','2016-06-23 14:21:03','2016-06-23 14:21:03'),(1250,593,2,1,'Item was attached to WDU500010002 at arrival.','2016-06-23 14:21:03','2016-06-23 14:21:03'),(1251,594,1,1,'Item was created simultaneously with WDU500010002.','2016-06-23 14:21:03','2016-06-23 14:21:03'),(1252,594,2,1,'Item was attached to WDU500010002 at arrival.','2016-06-23 14:21:03','2016-06-23 14:21:03'),(1253,595,1,1,'Item was created simultaneously with WDU500010002.','2016-06-23 14:21:03','2016-06-23 14:21:03'),(1254,595,2,1,'Item was attached to WDU500010002 at arrival.','2016-06-23 14:21:03','2016-06-23 14:21:03'),(1255,596,1,1,'Item was created simultaneously with WDU500010002.','2016-06-23 14:21:03','2016-06-23 14:21:03'),(1256,596,2,1,'Item was attached to WDU500010002 at arrival.','2016-06-23 14:21:03','2016-06-23 14:21:03'),(1257,597,1,1,'Item was created simultaneously with WDU500010002.','2016-06-23 14:21:03','2016-06-23 14:21:03'),(1258,597,2,1,'Item was attached to WDU500010002 at arrival.','2016-06-23 14:21:03','2016-06-23 14:21:03'),(1259,598,1,1,'Item was created simultaneously with WDU500010002.','2016-06-23 14:21:03','2016-06-23 14:21:03'),(1260,598,2,1,'Item was attached to WDU500010002 at arrival.','2016-06-23 14:21:03','2016-06-23 14:21:03'),(1261,599,1,1,'Item was created simultaneously with WDU500010002.','2016-06-23 14:21:03','2016-06-23 14:21:03'),(1262,599,2,1,'Item was attached to WDU500010002 at arrival.','2016-06-23 14:21:03','2016-06-23 14:21:03'),(1263,600,1,1,'Item was created simultaneously with WDU500010002.','2016-06-23 14:21:03','2016-06-23 14:21:03'),(1264,600,2,1,'Item was attached to WDU500010002 at arrival.','2016-06-23 14:21:03','2016-06-23 14:21:03'),(1265,601,1,1,'Item was created simultaneously with WDU500010002.','2016-06-23 14:21:03','2016-06-23 14:21:03'),(1266,601,2,1,'Item was attached to WDU500010002 at arrival.','2016-06-23 14:21:03','2016-06-23 14:21:03'),(1267,602,1,1,'Item was created simultaneously with WDU500010002.','2016-06-23 14:21:03','2016-06-23 14:21:03'),(1268,602,2,1,'Item was attached to WDU500010002 at arrival.','2016-06-23 14:21:03','2016-06-23 14:21:03'),(1269,603,1,1,'Item was created simultaneously with WDU500010002.','2016-06-23 14:21:03','2016-06-23 14:21:03'),(1270,603,2,1,'Item was attached to WDU500010002 at arrival.','2016-06-23 14:21:03','2016-06-23 14:21:03'),(1271,604,1,1,'Item was created simultaneously with WDU500010002.','2016-06-23 14:21:03','2016-06-23 14:21:03'),(1272,604,2,1,'Item was attached to WDU500010002 at arrival.','2016-06-23 14:21:03','2016-06-23 14:21:03'),(1273,605,1,1,'Item was created simultaneously with WDU500010002.','2016-06-23 14:21:03','2016-06-23 14:21:03'),(1274,605,2,1,'Item was attached to WDU500010002 at arrival.','2016-06-23 14:21:03','2016-06-23 14:21:03'),(1275,606,1,1,'Item was created simultaneously with WDU500010002.','2016-06-23 14:21:03','2016-06-23 14:21:03'),(1276,606,2,1,'Item was attached to WDU500010002 at arrival.','2016-06-23 14:21:03','2016-06-23 14:21:03'),(1277,607,1,1,'Item was created simultaneously with WDU500010002.','2016-06-23 14:21:03','2016-06-23 14:21:03'),(1278,607,2,1,'Item was attached to WDU500010002 at arrival.','2016-06-23 14:21:03','2016-06-23 14:21:03'),(1279,608,1,1,'Item was created simultaneously with WDU500010002.','2016-06-23 14:21:03','2016-06-23 14:21:03'),(1280,608,2,1,'Item was attached to WDU500010002 at arrival.','2016-06-23 14:21:03','2016-06-23 14:21:03'),(1281,609,1,1,'Item was created simultaneously with WDU500010002.','2016-06-23 14:21:03','2016-06-23 14:21:03'),(1282,609,2,1,'Item was attached to WDU500010002 at arrival.','2016-06-23 14:21:03','2016-06-23 14:21:03'),(1283,610,1,1,'Item was created simultaneously with WDU500010002.','2016-06-23 14:21:03','2016-06-23 14:21:03'),(1284,610,2,1,'Item was attached to WDU500010002 at arrival.','2016-06-23 14:21:03','2016-06-23 14:21:03'),(1285,611,1,1,'Item was created simultaneously with WDU500010002.','2016-06-23 14:21:03','2016-06-23 14:21:03'),(1286,611,2,1,'Item was attached to WDU500010002 at arrival.','2016-06-23 14:21:03','2016-06-23 14:21:03'),(1287,612,1,1,'Item was created simultaneously with WDU500010002.','2016-06-23 14:21:03','2016-06-23 14:21:03'),(1288,612,2,1,'Item was attached to WDU500010002 at arrival.','2016-06-23 14:21:03','2016-06-23 14:21:03'),(1289,613,1,1,'Item was created simultaneously with WDU500010002.','2016-06-23 14:21:03','2016-06-23 14:21:03'),(1290,613,2,1,'Item was attached to WDU500010002 at arrival.','2016-06-23 14:21:03','2016-06-23 14:21:03'),(1291,614,1,1,'Item was created simultaneously with WDU500010002.','2016-06-23 14:21:03','2016-06-23 14:21:03'),(1292,614,2,1,'Item was attached to WDU500010002 at arrival.','2016-06-23 14:21:03','2016-06-23 14:21:03'),(1293,615,1,1,'Item was created simultaneously with WDU500010002.','2016-06-23 14:21:04','2016-06-23 14:21:04'),(1294,615,2,1,'Item was attached to WDU500010002 at arrival.','2016-06-23 14:21:04','2016-06-23 14:21:04'),(1295,616,1,1,'Item was created simultaneously with WDU500010002.','2016-06-23 14:21:04','2016-06-23 14:21:04'),(1296,616,2,1,'Item was attached to WDU500010002 at arrival.','2016-06-23 14:21:04','2016-06-23 14:21:04'),(1297,617,1,1,'Item was created simultaneously with WDU500010002.','2016-06-23 14:21:04','2016-06-23 14:21:04'),(1298,617,2,1,'Item was attached to WDU500010002 at arrival.','2016-06-23 14:21:04','2016-06-23 14:21:04'),(1299,618,1,1,'Item was created simultaneously with WDU500010002.','2016-06-23 14:21:04','2016-06-23 14:21:04'),(1300,618,2,1,'Item was attached to WDU500010002 at arrival.','2016-06-23 14:21:04','2016-06-23 14:21:04'),(1301,619,1,1,'Item was created simultaneously with WDU500010002.','2016-06-23 14:21:04','2016-06-23 14:21:04'),(1302,619,2,1,'Item was attached to WDU500010002 at arrival.','2016-06-23 14:21:04','2016-06-23 14:21:04'),(1303,620,1,1,'Item was created simultaneously with WDU500010002.','2016-06-23 14:21:04','2016-06-23 14:21:04'),(1304,620,2,1,'Item was attached to WDU500010002 at arrival.','2016-06-23 14:21:04','2016-06-23 14:21:04'),(1305,621,1,1,'Item was created simultaneously with WDU500010002.','2016-06-23 14:21:04','2016-06-23 14:21:04'),(1306,621,2,1,'Item was attached to WDU500010002 at arrival.','2016-06-23 14:21:04','2016-06-23 14:21:04'),(1307,622,1,1,'Item was created simultaneously with WDU500010002.','2016-06-23 14:21:04','2016-06-23 14:21:04'),(1308,622,2,1,'Item was attached to WDU500010002 at arrival.','2016-06-23 14:21:04','2016-06-23 14:21:04'),(1309,623,1,1,'Item was created simultaneously with WDU500010002.','2016-06-23 14:21:04','2016-06-23 14:21:04'),(1310,623,2,1,'Item was attached to WDU500010002 at arrival.','2016-06-23 14:21:04','2016-06-23 14:21:04'),(1311,624,1,1,'Item was created simultaneously with WDU500010002.','2016-06-23 14:21:04','2016-06-23 14:21:04'),(1312,624,2,1,'Item was attached to WDU500010002 at arrival.','2016-06-23 14:21:04','2016-06-23 14:21:04'),(1313,625,1,1,'Item was created simultaneously with WDU500010002.','2016-06-23 14:21:04','2016-06-23 14:21:04'),(1314,625,2,1,'Item was attached to WDU500010002 at arrival.','2016-06-23 14:21:04','2016-06-23 14:21:04'),(1315,626,1,1,'Item was created simultaneously with WDU500010002.','2016-06-23 14:21:04','2016-06-23 14:21:04'),(1316,626,2,1,'Item was attached to WDU500010002 at arrival.','2016-06-23 14:21:04','2016-06-23 14:21:04'),(1317,627,1,1,'Item was created simultaneously with WDU500010002.','2016-06-23 14:21:04','2016-06-23 14:21:04'),(1318,627,2,1,'Item was attached to WDU500010002 at arrival.','2016-06-23 14:21:04','2016-06-23 14:21:04'),(1319,628,1,1,'Item was created simultaneously with WDU500010002.','2016-06-23 14:21:04','2016-06-23 14:21:04'),(1320,628,2,1,'Item was attached to WDU500010002 at arrival.','2016-06-23 14:21:04','2016-06-23 14:21:04'),(1321,629,1,1,'Item was created simultaneously with WDU500010002.','2016-06-23 14:21:04','2016-06-23 14:21:04'),(1322,629,2,1,'Item was attached to WDU500010002 at arrival.','2016-06-23 14:21:04','2016-06-23 14:21:04'),(1323,630,1,1,'Item was created simultaneously with WDU500010002.','2016-06-23 14:21:04','2016-06-23 14:21:04'),(1324,630,2,1,'Item was attached to WDU500010002 at arrival.','2016-06-23 14:21:04','2016-06-23 14:21:04'),(1325,631,1,1,'Item was created simultaneously with WDU500010002.','2016-06-23 14:21:04','2016-06-23 14:21:04'),(1326,631,2,1,'Item was attached to WDU500010002 at arrival.','2016-06-23 14:21:04','2016-06-23 14:21:04'),(1327,632,1,1,'Item was created simultaneously with WDU500010002.','2016-06-23 14:21:04','2016-06-23 14:21:04'),(1328,632,2,1,'Item was attached to WDU500010002 at arrival.','2016-06-23 14:21:04','2016-06-23 14:21:04'),(1329,633,1,1,'Item was created simultaneously with WDU500010002.','2016-06-23 14:21:04','2016-06-23 14:21:04'),(1330,633,2,1,'Item was attached to WDU500010002 at arrival.','2016-06-23 14:21:04','2016-06-23 14:21:04'),(1331,634,1,1,'Item was created simultaneously with WDU500010002.','2016-06-23 14:21:04','2016-06-23 14:21:04'),(1332,634,2,1,'Item was attached to WDU500010002 at arrival.','2016-06-23 14:21:04','2016-06-23 14:21:04'),(1333,635,1,1,'Item was created simultaneously with WDU500010002.','2016-06-23 14:21:04','2016-06-23 14:21:04'),(1334,635,2,1,'Item was attached to WDU500010002 at arrival.','2016-06-23 14:21:04','2016-06-23 14:21:04'),(1335,636,1,1,'Item was created simultaneously with WDU500010002.','2016-06-23 14:21:04','2016-06-23 14:21:04'),(1336,636,2,1,'Item was attached to WDU500010002 at arrival.','2016-06-23 14:21:04','2016-06-23 14:21:04'),(1337,637,1,1,'Item was created simultaneously with WDU500010002.','2016-06-23 14:21:04','2016-06-23 14:21:04'),(1338,637,2,1,'Item was attached to WDU500010002 at arrival.','2016-06-23 14:21:04','2016-06-23 14:21:04'),(1339,638,1,1,'Item was created simultaneously with WDU500010002.','2016-06-23 14:21:04','2016-06-23 14:21:04'),(1340,638,2,1,'Item was attached to WDU500010002 at arrival.','2016-06-23 14:21:04','2016-06-23 14:21:04'),(1341,639,1,1,'Item was created simultaneously with WDU500010002.','2016-06-23 14:21:04','2016-06-23 14:21:04'),(1342,639,2,1,'Item was attached to WDU500010002 at arrival.','2016-06-23 14:21:04','2016-06-23 14:21:04'),(1343,640,1,1,'Item was created simultaneously with WDU500010002.','2016-06-23 14:21:04','2016-06-23 14:21:04'),(1344,640,2,1,'Item was attached to WDU500010002 at arrival.','2016-06-23 14:21:04','2016-06-23 14:21:04'),(1345,641,1,1,'Item was created simultaneously with WDU500010002.','2016-06-23 14:21:05','2016-06-23 14:21:05'),(1346,641,2,1,'Item was attached to WDU500010002 at arrival.','2016-06-23 14:21:05','2016-06-23 14:21:05'),(1347,642,1,1,'Item was created simultaneously with WDU500010002.','2016-06-23 14:21:05','2016-06-23 14:21:05'),(1348,642,2,1,'Item was attached to WDU500010002 at arrival.','2016-06-23 14:21:05','2016-06-23 14:21:05'),(1349,643,1,1,'Item was created simultaneously with WDU500010002.','2016-06-23 14:21:05','2016-06-23 14:21:05'),(1350,643,2,1,'Item was attached to WDU500010002 at arrival.','2016-06-23 14:21:05','2016-06-23 14:21:05'),(1351,644,1,1,'Item was created simultaneously with WDU500010002.','2016-06-23 14:21:05','2016-06-23 14:21:05'),(1352,644,2,1,'Item was attached to WDU500010002 at arrival.','2016-06-23 14:21:05','2016-06-23 14:21:05'),(1353,645,1,1,'Item was created simultaneously with WDU500010002.','2016-06-23 14:21:05','2016-06-23 14:21:05'),(1354,645,2,1,'Item was attached to WDU500010002 at arrival.','2016-06-23 14:21:05','2016-06-23 14:21:05'),(1355,646,1,1,'Item was created simultaneously with WDU500010002.','2016-06-23 14:21:05','2016-06-23 14:21:05'),(1356,646,2,1,'Item was attached to WDU500010002 at arrival.','2016-06-23 14:21:05','2016-06-23 14:21:05'),(1357,647,1,1,'Item was created simultaneously with WDU500010002.','2016-06-23 14:21:05','2016-06-23 14:21:05'),(1358,647,2,1,'Item was attached to WDU500010002 at arrival.','2016-06-23 14:21:05','2016-06-23 14:21:05'),(1359,648,1,1,'Item was created simultaneously with WDU500010002.','2016-06-23 14:21:05','2016-06-23 14:21:05'),(1360,648,2,1,'Item was attached to WDU500010002 at arrival.','2016-06-23 14:21:05','2016-06-23 14:21:05'),(1361,649,1,1,'Item was created simultaneously with WDU500010002.','2016-06-23 14:21:05','2016-06-23 14:21:05'),(1362,649,2,1,'Item was attached to WDU500010002 at arrival.','2016-06-23 14:21:05','2016-06-23 14:21:05'),(1363,650,1,1,'Item was created simultaneously with WDU500010002.','2016-06-23 14:21:05','2016-06-23 14:21:05'),(1364,650,2,1,'Item was attached to WDU500010002 at arrival.','2016-06-23 14:21:05','2016-06-23 14:21:05'),(1365,651,1,1,'Item was created simultaneously with WDU500010002.','2016-06-23 14:21:05','2016-06-23 14:21:05'),(1366,651,2,1,'Item was attached to WDU500010002 at arrival.','2016-06-23 14:21:05','2016-06-23 14:21:05'),(1367,652,1,1,'Item was created simultaneously with WDU500010002.','2016-06-23 14:21:05','2016-06-23 14:21:05'),(1368,652,2,1,'Item was attached to WDU500010002 at arrival.','2016-06-23 14:21:05','2016-06-23 14:21:05'),(1369,653,1,1,'Item was created simultaneously with WDU500010002.','2016-06-23 14:21:05','2016-06-23 14:21:05'),(1370,653,2,1,'Item was attached to WDU500010002 at arrival.','2016-06-23 14:21:05','2016-06-23 14:21:05'),(1371,654,1,1,'Item was created simultaneously with WDU500010002.','2016-06-23 14:21:05','2016-06-23 14:21:05'),(1372,654,2,1,'Item was attached to WDU500010002 at arrival.','2016-06-23 14:21:05','2016-06-23 14:21:05'),(1373,655,1,1,'Item was created simultaneously with WDU500010002.','2016-06-23 14:21:05','2016-06-23 14:21:05'),(1374,655,2,1,'Item was attached to WDU500010002 at arrival.','2016-06-23 14:21:05','2016-06-23 14:21:05'),(1375,656,1,1,'Item was created simultaneously with WDU500010002.','2016-06-23 14:21:05','2016-06-23 14:21:05'),(1376,656,2,1,'Item was attached to WDU500010002 at arrival.','2016-06-23 14:21:05','2016-06-23 14:21:05'),(1377,657,1,1,'Item was created simultaneously with WDU500010002.','2016-06-23 14:21:05','2016-06-23 14:21:05'),(1378,657,2,1,'Item was attached to WDU500010002 at arrival.','2016-06-23 14:21:05','2016-06-23 14:21:05'),(1379,658,1,1,'Item was created simultaneously with WDU500010002.','2016-06-23 14:21:05','2016-06-23 14:21:05'),(1380,658,2,1,'Item was attached to WDU500010002 at arrival.','2016-06-23 14:21:05','2016-06-23 14:21:05'),(1381,659,1,1,'Item was created simultaneously with WDU500010002.','2016-06-23 14:21:05','2016-06-23 14:21:05'),(1382,659,2,1,'Item was attached to WDU500010002 at arrival.','2016-06-23 14:21:05','2016-06-23 14:21:05'),(1383,660,1,1,'Item was created simultaneously with WDU500010002.','2016-06-23 14:21:05','2016-06-23 14:21:05'),(1384,660,2,1,'Item was attached to WDU500010002 at arrival.','2016-06-23 14:21:05','2016-06-23 14:21:05'),(1385,661,1,1,'Item was created simultaneously with WDU500010002.','2016-06-23 14:21:05','2016-06-23 14:21:05'),(1386,661,2,1,'Item was attached to WDU500010002 at arrival.','2016-06-23 14:21:05','2016-06-23 14:21:05'),(1387,662,1,1,'Item was created simultaneously with WDU500010002.','2016-06-23 14:21:05','2016-06-23 14:21:05'),(1388,662,2,1,'Item was attached to WDU500010002 at arrival.','2016-06-23 14:21:05','2016-06-23 14:21:05'),(1389,663,1,1,'Item was created simultaneously with WDU500010002.','2016-06-23 14:21:05','2016-06-23 14:21:05'),(1390,663,2,1,'Item was attached to WDU500010002 at arrival.','2016-06-23 14:21:05','2016-06-23 14:21:05'),(1391,664,1,1,'Item was created simultaneously with WDU500010002.','2016-06-23 14:21:05','2016-06-23 14:21:05'),(1392,664,2,1,'Item was attached to WDU500010002 at arrival.','2016-06-23 14:21:05','2016-06-23 14:21:05'),(1393,665,1,1,'Item was created simultaneously with WDU500010002.','2016-06-23 14:21:05','2016-06-23 14:21:05'),(1394,665,2,1,'Item was attached to WDU500010002 at arrival.','2016-06-23 14:21:05','2016-06-23 14:21:05'),(1395,666,1,1,'Item was created simultaneously with WDU500010002.','2016-06-23 14:21:05','2016-06-23 14:21:05'),(1396,666,2,1,'Item was attached to WDU500010002 at arrival.','2016-06-23 14:21:05','2016-06-23 14:21:05'),(1397,667,1,1,'Item was created simultaneously with WDU500010002.','2016-06-23 14:21:06','2016-06-23 14:21:06'),(1398,667,2,1,'Item was attached to WDU500010002 at arrival.','2016-06-23 14:21:06','2016-06-23 14:21:06'),(1399,668,1,1,'Item was created simultaneously with WDU500010002.','2016-06-23 14:21:06','2016-06-23 14:21:06'),(1400,668,2,1,'Item was attached to WDU500010002 at arrival.','2016-06-23 14:21:06','2016-06-23 14:21:06'),(1401,669,1,1,'Item was created simultaneously with WDU500010002.','2016-06-23 14:21:06','2016-06-23 14:21:06'),(1402,669,2,1,'Item was attached to WDU500010002 at arrival.','2016-06-23 14:21:06','2016-06-23 14:21:06'),(1403,670,1,1,'Item was created simultaneously with WDU500010002.','2016-06-23 14:21:06','2016-06-23 14:21:06'),(1404,670,2,1,'Item was attached to WDU500010002 at arrival.','2016-06-23 14:21:06','2016-06-23 14:21:06'),(1405,671,1,1,'Item was created simultaneously with WDU500010002.','2016-06-23 14:21:06','2016-06-23 14:21:06'),(1406,671,2,1,'Item was attached to WDU500010002 at arrival.','2016-06-23 14:21:06','2016-06-23 14:21:06'),(1407,672,1,1,'Item was created simultaneously with WDU500010002.','2016-06-23 14:21:06','2016-06-23 14:21:06'),(1408,672,2,1,'Item was attached to WDU500010002 at arrival.','2016-06-23 14:21:06','2016-06-23 14:21:06'),(1409,673,1,1,'Item was created simultaneously with WDU500010002.','2016-06-23 14:21:06','2016-06-23 14:21:06'),(1410,673,2,1,'Item was attached to WDU500010002 at arrival.','2016-06-23 14:21:06','2016-06-23 14:21:06'),(1411,674,1,1,'Item was created simultaneously with WDU500010002.','2016-06-23 14:21:06','2016-06-23 14:21:06'),(1412,674,2,1,'Item was attached to WDU500010002 at arrival.','2016-06-23 14:21:06','2016-06-23 14:21:06'),(1413,675,1,1,'Item was created simultaneously with WDU500010002.','2016-06-23 14:21:06','2016-06-23 14:21:06'),(1414,675,2,1,'Item was attached to WDU500010002 at arrival.','2016-06-23 14:21:06','2016-06-23 14:21:06'),(1415,676,1,1,'Item was created simultaneously with WDU500010002.','2016-06-23 14:21:06','2016-06-23 14:21:06'),(1416,676,2,1,'Item was attached to WDU500010002 at arrival.','2016-06-23 14:21:06','2016-06-23 14:21:06'),(1417,677,1,1,'Item was created simultaneously with WDU500010002.','2016-06-23 14:21:06','2016-06-23 14:21:06'),(1418,677,2,1,'Item was attached to WDU500010002 at arrival.','2016-06-23 14:21:06','2016-06-23 14:21:06'),(1419,678,1,1,'Item was created simultaneously with WDU500010002.','2016-06-23 14:21:06','2016-06-23 14:21:06'),(1420,678,2,1,'Item was attached to WDU500010002 at arrival.','2016-06-23 14:21:06','2016-06-23 14:21:06'),(1421,679,1,1,'Item was created simultaneously with WDU500010002.','2016-06-23 14:21:06','2016-06-23 14:21:06'),(1422,679,2,1,'Item was attached to WDU500010002 at arrival.','2016-06-23 14:21:06','2016-06-23 14:21:06'),(1423,680,1,1,'Item was created simultaneously with WDU500010002.','2016-06-23 14:21:06','2016-06-23 14:21:06'),(1424,680,2,1,'Item was attached to WDU500010002 at arrival.','2016-06-23 14:21:06','2016-06-23 14:21:06'),(1425,681,1,1,'Item was created simultaneously with WDU500010002.','2016-06-23 14:21:06','2016-06-23 14:21:06'),(1426,681,2,1,'Item was attached to WDU500010002 at arrival.','2016-06-23 14:21:06','2016-06-23 14:21:06'),(1427,682,1,1,'Item was created simultaneously with WDU500010002.','2016-06-23 14:21:06','2016-06-23 14:21:06'),(1428,682,2,1,'Item was attached to WDU500010002 at arrival.','2016-06-23 14:21:06','2016-06-23 14:21:06'),(1429,683,1,1,'Item was created simultaneously with WDU500010002.','2016-06-23 14:21:06','2016-06-23 14:21:06'),(1430,683,2,1,'Item was attached to WDU500010002 at arrival.','2016-06-23 14:21:06','2016-06-23 14:21:06'),(1431,684,1,1,'Item was created simultaneously with WDU500010002.','2016-06-23 14:21:06','2016-06-23 14:21:06'),(1432,684,2,1,'Item was attached to WDU500010002 at arrival.','2016-06-23 14:21:06','2016-06-23 14:21:06'),(1433,685,1,1,'Item was created simultaneously with WDU500010002.','2016-06-23 14:21:06','2016-06-23 14:21:06'),(1434,685,2,1,'Item was attached to WDU500010002 at arrival.','2016-06-23 14:21:06','2016-06-23 14:21:06'),(1435,686,1,1,'Item was created simultaneously with WDU500010002.','2016-06-23 14:21:06','2016-06-23 14:21:06'),(1436,686,2,1,'Item was attached to WDU500010002 at arrival.','2016-06-23 14:21:06','2016-06-23 14:21:06'),(1437,687,1,1,'Item was created simultaneously with WDU500010002.','2016-06-23 14:21:06','2016-06-23 14:21:06'),(1438,687,2,1,'Item was attached to WDU500010002 at arrival.','2016-06-23 14:21:06','2016-06-23 14:21:06'),(1439,688,1,1,'Item was created simultaneously with WDU500010002.','2016-06-23 14:21:06','2016-06-23 14:21:06'),(1440,688,2,1,'Item was attached to WDU500010002 at arrival.','2016-06-23 14:21:06','2016-06-23 14:21:06'),(1441,104,2,1,'Item SDU5000100020504 was attached at arrival.','2016-06-23 14:21:06','2016-06-23 14:21:06'),(1442,104,2,1,'Item SDU5000100020505 was attached at arrival.','2016-06-23 14:21:06','2016-06-23 14:21:06'),(1443,104,2,1,'Item SDU5000100020506 was attached at arrival.','2016-06-23 14:21:06','2016-06-23 14:21:06'),(1444,104,2,1,'Item SDU5000100020507 was attached at arrival.','2016-06-23 14:21:06','2016-06-23 14:21:06'),(1445,104,2,1,'Item SDU5000100020508 was attached at arrival.','2016-06-23 14:21:06','2016-06-23 14:21:06'),(1446,104,2,1,'Item SDU5000100020509 was attached at arrival.','2016-06-23 14:21:06','2016-06-23 14:21:06'),(1447,104,2,1,'Item SDU5000100020510 was attached at arrival.','2016-06-23 14:21:06','2016-06-23 14:21:06'),(1448,104,2,1,'Item SDU5000100020511 was attached at arrival.','2016-06-23 14:21:06','2016-06-23 14:21:06'),(1449,104,2,1,'Item SDU5000100020512 was attached at arrival.','2016-06-23 14:21:06','2016-06-23 14:21:06'),(1450,104,2,1,'Item SDU5000100020513 was attached at arrival.','2016-06-23 14:21:06','2016-06-23 14:21:06'),(1451,104,2,1,'Item SDU5000100020514 was attached at arrival.','2016-06-23 14:21:06','2016-06-23 14:21:06'),(1452,104,2,1,'Item SDU5000100020515 was attached at arrival.','2016-06-23 14:21:06','2016-06-23 14:21:06'),(1453,104,2,1,'Item SDU5000100020516 was attached at arrival.','2016-06-23 14:21:06','2016-06-23 14:21:06'),(1454,104,2,1,'Item SDU5000100020517 was attached at arrival.','2016-06-23 14:21:06','2016-06-23 14:21:06'),(1455,104,2,1,'Item SDU5000100020518 was attached at arrival.','2016-06-23 14:21:06','2016-06-23 14:21:06'),(1456,104,2,1,'Item SDU5000100020519 was attached at arrival.','2016-06-23 14:21:06','2016-06-23 14:21:06'),(1457,104,2,1,'Item SDU5000100020520 was attached at arrival.','2016-06-23 14:21:07','2016-06-23 14:21:06'),(1458,104,2,1,'Item SDU5000100020521 was attached at arrival.','2016-06-23 14:21:07','2016-06-23 14:21:07'),(1459,104,2,1,'Item SDU5000100020522 was attached at arrival.','2016-06-23 14:21:07','2016-06-23 14:21:07'),(1460,104,2,1,'Item SDU5000100020523 was attached at arrival.','2016-06-23 14:21:07','2016-06-23 14:21:07'),(1461,104,2,1,'Item SDU5000100020901 was attached at arrival.','2016-06-23 14:21:07','2016-06-23 14:21:07'),(1462,104,2,1,'Item SDU5000100020902 was attached at arrival.','2016-06-23 14:21:07','2016-06-23 14:21:07'),(1463,104,2,1,'Item SDU5000100020903 was attached at arrival.','2016-06-23 14:21:07','2016-06-23 14:21:07'),(1464,104,2,1,'Item SDU5000100020905 was attached at arrival.','2016-06-23 14:21:07','2016-06-23 14:21:07'),(1465,104,2,1,'Item SDU5000100020906 was attached at arrival.','2016-06-23 14:21:07','2016-06-23 14:21:07'),(1466,104,2,1,'Item SDU5000100020907 was attached at arrival.','2016-06-23 14:21:07','2016-06-23 14:21:07'),(1467,104,2,1,'Item SDU5000100020908 was attached at arrival.','2016-06-23 14:21:07','2016-06-23 14:21:07'),(1468,104,2,1,'Item SDU5000100020909 was attached at arrival.','2016-06-23 14:21:07','2016-06-23 14:21:07'),(1469,104,2,1,'Item SDU5000100020911 was attached at arrival.','2016-06-23 14:21:07','2016-06-23 14:21:07'),(1470,104,2,1,'Item SDU5000100020912 was attached at arrival.','2016-06-23 14:21:07','2016-06-23 14:21:07'),(1471,104,2,1,'Item SDU5000100020913 was attached at arrival.','2016-06-23 14:21:07','2016-06-23 14:21:07'),(1472,104,2,1,'Item SDU5000100020914 was attached at arrival.','2016-06-23 14:21:07','2016-06-23 14:21:07'),(1473,104,2,1,'Item SDU5000100020915 was attached at arrival.','2016-06-23 14:21:07','2016-06-23 14:21:07'),(1474,104,2,1,'Item SDU5000100020916 was attached at arrival.','2016-06-23 14:21:07','2016-06-23 14:21:07'),(1475,104,2,1,'Item SDU5000100020918 was attached at arrival.','2016-06-23 14:21:07','2016-06-23 14:21:07'),(1476,104,2,1,'Item SDU5000100020919 was attached at arrival.','2016-06-23 14:21:07','2016-06-23 14:21:07'),(1477,104,2,1,'Item SDU5000100020920 was attached at arrival.','2016-06-23 14:21:07','2016-06-23 14:21:07'),(1478,104,2,1,'Item SDU5000100020921 was attached at arrival.','2016-06-23 14:21:07','2016-06-23 14:21:07'),(1479,104,2,1,'Item SDU5000100020922 was attached at arrival.','2016-06-23 14:21:07','2016-06-23 14:21:07'),(1480,104,2,1,'Item SDU5000100020924 was attached at arrival.','2016-06-23 14:21:07','2016-06-23 14:21:07'),(1481,104,2,1,'Item SDU5000100020925 was attached at arrival.','2016-06-23 14:21:07','2016-06-23 14:21:07'),(1482,104,2,1,'Item SDU5000100020926 was attached at arrival.','2016-06-23 14:21:07','2016-06-23 14:21:07'),(1483,104,2,1,'Item SDU5000100021301 was attached at arrival.','2016-06-23 14:21:07','2016-06-23 14:21:07'),(1484,104,2,1,'Item SDU5000100021302 was attached at arrival.','2016-06-23 14:21:07','2016-06-23 14:21:07'),(1485,104,2,1,'Item SDU5000100021303 was attached at arrival.','2016-06-23 14:21:07','2016-06-23 14:21:07'),(1486,104,2,1,'Item SDU5000100021304 was attached at arrival.','2016-06-23 14:21:07','2016-06-23 14:21:07'),(1487,104,2,1,'Item SDU5000100021305 was attached at arrival.','2016-06-23 14:21:07','2016-06-23 14:21:07'),(1488,104,2,1,'Item SDU5000100021306 was attached at arrival.','2016-06-23 14:21:07','2016-06-23 14:21:07'),(1489,104,2,1,'Item SDU5000100021307 was attached at arrival.','2016-06-23 14:21:07','2016-06-23 14:21:07'),(1490,104,2,1,'Item SDU5000100021308 was attached at arrival.','2016-06-23 14:21:07','2016-06-23 14:21:07'),(1491,104,2,1,'Item SDU5000100021309 was attached at arrival.','2016-06-23 14:21:07','2016-06-23 14:21:07'),(1492,104,2,1,'Item SDU5000100021310 was attached at arrival.','2016-06-23 14:21:07','2016-06-23 14:21:07'),(1493,104,2,1,'Item SDU5000100021311 was attached at arrival.','2016-06-23 14:21:07','2016-06-23 14:21:07'),(1494,104,2,1,'Item SDU5000100021312 was attached at arrival.','2016-06-23 14:21:07','2016-06-23 14:21:07'),(1495,104,2,1,'Item SDU5000100021313 was attached at arrival.','2016-06-23 14:21:07','2016-06-23 14:21:07'),(1496,104,2,1,'Item SDU5000100021314 was attached at arrival.','2016-06-23 14:21:07','2016-06-23 14:21:07'),(1497,104,2,1,'Item SDU5000100021315 was attached at arrival.','2016-06-23 14:21:07','2016-06-23 14:21:07'),(1498,104,2,1,'Item SDU5000100021316 was attached at arrival.','2016-06-23 14:21:07','2016-06-23 14:21:07'),(1499,104,2,1,'Item SDU5000100021317 was attached at arrival.','2016-06-23 14:21:07','2016-06-23 14:21:07'),(1500,104,2,1,'Item SDU5000100021318 was attached at arrival.','2016-06-23 14:21:07','2016-06-23 14:21:07'),(1501,104,2,1,'Item SDU5000100021319 was attached at arrival.','2016-06-23 14:21:07','2016-06-23 14:21:07'),(1502,104,2,1,'Item SDU5000100021320 was attached at arrival.','2016-06-23 14:21:07','2016-06-23 14:21:07'),(1503,104,2,1,'Item SDU5000100021321 was attached at arrival.','2016-06-23 14:21:07','2016-06-23 14:21:07'),(1504,104,2,1,'Item SDU5000100021322 was attached at arrival.','2016-06-23 14:21:07','2016-06-23 14:21:07'),(1505,104,2,1,'Item SDU5000100021323 was attached at arrival.','2016-06-23 14:21:07','2016-06-23 14:21:07'),(1506,104,2,1,'Item SDU5000100021324 was attached at arrival.','2016-06-23 14:21:07','2016-06-23 14:21:07'),(1507,104,2,1,'Item SDU5000100021325 was attached at arrival.','2016-06-23 14:21:07','2016-06-23 14:21:07'),(1508,104,2,1,'Item SDU5000100021326 was attached at arrival.','2016-06-23 14:21:07','2016-06-23 14:21:07'),(1509,104,2,1,'Item SDU5000100021327 was attached at arrival.','2016-06-23 14:21:07','2016-06-23 14:21:07'),(1510,104,2,1,'Item SDU5000100021701 was attached at arrival.','2016-06-23 14:21:07','2016-06-23 14:21:07'),(1511,104,2,1,'Item SDU5000100021702 was attached at arrival.','2016-06-23 14:21:07','2016-06-23 14:21:07'),(1512,104,2,1,'Item SDU5000100021703 was attached at arrival.','2016-06-23 14:21:07','2016-06-23 14:21:07'),(1513,104,2,1,'Item SDU5000100021704 was attached at arrival.','2016-06-23 14:21:07','2016-06-23 14:21:07'),(1514,104,2,1,'Item SDU5000100021705 was attached at arrival.','2016-06-23 14:21:07','2016-06-23 14:21:07'),(1515,104,2,1,'Item SDU5000100021706 was attached at arrival.','2016-06-23 14:21:07','2016-06-23 14:21:07'),(1516,104,2,1,'Item SDU5000100021707 was attached at arrival.','2016-06-23 14:21:07','2016-06-23 14:21:07'),(1517,104,2,1,'Item SDU5000100021708 was attached at arrival.','2016-06-23 14:21:07','2016-06-23 14:21:07'),(1518,104,2,1,'Item SDU5000100021709 was attached at arrival.','2016-06-23 14:21:07','2016-06-23 14:21:07'),(1519,104,2,1,'Item SDU5000100021710 was attached at arrival.','2016-06-23 14:21:07','2016-06-23 14:21:07'),(1520,104,2,1,'Item SDU5000100021711 was attached at arrival.','2016-06-23 14:21:07','2016-06-23 14:21:07'),(1521,104,2,1,'Item SDU5000100021712 was attached at arrival.','2016-06-23 14:21:07','2016-06-23 14:21:07'),(1522,104,2,1,'Item SDU5000100021713 was attached at arrival.','2016-06-23 14:21:07','2016-06-23 14:21:07'),(1523,104,2,1,'Item SDU5000100021714 was attached at arrival.','2016-06-23 14:21:07','2016-06-23 14:21:07'),(1524,104,2,1,'Item SDU5000100021715 was attached at arrival.','2016-06-23 14:21:07','2016-06-23 14:21:07'),(1525,104,2,1,'Item SDU5000100021716 was attached at arrival.','2016-06-23 14:21:07','2016-06-23 14:21:07'),(1526,104,2,1,'Item SDU5000100021717 was attached at arrival.','2016-06-23 14:21:07','2016-06-23 14:21:07'),(1527,104,2,1,'Item SDU5000100021718 was attached at arrival.','2016-06-23 14:21:07','2016-06-23 14:21:07'),(1528,104,2,1,'Item SDU5000100021719 was attached at arrival.','2016-06-23 14:21:07','2016-06-23 14:21:07'),(1529,104,2,1,'Item SDU5000100021720 was attached at arrival.','2016-06-23 14:21:07','2016-06-23 14:21:07'),(1530,104,2,1,'Item SDU5000100021721 was attached at arrival.','2016-06-23 14:21:07','2016-06-23 14:21:07'),(1531,104,2,1,'Item SDU5000100021722 was attached at arrival.','2016-06-23 14:21:07','2016-06-23 14:21:07'),(1532,104,2,1,'Item SDU5000100021723 was attached at arrival.','2016-06-23 14:21:07','2016-06-23 14:21:07'),(1533,104,2,1,'Item SDU5000100021724 was attached at arrival.','2016-06-23 14:21:07','2016-06-23 14:21:07'),(1534,104,2,1,'Item SDU5000100021725 was attached at arrival.','2016-06-23 14:21:07','2016-06-23 14:21:07'),(1535,104,2,1,'Item SDU5000100021726 was attached at arrival.','2016-06-23 14:21:07','2016-06-23 14:21:07'),(1536,104,2,1,'Item SDU5000100021727 was attached at arrival.','2016-06-23 14:21:07','2016-06-23 14:21:07'),(1537,104,2,1,'Item SDU5000100022101 was attached at arrival.','2016-06-23 14:21:07','2016-06-23 14:21:07'),(1538,104,2,1,'Item SDU5000100022102 was attached at arrival.','2016-06-23 14:21:07','2016-06-23 14:21:07'),(1539,104,2,1,'Item SDU5000100022103 was attached at arrival.','2016-06-23 14:21:07','2016-06-23 14:21:07'),(1540,104,2,1,'Item SDU5000100022105 was attached at arrival.','2016-06-23 14:21:07','2016-06-23 14:21:07'),(1541,104,2,1,'Item SDU5000100022106 was attached at arrival.','2016-06-23 14:21:07','2016-06-23 14:21:07'),(1542,104,2,1,'Item SDU5000100022107 was attached at arrival.','2016-06-23 14:21:07','2016-06-23 14:21:07'),(1543,104,2,1,'Item SDU5000100022108 was attached at arrival.','2016-06-23 14:21:07','2016-06-23 14:21:07'),(1544,104,2,1,'Item SDU5000100022109 was attached at arrival.','2016-06-23 14:21:07','2016-06-23 14:21:07'),(1545,104,2,1,'Item SDU5000100022111 was attached at arrival.','2016-06-23 14:21:07','2016-06-23 14:21:07'),(1546,104,2,1,'Item SDU5000100022112 was attached at arrival.','2016-06-23 14:21:07','2016-06-23 14:21:07'),(1547,104,2,1,'Item SDU5000100022113 was attached at arrival.','2016-06-23 14:21:07','2016-06-23 14:21:07'),(1548,104,2,1,'Item SDU5000100022114 was attached at arrival.','2016-06-23 14:21:07','2016-06-23 14:21:07'),(1549,104,2,1,'Item SDU5000100022115 was attached at arrival.','2016-06-23 14:21:07','2016-06-23 14:21:07'),(1550,104,2,1,'Item SDU5000100022116 was attached at arrival.','2016-06-23 14:21:07','2016-06-23 14:21:07'),(1551,104,2,1,'Item SDU5000100022118 was attached at arrival.','2016-06-23 14:21:07','2016-06-23 14:21:07'),(1552,104,2,1,'Item SDU5000100022119 was attached at arrival.','2016-06-23 14:21:07','2016-06-23 14:21:07'),(1553,104,2,1,'Item SDU5000100022120 was attached at arrival.','2016-06-23 14:21:07','2016-06-23 14:21:07'),(1554,104,2,1,'Item SDU5000100022121 was attached at arrival.','2016-06-23 14:21:07','2016-06-23 14:21:07'),(1555,104,2,1,'Item SDU5000100022122 was attached at arrival.','2016-06-23 14:21:07','2016-06-23 14:21:07'),(1556,104,2,1,'Item SDU5000100022124 was attached at arrival.','2016-06-23 14:21:07','2016-06-23 14:21:07'),(1557,104,2,1,'Item SDU5000100022125 was attached at arrival.','2016-06-23 14:21:07','2016-06-23 14:21:07'),(1558,104,2,1,'Item SDU5000100022126 was attached at arrival.','2016-06-23 14:21:07','2016-06-23 14:21:07'),(1559,104,2,1,'Item SDU5000100022504 was attached at arrival.','2016-06-23 14:21:07','2016-06-23 14:21:07'),(1560,104,2,1,'Item SDU5000100022505 was attached at arrival.','2016-06-23 14:21:07','2016-06-23 14:21:07'),(1561,104,2,1,'Item SDU5000100022506 was attached at arrival.','2016-06-23 14:21:07','2016-06-23 14:21:07'),(1562,104,2,1,'Item SDU5000100022507 was attached at arrival.','2016-06-23 14:21:07','2016-06-23 14:21:07'),(1563,104,2,1,'Item SDU5000100022508 was attached at arrival.','2016-06-23 14:21:07','2016-06-23 14:21:07'),(1564,104,2,1,'Item SDU5000100022509 was attached at arrival.','2016-06-23 14:21:07','2016-06-23 14:21:07'),(1565,104,2,1,'Item SDU5000100022510 was attached at arrival.','2016-06-23 14:21:07','2016-06-23 14:21:07'),(1566,104,2,1,'Item SDU5000100022511 was attached at arrival.','2016-06-23 14:21:07','2016-06-23 14:21:07'),(1567,104,2,1,'Item SDU5000100022512 was attached at arrival.','2016-06-23 14:21:07','2016-06-23 14:21:07'),(1568,104,2,1,'Item SDU5000100022513 was attached at arrival.','2016-06-23 14:21:07','2016-06-23 14:21:07'),(1569,104,2,1,'Item SDU5000100022514 was attached at arrival.','2016-06-23 14:21:07','2016-06-23 14:21:07'),(1570,104,2,1,'Item SDU5000100022515 was attached at arrival.','2016-06-23 14:21:07','2016-06-23 14:21:07'),(1571,104,2,1,'Item SDU5000100022516 was attached at arrival.','2016-06-23 14:21:07','2016-06-23 14:21:07'),(1572,104,2,1,'Item SDU5000100022517 was attached at arrival.','2016-06-23 14:21:07','2016-06-23 14:21:07'),(1573,104,2,1,'Item SDU5000100022518 was attached at arrival.','2016-06-23 14:21:07','2016-06-23 14:21:07'),(1574,104,2,1,'Item SDU5000100022519 was attached at arrival.','2016-06-23 14:21:07','2016-06-23 14:21:07'),(1575,104,2,1,'Item SDU5000100022520 was attached at arrival.','2016-06-23 14:21:07','2016-06-23 14:21:07'),(1576,104,2,1,'Item SDU5000100022521 was attached at arrival.','2016-06-23 14:21:07','2016-06-23 14:21:07'),(1577,104,2,1,'Item SDU5000100022522 was attached at arrival.','2016-06-23 14:21:07','2016-06-23 14:21:07'),(1578,104,2,1,'Item SDU5000100022523 was attached at arrival.','2016-06-23 14:21:07','2016-06-23 14:21:07'),(1579,104,2,1,'Item SDU5000100022910 was attached at arrival.','2016-06-23 14:21:07','2016-06-23 14:21:07'),(1580,104,2,1,'Item SDU5000100022911 was attached at arrival.','2016-06-23 14:21:07','2016-06-23 14:21:07'),(1581,104,2,1,'Item SDU5000100022912 was attached at arrival.','2016-06-23 14:21:07','2016-06-23 14:21:07'),(1582,104,2,1,'Item SDU5000100022913 was attached at arrival.','2016-06-23 14:21:07','2016-06-23 14:21:07'),(1583,104,2,1,'Item SDU5000100022914 was attached at arrival.','2016-06-23 14:21:07','2016-06-23 14:21:07'),(1584,104,2,1,'Item SDU5000100022915 was attached at arrival.','2016-06-23 14:21:07','2016-06-23 14:21:07'),(1585,104,2,1,'Item SDU5000100022916 was attached at arrival.','2016-06-23 14:21:07','2016-06-23 14:21:07'),(1586,104,2,1,'Item SDU5000100022917 was attached at arrival.','2016-06-23 14:21:07','2016-06-23 14:21:07'),(1587,104,2,1,'Item SDU5000100020604 was attached at arrival.','2016-06-23 14:21:07','2016-06-23 14:21:07'),(1588,104,2,1,'Item SDU5000100020605 was attached at arrival.','2016-06-23 14:21:07','2016-06-23 14:21:07'),(1589,104,2,1,'Item SDU5000100020606 was attached at arrival.','2016-06-23 14:21:07','2016-06-23 14:21:07'),(1590,104,2,1,'Item SDU5000100020607 was attached at arrival.','2016-06-23 14:21:07','2016-06-23 14:21:07'),(1591,104,2,1,'Item SDU5000100020608 was attached at arrival.','2016-06-23 14:21:07','2016-06-23 14:21:07'),(1592,104,2,1,'Item SDU5000100020609 was attached at arrival.','2016-06-23 14:21:07','2016-06-23 14:21:07'),(1593,104,2,1,'Item SDU5000100020610 was attached at arrival.','2016-06-23 14:21:07','2016-06-23 14:21:07'),(1594,104,2,1,'Item SDU5000100020611 was attached at arrival.','2016-06-23 14:21:07','2016-06-23 14:21:07'),(1595,104,2,1,'Item SDU5000100020612 was attached at arrival.','2016-06-23 14:21:07','2016-06-23 14:21:07'),(1596,104,2,1,'Item SDU5000100020613 was attached at arrival.','2016-06-23 14:21:07','2016-06-23 14:21:07'),(1597,104,2,1,'Item SDU5000100020614 was attached at arrival.','2016-06-23 14:21:07','2016-06-23 14:21:07'),(1598,104,2,1,'Item SDU5000100020615 was attached at arrival.','2016-06-23 14:21:07','2016-06-23 14:21:07'),(1599,104,2,1,'Item SDU5000100020616 was attached at arrival.','2016-06-23 14:21:07','2016-06-23 14:21:07'),(1600,104,2,1,'Item SDU5000100020617 was attached at arrival.','2016-06-23 14:21:07','2016-06-23 14:21:07'),(1601,104,2,1,'Item SDU5000100020618 was attached at arrival.','2016-06-23 14:21:07','2016-06-23 14:21:07'),(1602,104,2,1,'Item SDU5000100020619 was attached at arrival.','2016-06-23 14:21:07','2016-06-23 14:21:07'),(1603,104,2,1,'Item SDU5000100020620 was attached at arrival.','2016-06-23 14:21:07','2016-06-23 14:21:07'),(1604,104,2,1,'Item SDU5000100020621 was attached at arrival.','2016-06-23 14:21:07','2016-06-23 14:21:07'),(1605,104,2,1,'Item SDU5000100020622 was attached at arrival.','2016-06-23 14:21:07','2016-06-23 14:21:07'),(1606,104,2,1,'Item SDU5000100020623 was attached at arrival.','2016-06-23 14:21:07','2016-06-23 14:21:07'),(1607,104,2,1,'Item SDU5000100021001 was attached at arrival.','2016-06-23 14:21:07','2016-06-23 14:21:07'),(1608,104,2,1,'Item SDU5000100021002 was attached at arrival.','2016-06-23 14:21:07','2016-06-23 14:21:07'),(1609,104,2,1,'Item SDU5000100021003 was attached at arrival.','2016-06-23 14:21:07','2016-06-23 14:21:07'),(1610,104,2,1,'Item SDU5000100021005 was attached at arrival.','2016-06-23 14:21:07','2016-06-23 14:21:07'),(1611,104,2,1,'Item SDU5000100021006 was attached at arrival.','2016-06-23 14:21:07','2016-06-23 14:21:07'),(1612,104,2,1,'Item SDU5000100021007 was attached at arrival.','2016-06-23 14:21:07','2016-06-23 14:21:07'),(1613,104,2,1,'Item SDU5000100021008 was attached at arrival.','2016-06-23 14:21:07','2016-06-23 14:21:07'),(1614,104,2,1,'Item SDU5000100021009 was attached at arrival.','2016-06-23 14:21:07','2016-06-23 14:21:07'),(1615,104,2,1,'Item SDU5000100021011 was attached at arrival.','2016-06-23 14:21:07','2016-06-23 14:21:07'),(1616,104,2,1,'Item SDU5000100021012 was attached at arrival.','2016-06-23 14:21:07','2016-06-23 14:21:07'),(1617,104,2,1,'Item SDU5000100021013 was attached at arrival.','2016-06-23 14:21:07','2016-06-23 14:21:07'),(1618,104,2,1,'Item SDU5000100021014 was attached at arrival.','2016-06-23 14:21:07','2016-06-23 14:21:07'),(1619,104,2,1,'Item SDU5000100021015 was attached at arrival.','2016-06-23 14:21:07','2016-06-23 14:21:07'),(1620,104,2,1,'Item SDU5000100021016 was attached at arrival.','2016-06-23 14:21:07','2016-06-23 14:21:07'),(1621,104,2,1,'Item SDU5000100021018 was attached at arrival.','2016-06-23 14:21:07','2016-06-23 14:21:07'),(1622,104,2,1,'Item SDU5000100021019 was attached at arrival.','2016-06-23 14:21:07','2016-06-23 14:21:07'),(1623,104,2,1,'Item SDU5000100021020 was attached at arrival.','2016-06-23 14:21:07','2016-06-23 14:21:07'),(1624,104,2,1,'Item SDU5000100021021 was attached at arrival.','2016-06-23 14:21:07','2016-06-23 14:21:07'),(1625,104,2,1,'Item SDU5000100021022 was attached at arrival.','2016-06-23 14:21:07','2016-06-23 14:21:07'),(1626,104,2,1,'Item SDU5000100021024 was attached at arrival.','2016-06-23 14:21:07','2016-06-23 14:21:07'),(1627,104,2,1,'Item SDU5000100021025 was attached at arrival.','2016-06-23 14:21:07','2016-06-23 14:21:07'),(1628,104,2,1,'Item SDU5000100021026 was attached at arrival.','2016-06-23 14:21:07','2016-06-23 14:21:07'),(1629,104,2,1,'Item SDU5000100021401 was attached at arrival.','2016-06-23 14:21:07','2016-06-23 14:21:07'),(1630,104,2,1,'Item SDU5000100021402 was attached at arrival.','2016-06-23 14:21:07','2016-06-23 14:21:07'),(1631,104,2,1,'Item SDU5000100021403 was attached at arrival.','2016-06-23 14:21:07','2016-06-23 14:21:07'),(1632,104,2,1,'Item SDU5000100021404 was attached at arrival.','2016-06-23 14:21:07','2016-06-23 14:21:07'),(1633,104,2,1,'Item SDU5000100021405 was attached at arrival.','2016-06-23 14:21:07','2016-06-23 14:21:07'),(1634,104,2,1,'Item SDU5000100021406 was attached at arrival.','2016-06-23 14:21:07','2016-06-23 14:21:07'),(1635,104,2,1,'Item SDU5000100021407 was attached at arrival.','2016-06-23 14:21:07','2016-06-23 14:21:07'),(1636,104,2,1,'Item SDU5000100021408 was attached at arrival.','2016-06-23 14:21:07','2016-06-23 14:21:07'),(1637,104,2,1,'Item SDU5000100021409 was attached at arrival.','2016-06-23 14:21:07','2016-06-23 14:21:07'),(1638,104,2,1,'Item SDU5000100021410 was attached at arrival.','2016-06-23 14:21:07','2016-06-23 14:21:07'),(1639,104,2,1,'Item SDU5000100021411 was attached at arrival.','2016-06-23 14:21:07','2016-06-23 14:21:07'),(1640,104,2,1,'Item SDU5000100021412 was attached at arrival.','2016-06-23 14:21:07','2016-06-23 14:21:07'),(1641,104,2,1,'Item SDU5000100021413 was attached at arrival.','2016-06-23 14:21:07','2016-06-23 14:21:07'),(1642,104,2,1,'Item SDU5000100021414 was attached at arrival.','2016-06-23 14:21:07','2016-06-23 14:21:07'),(1643,104,2,1,'Item SDU5000100021415 was attached at arrival.','2016-06-23 14:21:07','2016-06-23 14:21:07'),(1644,104,2,1,'Item SDU5000100021416 was attached at arrival.','2016-06-23 14:21:07','2016-06-23 14:21:07'),(1645,104,2,1,'Item SDU5000100021417 was attached at arrival.','2016-06-23 14:21:07','2016-06-23 14:21:07'),(1646,104,2,1,'Item SDU5000100021418 was attached at arrival.','2016-06-23 14:21:07','2016-06-23 14:21:07'),(1647,104,2,1,'Item SDU5000100021419 was attached at arrival.','2016-06-23 14:21:07','2016-06-23 14:21:07'),(1648,104,2,1,'Item SDU5000100021420 was attached at arrival.','2016-06-23 14:21:07','2016-06-23 14:21:07'),(1649,104,2,1,'Item SDU5000100021421 was attached at arrival.','2016-06-23 14:21:07','2016-06-23 14:21:07'),(1650,104,2,1,'Item SDU5000100021422 was attached at arrival.','2016-06-23 14:21:07','2016-06-23 14:21:07'),(1651,104,2,1,'Item SDU5000100021423 was attached at arrival.','2016-06-23 14:21:07','2016-06-23 14:21:07'),(1652,104,2,1,'Item SDU5000100021424 was attached at arrival.','2016-06-23 14:21:07','2016-06-23 14:21:07'),(1653,104,2,1,'Item SDU5000100021425 was attached at arrival.','2016-06-23 14:21:07','2016-06-23 14:21:07'),(1654,104,2,1,'Item SDU5000100021426 was attached at arrival.','2016-06-23 14:21:07','2016-06-23 14:21:07'),(1655,104,2,1,'Item SDU5000100021427 was attached at arrival.','2016-06-23 14:21:07','2016-06-23 14:21:07'),(1656,104,2,1,'Item SDU5000100021801 was attached at arrival.','2016-06-23 14:21:07','2016-06-23 14:21:07'),(1657,104,2,1,'Item SDU5000100021802 was attached at arrival.','2016-06-23 14:21:07','2016-06-23 14:21:07'),(1658,104,2,1,'Item SDU5000100021803 was attached at arrival.','2016-06-23 14:21:07','2016-06-23 14:21:07'),(1659,104,2,1,'Item SDU5000100021804 was attached at arrival.','2016-06-23 14:21:07','2016-06-23 14:21:07'),(1660,104,2,1,'Item SDU5000100021805 was attached at arrival.','2016-06-23 14:21:07','2016-06-23 14:21:07'),(1661,104,2,1,'Item SDU5000100021806 was attached at arrival.','2016-06-23 14:21:07','2016-06-23 14:21:07'),(1662,104,2,1,'Item SDU5000100021807 was attached at arrival.','2016-06-23 14:21:07','2016-06-23 14:21:07'),(1663,104,2,1,'Item SDU5000100021808 was attached at arrival.','2016-06-23 14:21:07','2016-06-23 14:21:07'),(1664,104,2,1,'Item SDU5000100021809 was attached at arrival.','2016-06-23 14:21:07','2016-06-23 14:21:07'),(1665,104,2,1,'Item SDU5000100021810 was attached at arrival.','2016-06-23 14:21:07','2016-06-23 14:21:07'),(1666,104,2,1,'Item SDU5000100021811 was attached at arrival.','2016-06-23 14:21:07','2016-06-23 14:21:07'),(1667,104,2,1,'Item SDU5000100021812 was attached at arrival.','2016-06-23 14:21:07','2016-06-23 14:21:07'),(1668,104,2,1,'Item SDU5000100021813 was attached at arrival.','2016-06-23 14:21:07','2016-06-23 14:21:07'),(1669,104,2,1,'Item SDU5000100021814 was attached at arrival.','2016-06-23 14:21:07','2016-06-23 14:21:07'),(1670,104,2,1,'Item SDU5000100021815 was attached at arrival.','2016-06-23 14:21:07','2016-06-23 14:21:07'),(1671,104,2,1,'Item SDU5000100021816 was attached at arrival.','2016-06-23 14:21:07','2016-06-23 14:21:07'),(1672,104,2,1,'Item SDU5000100021817 was attached at arrival.','2016-06-23 14:21:07','2016-06-23 14:21:07'),(1673,104,2,1,'Item SDU5000100021818 was attached at arrival.','2016-06-23 14:21:07','2016-06-23 14:21:07'),(1674,104,2,1,'Item SDU5000100021819 was attached at arrival.','2016-06-23 14:21:07','2016-06-23 14:21:07'),(1675,104,2,1,'Item SDU5000100021820 was attached at arrival.','2016-06-23 14:21:07','2016-06-23 14:21:07'),(1676,104,2,1,'Item SDU5000100021821 was attached at arrival.','2016-06-23 14:21:07','2016-06-23 14:21:07'),(1677,104,2,1,'Item SDU5000100021822 was attached at arrival.','2016-06-23 14:21:07','2016-06-23 14:21:07'),(1678,104,2,1,'Item SDU5000100021823 was attached at arrival.','2016-06-23 14:21:07','2016-06-23 14:21:07'),(1679,104,2,1,'Item SDU5000100021824 was attached at arrival.','2016-06-23 14:21:07','2016-06-23 14:21:07'),(1680,104,2,1,'Item SDU5000100021825 was attached at arrival.','2016-06-23 14:21:07','2016-06-23 14:21:07'),(1681,104,2,1,'Item SDU5000100021826 was attached at arrival.','2016-06-23 14:21:07','2016-06-23 14:21:07'),(1682,104,2,1,'Item SDU5000100021827 was attached at arrival.','2016-06-23 14:21:07','2016-06-23 14:21:07'),(1683,104,2,1,'Item SDU5000100022201 was attached at arrival.','2016-06-23 14:21:07','2016-06-23 14:21:07'),(1684,104,2,1,'Item SDU5000100022202 was attached at arrival.','2016-06-23 14:21:07','2016-06-23 14:21:07'),(1685,104,2,1,'Item SDU5000100022203 was attached at arrival.','2016-06-23 14:21:07','2016-06-23 14:21:07'),(1686,104,2,1,'Item SDU5000100022205 was attached at arrival.','2016-06-23 14:21:07','2016-06-23 14:21:07'),(1687,104,2,1,'Item SDU5000100022206 was attached at arrival.','2016-06-23 14:21:07','2016-06-23 14:21:07'),(1688,104,2,1,'Item SDU5000100022207 was attached at arrival.','2016-06-23 14:21:07','2016-06-23 14:21:07'),(1689,104,2,1,'Item SDU5000100022208 was attached at arrival.','2016-06-23 14:21:07','2016-06-23 14:21:07'),(1690,104,2,1,'Item SDU5000100022209 was attached at arrival.','2016-06-23 14:21:07','2016-06-23 14:21:07'),(1691,104,2,1,'Item SDU5000100022211 was attached at arrival.','2016-06-23 14:21:07','2016-06-23 14:21:07'),(1692,104,2,1,'Item SDU5000100022212 was attached at arrival.','2016-06-23 14:21:07','2016-06-23 14:21:07'),(1693,104,2,1,'Item SDU5000100022213 was attached at arrival.','2016-06-23 14:21:07','2016-06-23 14:21:07'),(1694,104,2,1,'Item SDU5000100022214 was attached at arrival.','2016-06-23 14:21:07','2016-06-23 14:21:07'),(1695,104,2,1,'Item SDU5000100022215 was attached at arrival.','2016-06-23 14:21:07','2016-06-23 14:21:07'),(1696,104,2,1,'Item SDU5000100022216 was attached at arrival.','2016-06-23 14:21:07','2016-06-23 14:21:07'),(1697,104,2,1,'Item SDU5000100022218 was attached at arrival.','2016-06-23 14:21:07','2016-06-23 14:21:07'),(1698,104,2,1,'Item SDU5000100022219 was attached at arrival.','2016-06-23 14:21:07','2016-06-23 14:21:07'),(1699,104,2,1,'Item SDU5000100022220 was attached at arrival.','2016-06-23 14:21:07','2016-06-23 14:21:07'),(1700,104,2,1,'Item SDU5000100022221 was attached at arrival.','2016-06-23 14:21:07','2016-06-23 14:21:07'),(1701,104,2,1,'Item SDU5000100022222 was attached at arrival.','2016-06-23 14:21:07','2016-06-23 14:21:07'),(1702,104,2,1,'Item SDU5000100022224 was attached at arrival.','2016-06-23 14:21:07','2016-06-23 14:21:07'),(1703,104,2,1,'Item SDU5000100022225 was attached at arrival.','2016-06-23 14:21:07','2016-06-23 14:21:07'),(1704,104,2,1,'Item SDU5000100022226 was attached at arrival.','2016-06-23 14:21:07','2016-06-23 14:21:07'),(1705,104,2,1,'Item SDU5000100022604 was attached at arrival.','2016-06-23 14:21:07','2016-06-23 14:21:07'),(1706,104,2,1,'Item SDU5000100022605 was attached at arrival.','2016-06-23 14:21:07','2016-06-23 14:21:07'),(1707,104,2,1,'Item SDU5000100022606 was attached at arrival.','2016-06-23 14:21:07','2016-06-23 14:21:07'),(1708,104,2,1,'Item SDU5000100022607 was attached at arrival.','2016-06-23 14:21:07','2016-06-23 14:21:07'),(1709,104,2,1,'Item SDU5000100022608 was attached at arrival.','2016-06-23 14:21:07','2016-06-23 14:21:07'),(1710,104,2,1,'Item SDU5000100022609 was attached at arrival.','2016-06-23 14:21:07','2016-06-23 14:21:07'),(1711,104,2,1,'Item SDU5000100022610 was attached at arrival.','2016-06-23 14:21:07','2016-06-23 14:21:07'),(1712,104,2,1,'Item SDU5000100022611 was attached at arrival.','2016-06-23 14:21:07','2016-06-23 14:21:07'),(1713,104,2,1,'Item SDU5000100022612 was attached at arrival.','2016-06-23 14:21:07','2016-06-23 14:21:07'),(1714,104,2,1,'Item SDU5000100022613 was attached at arrival.','2016-06-23 14:21:07','2016-06-23 14:21:07'),(1715,104,2,1,'Item SDU5000100022614 was attached at arrival.','2016-06-23 14:21:07','2016-06-23 14:21:07'),(1716,104,2,1,'Item SDU5000100022615 was attached at arrival.','2016-06-23 14:21:07','2016-06-23 14:21:07'),(1717,104,2,1,'Item SDU5000100022616 was attached at arrival.','2016-06-23 14:21:07','2016-06-23 14:21:07'),(1718,104,2,1,'Item SDU5000100022617 was attached at arrival.','2016-06-23 14:21:07','2016-06-23 14:21:07'),(1719,104,2,1,'Item SDU5000100022618 was attached at arrival.','2016-06-23 14:21:07','2016-06-23 14:21:07'),(1720,104,2,1,'Item SDU5000100022619 was attached at arrival.','2016-06-23 14:21:07','2016-06-23 14:21:07'),(1721,104,2,1,'Item SDU5000100022620 was attached at arrival.','2016-06-23 14:21:07','2016-06-23 14:21:07'),(1722,104,2,1,'Item SDU5000100022621 was attached at arrival.','2016-06-23 14:21:07','2016-06-23 14:21:07'),(1723,104,2,1,'Item SDU5000100022622 was attached at arrival.','2016-06-23 14:21:07','2016-06-23 14:21:07'),(1724,104,2,1,'Item SDU5000100022623 was attached at arrival.','2016-06-23 14:21:07','2016-06-23 14:21:07'),(1725,104,2,1,'Item SDU5000100023010 was attached at arrival.','2016-06-23 14:21:07','2016-06-23 14:21:07'),(1726,104,2,1,'Item SDU5000100023011 was attached at arrival.','2016-06-23 14:21:07','2016-06-23 14:21:07'),(1727,104,2,1,'Item SDU5000100023012 was attached at arrival.','2016-06-23 14:21:07','2016-06-23 14:21:07'),(1728,104,2,1,'Item SDU5000100023013 was attached at arrival.','2016-06-23 14:21:07','2016-06-23 14:21:07'),(1729,104,2,1,'Item SDU5000100023014 was attached at arrival.','2016-06-23 14:21:07','2016-06-23 14:21:07'),(1730,104,2,1,'Item SDU5000100023015 was attached at arrival.','2016-06-23 14:21:07','2016-06-23 14:21:07'),(1731,104,2,1,'Item SDU5000100023016 was attached at arrival.','2016-06-23 14:21:07','2016-06-23 14:21:07'),(1732,104,2,1,'Item SDU5000100023017 was attached at arrival.','2016-06-23 14:21:07','2016-06-23 14:21:07'),(1733,104,2,1,'Item SDU5000100020310 was attached at arrival.','2016-06-23 14:21:07','2016-06-23 14:21:07'),(1734,104,2,1,'Item SDU5000100020311 was attached at arrival.','2016-06-23 14:21:07','2016-06-23 14:21:07'),(1735,104,2,1,'Item SDU5000100020312 was attached at arrival.','2016-06-23 14:21:07','2016-06-23 14:21:07'),(1736,104,2,1,'Item SDU5000100020313 was attached at arrival.','2016-06-23 14:21:07','2016-06-23 14:21:07'),(1737,104,2,1,'Item SDU5000100020314 was attached at arrival.','2016-06-23 14:21:07','2016-06-23 14:21:07'),(1738,104,2,1,'Item SDU5000100020315 was attached at arrival.','2016-06-23 14:21:07','2016-06-23 14:21:07'),(1739,104,2,1,'Item SDU5000100020316 was attached at arrival.','2016-06-23 14:21:07','2016-06-23 14:21:07'),(1740,104,2,1,'Item SDU5000100020317 was attached at arrival.','2016-06-23 14:21:07','2016-06-23 14:21:07'),(1741,104,2,1,'Item SDU5000100020704 was attached at arrival.','2016-06-23 14:21:07','2016-06-23 14:21:07'),(1742,104,2,1,'Item SDU5000100020705 was attached at arrival.','2016-06-23 14:21:07','2016-06-23 14:21:07'),(1743,104,2,1,'Item SDU5000100020706 was attached at arrival.','2016-06-23 14:21:07','2016-06-23 14:21:07'),(1744,104,2,1,'Item SDU5000100020707 was attached at arrival.','2016-06-23 14:21:07','2016-06-23 14:21:07'),(1745,104,2,1,'Item SDU5000100020708 was attached at arrival.','2016-06-23 14:21:07','2016-06-23 14:21:07'),(1746,104,2,1,'Item SDU5000100020709 was attached at arrival.','2016-06-23 14:21:07','2016-06-23 14:21:07'),(1747,104,2,1,'Item SDU5000100020710 was attached at arrival.','2016-06-23 14:21:07','2016-06-23 14:21:07'),(1748,104,2,1,'Item SDU5000100020711 was attached at arrival.','2016-06-23 14:21:07','2016-06-23 14:21:07'),(1749,104,2,1,'Item SDU5000100020712 was attached at arrival.','2016-06-23 14:21:07','2016-06-23 14:21:07'),(1750,104,2,1,'Item SDU5000100020713 was attached at arrival.','2016-06-23 14:21:07','2016-06-23 14:21:07'),(1751,104,2,1,'Item SDU5000100020714 was attached at arrival.','2016-06-23 14:21:07','2016-06-23 14:21:07'),(1752,104,2,1,'Item SDU5000100020715 was attached at arrival.','2016-06-23 14:21:07','2016-06-23 14:21:07'),(1753,104,2,1,'Item SDU5000100020716 was attached at arrival.','2016-06-23 14:21:07','2016-06-23 14:21:07'),(1754,104,2,1,'Item SDU5000100020717 was attached at arrival.','2016-06-23 14:21:07','2016-06-23 14:21:07'),(1755,104,2,1,'Item SDU5000100020718 was attached at arrival.','2016-06-23 14:21:07','2016-06-23 14:21:07'),(1756,104,2,1,'Item SDU5000100020719 was attached at arrival.','2016-06-23 14:21:07','2016-06-23 14:21:07'),(1757,104,2,1,'Item SDU5000100020720 was attached at arrival.','2016-06-23 14:21:07','2016-06-23 14:21:07'),(1758,104,2,1,'Item SDU5000100020721 was attached at arrival.','2016-06-23 14:21:07','2016-06-23 14:21:07'),(1759,104,2,1,'Item SDU5000100020722 was attached at arrival.','2016-06-23 14:21:07','2016-06-23 14:21:07'),(1760,104,2,1,'Item SDU5000100020723 was attached at arrival.','2016-06-23 14:21:07','2016-06-23 14:21:07'),(1761,104,2,1,'Item SDU5000100021101 was attached at arrival.','2016-06-23 14:21:07','2016-06-23 14:21:07'),(1762,104,2,1,'Item SDU5000100021102 was attached at arrival.','2016-06-23 14:21:07','2016-06-23 14:21:07'),(1763,104,2,1,'Item SDU5000100021103 was attached at arrival.','2016-06-23 14:21:07','2016-06-23 14:21:07'),(1764,104,2,1,'Item SDU5000100021105 was attached at arrival.','2016-06-23 14:21:07','2016-06-23 14:21:07'),(1765,104,2,1,'Item SDU5000100021106 was attached at arrival.','2016-06-23 14:21:07','2016-06-23 14:21:07'),(1766,104,2,1,'Item SDU5000100021107 was attached at arrival.','2016-06-23 14:21:07','2016-06-23 14:21:07'),(1767,104,2,1,'Item SDU5000100021108 was attached at arrival.','2016-06-23 14:21:07','2016-06-23 14:21:07'),(1768,104,2,1,'Item SDU5000100021109 was attached at arrival.','2016-06-23 14:21:07','2016-06-23 14:21:07'),(1769,104,2,1,'Item SDU5000100021111 was attached at arrival.','2016-06-23 14:21:07','2016-06-23 14:21:07'),(1770,104,2,1,'Item SDU5000100021112 was attached at arrival.','2016-06-23 14:21:07','2016-06-23 14:21:07'),(1771,104,2,1,'Item SDU5000100021113 was attached at arrival.','2016-06-23 14:21:07','2016-06-23 14:21:07'),(1772,104,2,1,'Item SDU5000100021114 was attached at arrival.','2016-06-23 14:21:07','2016-06-23 14:21:07'),(1773,104,2,1,'Item SDU5000100021115 was attached at arrival.','2016-06-23 14:21:07','2016-06-23 14:21:07'),(1774,104,2,1,'Item SDU5000100021116 was attached at arrival.','2016-06-23 14:21:07','2016-06-23 14:21:07'),(1775,104,2,1,'Item SDU5000100021118 was attached at arrival.','2016-06-23 14:21:07','2016-06-23 14:21:07'),(1776,104,2,1,'Item SDU5000100021119 was attached at arrival.','2016-06-23 14:21:07','2016-06-23 14:21:07'),(1777,104,2,1,'Item SDU5000100021120 was attached at arrival.','2016-06-23 14:21:07','2016-06-23 14:21:07'),(1778,104,2,1,'Item SDU5000100021121 was attached at arrival.','2016-06-23 14:21:07','2016-06-23 14:21:07'),(1779,104,2,1,'Item SDU5000100021122 was attached at arrival.','2016-06-23 14:21:07','2016-06-23 14:21:07'),(1780,104,2,1,'Item SDU5000100021124 was attached at arrival.','2016-06-23 14:21:07','2016-06-23 14:21:07'),(1781,104,2,1,'Item SDU5000100021125 was attached at arrival.','2016-06-23 14:21:07','2016-06-23 14:21:07'),(1782,104,2,1,'Item SDU5000100021126 was attached at arrival.','2016-06-23 14:21:07','2016-06-23 14:21:07'),(1783,104,2,1,'Item SDU5000100021501 was attached at arrival.','2016-06-23 14:21:07','2016-06-23 14:21:07'),(1784,104,2,1,'Item SDU5000100021502 was attached at arrival.','2016-06-23 14:21:07','2016-06-23 14:21:07'),(1785,104,2,1,'Item SDU5000100021503 was attached at arrival.','2016-06-23 14:21:07','2016-06-23 14:21:07'),(1786,104,2,1,'Item SDU5000100021504 was attached at arrival.','2016-06-23 14:21:07','2016-06-23 14:21:07'),(1787,104,2,1,'Item SDU5000100021505 was attached at arrival.','2016-06-23 14:21:07','2016-06-23 14:21:07'),(1788,104,2,1,'Item SDU5000100021506 was attached at arrival.','2016-06-23 14:21:07','2016-06-23 14:21:07'),(1789,104,2,1,'Item SDU5000100021507 was attached at arrival.','2016-06-23 14:21:07','2016-06-23 14:21:07'),(1790,104,2,1,'Item SDU5000100021508 was attached at arrival.','2016-06-23 14:21:07','2016-06-23 14:21:07'),(1791,104,2,1,'Item SDU5000100021509 was attached at arrival.','2016-06-23 14:21:07','2016-06-23 14:21:07'),(1792,104,2,1,'Item SDU5000100021510 was attached at arrival.','2016-06-23 14:21:07','2016-06-23 14:21:07'),(1793,104,2,1,'Item SDU5000100021511 was attached at arrival.','2016-06-23 14:21:07','2016-06-23 14:21:07'),(1794,104,2,1,'Item SDU5000100021512 was attached at arrival.','2016-06-23 14:21:07','2016-06-23 14:21:07'),(1795,104,2,1,'Item SDU5000100021513 was attached at arrival.','2016-06-23 14:21:07','2016-06-23 14:21:07'),(1796,104,2,1,'Item SDU5000100021514 was attached at arrival.','2016-06-23 14:21:07','2016-06-23 14:21:07'),(1797,104,2,1,'Item SDU5000100021515 was attached at arrival.','2016-06-23 14:21:07','2016-06-23 14:21:07'),(1798,104,2,1,'Item SDU5000100021516 was attached at arrival.','2016-06-23 14:21:07','2016-06-23 14:21:07'),(1799,104,2,1,'Item SDU5000100021517 was attached at arrival.','2016-06-23 14:21:07','2016-06-23 14:21:07'),(1800,104,2,1,'Item SDU5000100021518 was attached at arrival.','2016-06-23 14:21:07','2016-06-23 14:21:07'),(1801,104,2,1,'Item SDU5000100021519 was attached at arrival.','2016-06-23 14:21:07','2016-06-23 14:21:07'),(1802,104,2,1,'Item SDU5000100021520 was attached at arrival.','2016-06-23 14:21:07','2016-06-23 14:21:07'),(1803,104,2,1,'Item SDU5000100021521 was attached at arrival.','2016-06-23 14:21:07','2016-06-23 14:21:07'),(1804,104,2,1,'Item SDU5000100021522 was attached at arrival.','2016-06-23 14:21:07','2016-06-23 14:21:07'),(1805,104,2,1,'Item SDU5000100021523 was attached at arrival.','2016-06-23 14:21:07','2016-06-23 14:21:07'),(1806,104,2,1,'Item SDU5000100021524 was attached at arrival.','2016-06-23 14:21:07','2016-06-23 14:21:07'),(1807,104,2,1,'Item SDU5000100021525 was attached at arrival.','2016-06-23 14:21:07','2016-06-23 14:21:07'),(1808,104,2,1,'Item SDU5000100021526 was attached at arrival.','2016-06-23 14:21:07','2016-06-23 14:21:07'),(1809,104,2,1,'Item SDU5000100021527 was attached at arrival.','2016-06-23 14:21:07','2016-06-23 14:21:07'),(1810,104,2,1,'Item SDU5000100021901 was attached at arrival.','2016-06-23 14:21:07','2016-06-23 14:21:07'),(1811,104,2,1,'Item SDU5000100021902 was attached at arrival.','2016-06-23 14:21:07','2016-06-23 14:21:07'),(1812,104,2,1,'Item SDU5000100021903 was attached at arrival.','2016-06-23 14:21:07','2016-06-23 14:21:07'),(1813,104,2,1,'Item SDU5000100021904 was attached at arrival.','2016-06-23 14:21:07','2016-06-23 14:21:07'),(1814,104,2,1,'Item SDU5000100021905 was attached at arrival.','2016-06-23 14:21:07','2016-06-23 14:21:07'),(1815,104,2,1,'Item SDU5000100021906 was attached at arrival.','2016-06-23 14:21:07','2016-06-23 14:21:07'),(1816,104,2,1,'Item SDU5000100021907 was attached at arrival.','2016-06-23 14:21:07','2016-06-23 14:21:07'),(1817,104,2,1,'Item SDU5000100021908 was attached at arrival.','2016-06-23 14:21:07','2016-06-23 14:21:07'),(1818,104,2,1,'Item SDU5000100021909 was attached at arrival.','2016-06-23 14:21:07','2016-06-23 14:21:07'),(1819,104,2,1,'Item SDU5000100021910 was attached at arrival.','2016-06-23 14:21:07','2016-06-23 14:21:07'),(1820,104,2,1,'Item SDU5000100021911 was attached at arrival.','2016-06-23 14:21:07','2016-06-23 14:21:07'),(1821,104,2,1,'Item SDU5000100021912 was attached at arrival.','2016-06-23 14:21:07','2016-06-23 14:21:07'),(1822,104,2,1,'Item SDU5000100021913 was attached at arrival.','2016-06-23 14:21:07','2016-06-23 14:21:07'),(1823,104,2,1,'Item SDU5000100021914 was attached at arrival.','2016-06-23 14:21:07','2016-06-23 14:21:07'),(1824,104,2,1,'Item SDU5000100021915 was attached at arrival.','2016-06-23 14:21:07','2016-06-23 14:21:07'),(1825,104,2,1,'Item SDU5000100021916 was attached at arrival.','2016-06-23 14:21:07','2016-06-23 14:21:07'),(1826,104,2,1,'Item SDU5000100021917 was attached at arrival.','2016-06-23 14:21:07','2016-06-23 14:21:07'),(1827,104,2,1,'Item SDU5000100021918 was attached at arrival.','2016-06-23 14:21:07','2016-06-23 14:21:07'),(1828,104,2,1,'Item SDU5000100021919 was attached at arrival.','2016-06-23 14:21:07','2016-06-23 14:21:07'),(1829,104,2,1,'Item SDU5000100021920 was attached at arrival.','2016-06-23 14:21:07','2016-06-23 14:21:07'),(1830,104,2,1,'Item SDU5000100021921 was attached at arrival.','2016-06-23 14:21:07','2016-06-23 14:21:07'),(1831,104,2,1,'Item SDU5000100021922 was attached at arrival.','2016-06-23 14:21:07','2016-06-23 14:21:07'),(1832,104,2,1,'Item SDU5000100021923 was attached at arrival.','2016-06-23 14:21:07','2016-06-23 14:21:07'),(1833,104,2,1,'Item SDU5000100021924 was attached at arrival.','2016-06-23 14:21:07','2016-06-23 14:21:07'),(1834,104,2,1,'Item SDU5000100021925 was attached at arrival.','2016-06-23 14:21:07','2016-06-23 14:21:07'),(1835,104,2,1,'Item SDU5000100021926 was attached at arrival.','2016-06-23 14:21:07','2016-06-23 14:21:07'),(1836,104,2,1,'Item SDU5000100021927 was attached at arrival.','2016-06-23 14:21:07','2016-06-23 14:21:07'),(1837,104,2,1,'Item SDU5000100022301 was attached at arrival.','2016-06-23 14:21:07','2016-06-23 14:21:07'),(1838,104,2,1,'Item SDU5000100022302 was attached at arrival.','2016-06-23 14:21:07','2016-06-23 14:21:07'),(1839,104,2,1,'Item SDU5000100022303 was attached at arrival.','2016-06-23 14:21:07','2016-06-23 14:21:07'),(1840,104,2,1,'Item SDU5000100022305 was attached at arrival.','2016-06-23 14:21:07','2016-06-23 14:21:07'),(1841,104,2,1,'Item SDU5000100022306 was attached at arrival.','2016-06-23 14:21:07','2016-06-23 14:21:07'),(1842,104,2,1,'Item SDU5000100022307 was attached at arrival.','2016-06-23 14:21:07','2016-06-23 14:21:07'),(1843,104,2,1,'Item SDU5000100022308 was attached at arrival.','2016-06-23 14:21:07','2016-06-23 14:21:07'),(1844,104,2,1,'Item SDU5000100022309 was attached at arrival.','2016-06-23 14:21:07','2016-06-23 14:21:07'),(1845,104,2,1,'Item SDU5000100022311 was attached at arrival.','2016-06-23 14:21:07','2016-06-23 14:21:07'),(1846,104,2,1,'Item SDU5000100022312 was attached at arrival.','2016-06-23 14:21:07','2016-06-23 14:21:07'),(1847,104,2,1,'Item SDU5000100022313 was attached at arrival.','2016-06-23 14:21:07','2016-06-23 14:21:07'),(1848,104,2,1,'Item SDU5000100022314 was attached at arrival.','2016-06-23 14:21:07','2016-06-23 14:21:07'),(1849,104,2,1,'Item SDU5000100022315 was attached at arrival.','2016-06-23 14:21:07','2016-06-23 14:21:07'),(1850,104,2,1,'Item SDU5000100022316 was attached at arrival.','2016-06-23 14:21:07','2016-06-23 14:21:07'),(1851,104,2,1,'Item SDU5000100022318 was attached at arrival.','2016-06-23 14:21:07','2016-06-23 14:21:07'),(1852,104,2,1,'Item SDU5000100022319 was attached at arrival.','2016-06-23 14:21:07','2016-06-23 14:21:07'),(1853,104,2,1,'Item SDU5000100022320 was attached at arrival.','2016-06-23 14:21:07','2016-06-23 14:21:07'),(1854,104,2,1,'Item SDU5000100022321 was attached at arrival.','2016-06-23 14:21:07','2016-06-23 14:21:07'),(1855,104,2,1,'Item SDU5000100022322 was attached at arrival.','2016-06-23 14:21:07','2016-06-23 14:21:07'),(1856,104,2,1,'Item SDU5000100022324 was attached at arrival.','2016-06-23 14:21:07','2016-06-23 14:21:07'),(1857,104,2,1,'Item SDU5000100022325 was attached at arrival.','2016-06-23 14:21:07','2016-06-23 14:21:07'),(1858,104,2,1,'Item SDU5000100022326 was attached at arrival.','2016-06-23 14:21:07','2016-06-23 14:21:07'),(1859,104,2,1,'Item SDU5000100022704 was attached at arrival.','2016-06-23 14:21:07','2016-06-23 14:21:07'),(1860,104,2,1,'Item SDU5000100022705 was attached at arrival.','2016-06-23 14:21:07','2016-06-23 14:21:07'),(1861,104,2,1,'Item SDU5000100022706 was attached at arrival.','2016-06-23 14:21:07','2016-06-23 14:21:07'),(1862,104,2,1,'Item SDU5000100022707 was attached at arrival.','2016-06-23 14:21:07','2016-06-23 14:21:07'),(1863,104,2,1,'Item SDU5000100022708 was attached at arrival.','2016-06-23 14:21:07','2016-06-23 14:21:07'),(1864,104,2,1,'Item SDU5000100022709 was attached at arrival.','2016-06-23 14:21:07','2016-06-23 14:21:07'),(1865,104,2,1,'Item SDU5000100022710 was attached at arrival.','2016-06-23 14:21:07','2016-06-23 14:21:07'),(1866,104,2,1,'Item SDU5000100022711 was attached at arrival.','2016-06-23 14:21:07','2016-06-23 14:21:07'),(1867,104,2,1,'Item SDU5000100022712 was attached at arrival.','2016-06-23 14:21:07','2016-06-23 14:21:07'),(1868,104,2,1,'Item SDU5000100022713 was attached at arrival.','2016-06-23 14:21:07','2016-06-23 14:21:07'),(1869,104,2,1,'Item SDU5000100022714 was attached at arrival.','2016-06-23 14:21:07','2016-06-23 14:21:07'),(1870,104,2,1,'Item SDU5000100022715 was attached at arrival.','2016-06-23 14:21:07','2016-06-23 14:21:07'),(1871,104,2,1,'Item SDU5000100022716 was attached at arrival.','2016-06-23 14:21:07','2016-06-23 14:21:07'),(1872,104,2,1,'Item SDU5000100022717 was attached at arrival.','2016-06-23 14:21:07','2016-06-23 14:21:07'),(1873,104,2,1,'Item SDU5000100022718 was attached at arrival.','2016-06-23 14:21:07','2016-06-23 14:21:07'),(1874,104,2,1,'Item SDU5000100022719 was attached at arrival.','2016-06-23 14:21:07','2016-06-23 14:21:07'),(1875,104,2,1,'Item SDU5000100022720 was attached at arrival.','2016-06-23 14:21:07','2016-06-23 14:21:07'),(1876,104,2,1,'Item SDU5000100022721 was attached at arrival.','2016-06-23 14:21:07','2016-06-23 14:21:07'),(1877,104,2,1,'Item SDU5000100022722 was attached at arrival.','2016-06-23 14:21:07','2016-06-23 14:21:07'),(1878,104,2,1,'Item SDU5000100022723 was attached at arrival.','2016-06-23 14:21:07','2016-06-23 14:21:07'),(1879,104,2,1,'Item SDU5000100020410 was attached at arrival.','2016-06-23 14:21:07','2016-06-23 14:21:07'),(1880,104,2,1,'Item SDU5000100020411 was attached at arrival.','2016-06-23 14:21:07','2016-06-23 14:21:07'),(1881,104,2,1,'Item SDU5000100020412 was attached at arrival.','2016-06-23 14:21:07','2016-06-23 14:21:07'),(1882,104,2,1,'Item SDU5000100020413 was attached at arrival.','2016-06-23 14:21:07','2016-06-23 14:21:07'),(1883,104,2,1,'Item SDU5000100020414 was attached at arrival.','2016-06-23 14:21:07','2016-06-23 14:21:07'),(1884,104,2,1,'Item SDU5000100020415 was attached at arrival.','2016-06-23 14:21:07','2016-06-23 14:21:07'),(1885,104,2,1,'Item SDU5000100020416 was attached at arrival.','2016-06-23 14:21:07','2016-06-23 14:21:07'),(1886,104,2,1,'Item SDU5000100020417 was attached at arrival.','2016-06-23 14:21:07','2016-06-23 14:21:07'),(1887,104,2,1,'Item SDU5000100020804 was attached at arrival.','2016-06-23 14:21:07','2016-06-23 14:21:07'),(1888,104,2,1,'Item SDU5000100020805 was attached at arrival.','2016-06-23 14:21:07','2016-06-23 14:21:07'),(1889,104,2,1,'Item SDU5000100020806 was attached at arrival.','2016-06-23 14:21:07','2016-06-23 14:21:07'),(1890,104,2,1,'Item SDU5000100020807 was attached at arrival.','2016-06-23 14:21:07','2016-06-23 14:21:07'),(1891,104,2,1,'Item SDU5000100020808 was attached at arrival.','2016-06-23 14:21:07','2016-06-23 14:21:07'),(1892,104,2,1,'Item SDU5000100020809 was attached at arrival.','2016-06-23 14:21:07','2016-06-23 14:21:07'),(1893,104,2,1,'Item SDU5000100020810 was attached at arrival.','2016-06-23 14:21:07','2016-06-23 14:21:07'),(1894,104,2,1,'Item SDU5000100020811 was attached at arrival.','2016-06-23 14:21:07','2016-06-23 14:21:07'),(1895,104,2,1,'Item SDU5000100020812 was attached at arrival.','2016-06-23 14:21:07','2016-06-23 14:21:07'),(1896,104,2,1,'Item SDU5000100020813 was attached at arrival.','2016-06-23 14:21:07','2016-06-23 14:21:07'),(1897,104,2,1,'Item SDU5000100020814 was attached at arrival.','2016-06-23 14:21:07','2016-06-23 14:21:07'),(1898,104,2,1,'Item SDU5000100020815 was attached at arrival.','2016-06-23 14:21:07','2016-06-23 14:21:07'),(1899,104,2,1,'Item SDU5000100020816 was attached at arrival.','2016-06-23 14:21:07','2016-06-23 14:21:07'),(1900,104,2,1,'Item SDU5000100020817 was attached at arrival.','2016-06-23 14:21:07','2016-06-23 14:21:07'),(1901,104,2,1,'Item SDU5000100020818 was attached at arrival.','2016-06-23 14:21:07','2016-06-23 14:21:07'),(1902,104,2,1,'Item SDU5000100020819 was attached at arrival.','2016-06-23 14:21:07','2016-06-23 14:21:07'),(1903,104,2,1,'Item SDU5000100020820 was attached at arrival.','2016-06-23 14:21:07','2016-06-23 14:21:07'),(1904,104,2,1,'Item SDU5000100020821 was attached at arrival.','2016-06-23 14:21:07','2016-06-23 14:21:07'),(1905,104,2,1,'Item SDU5000100020822 was attached at arrival.','2016-06-23 14:21:07','2016-06-23 14:21:07'),(1906,104,2,1,'Item SDU5000100020823 was attached at arrival.','2016-06-23 14:21:07','2016-06-23 14:21:07'),(1907,104,2,1,'Item SDU5000100021201 was attached at arrival.','2016-06-23 14:21:07','2016-06-23 14:21:07'),(1908,104,2,1,'Item SDU5000100021202 was attached at arrival.','2016-06-23 14:21:07','2016-06-23 14:21:07'),(1909,104,2,1,'Item SDU5000100021203 was attached at arrival.','2016-06-23 14:21:07','2016-06-23 14:21:07'),(1910,104,2,1,'Item SDU5000100021205 was attached at arrival.','2016-06-23 14:21:07','2016-06-23 14:21:07'),(1911,104,2,1,'Item SDU5000100021206 was attached at arrival.','2016-06-23 14:21:07','2016-06-23 14:21:07'),(1912,104,2,1,'Item SDU5000100021207 was attached at arrival.','2016-06-23 14:21:07','2016-06-23 14:21:07'),(1913,104,2,1,'Item SDU5000100021208 was attached at arrival.','2016-06-23 14:21:07','2016-06-23 14:21:07'),(1914,104,2,1,'Item SDU5000100021209 was attached at arrival.','2016-06-23 14:21:07','2016-06-23 14:21:07'),(1915,104,2,1,'Item SDU5000100021211 was attached at arrival.','2016-06-23 14:21:07','2016-06-23 14:21:07'),(1916,104,2,1,'Item SDU5000100021212 was attached at arrival.','2016-06-23 14:21:07','2016-06-23 14:21:07'),(1917,104,2,1,'Item SDU5000100021213 was attached at arrival.','2016-06-23 14:21:07','2016-06-23 14:21:07'),(1918,104,2,1,'Item SDU5000100021214 was attached at arrival.','2016-06-23 14:21:07','2016-06-23 14:21:07'),(1919,104,2,1,'Item SDU5000100021215 was attached at arrival.','2016-06-23 14:21:07','2016-06-23 14:21:07'),(1920,104,2,1,'Item SDU5000100021216 was attached at arrival.','2016-06-23 14:21:07','2016-06-23 14:21:07'),(1921,104,2,1,'Item SDU5000100021218 was attached at arrival.','2016-06-23 14:21:07','2016-06-23 14:21:07'),(1922,104,2,1,'Item SDU5000100021219 was attached at arrival.','2016-06-23 14:21:07','2016-06-23 14:21:07'),(1923,104,2,1,'Item SDU5000100021220 was attached at arrival.','2016-06-23 14:21:07','2016-06-23 14:21:07'),(1924,104,2,1,'Item SDU5000100021221 was attached at arrival.','2016-06-23 14:21:07','2016-06-23 14:21:07'),(1925,104,2,1,'Item SDU5000100021222 was attached at arrival.','2016-06-23 14:21:07','2016-06-23 14:21:07'),(1926,104,2,1,'Item SDU5000100021224 was attached at arrival.','2016-06-23 14:21:07','2016-06-23 14:21:07'),(1927,104,2,1,'Item SDU5000100021225 was attached at arrival.','2016-06-23 14:21:07','2016-06-23 14:21:07'),(1928,104,2,1,'Item SDU5000100021226 was attached at arrival.','2016-06-23 14:21:07','2016-06-23 14:21:07'),(1929,104,2,1,'Item SDU5000100021601 was attached at arrival.','2016-06-23 14:21:07','2016-06-23 14:21:07'),(1930,104,2,1,'Item SDU5000100021602 was attached at arrival.','2016-06-23 14:21:07','2016-06-23 14:21:07'),(1931,104,2,1,'Item SDU5000100021603 was attached at arrival.','2016-06-23 14:21:07','2016-06-23 14:21:07'),(1932,104,2,1,'Item SDU5000100021604 was attached at arrival.','2016-06-23 14:21:07','2016-06-23 14:21:07'),(1933,104,2,1,'Item SDU5000100021605 was attached at arrival.','2016-06-23 14:21:07','2016-06-23 14:21:07'),(1934,104,2,1,'Item SDU5000100021606 was attached at arrival.','2016-06-23 14:21:07','2016-06-23 14:21:07'),(1935,104,2,1,'Item SDU5000100021607 was attached at arrival.','2016-06-23 14:21:07','2016-06-23 14:21:07'),(1936,104,2,1,'Item SDU5000100021608 was attached at arrival.','2016-06-23 14:21:07','2016-06-23 14:21:07'),(1937,104,2,1,'Item SDU5000100021609 was attached at arrival.','2016-06-23 14:21:07','2016-06-23 14:21:07'),(1938,104,2,1,'Item SDU5000100021610 was attached at arrival.','2016-06-23 14:21:07','2016-06-23 14:21:07'),(1939,104,2,1,'Item SDU5000100021611 was attached at arrival.','2016-06-23 14:21:07','2016-06-23 14:21:07'),(1940,104,2,1,'Item SDU5000100021612 was attached at arrival.','2016-06-23 14:21:07','2016-06-23 14:21:07'),(1941,104,2,1,'Item SDU5000100021613 was attached at arrival.','2016-06-23 14:21:07','2016-06-23 14:21:07'),(1942,104,2,1,'Item SDU5000100021614 was attached at arrival.','2016-06-23 14:21:07','2016-06-23 14:21:07'),(1943,104,2,1,'Item SDU5000100021615 was attached at arrival.','2016-06-23 14:21:07','2016-06-23 14:21:07'),(1944,104,2,1,'Item SDU5000100021616 was attached at arrival.','2016-06-23 14:21:07','2016-06-23 14:21:07'),(1945,104,2,1,'Item SDU5000100021617 was attached at arrival.','2016-06-23 14:21:07','2016-06-23 14:21:07'),(1946,104,2,1,'Item SDU5000100021618 was attached at arrival.','2016-06-23 14:21:07','2016-06-23 14:21:07'),(1947,104,2,1,'Item SDU5000100021619 was attached at arrival.','2016-06-23 14:21:07','2016-06-23 14:21:07'),(1948,104,2,1,'Item SDU5000100021620 was attached at arrival.','2016-06-23 14:21:07','2016-06-23 14:21:07'),(1949,104,2,1,'Item SDU5000100021621 was attached at arrival.','2016-06-23 14:21:07','2016-06-23 14:21:07'),(1950,104,2,1,'Item SDU5000100021622 was attached at arrival.','2016-06-23 14:21:07','2016-06-23 14:21:07'),(1951,104,2,1,'Item SDU5000100021623 was attached at arrival.','2016-06-23 14:21:07','2016-06-23 14:21:07'),(1952,104,2,1,'Item SDU5000100021624 was attached at arrival.','2016-06-23 14:21:07','2016-06-23 14:21:07'),(1953,104,2,1,'Item SDU5000100021625 was attached at arrival.','2016-06-23 14:21:07','2016-06-23 14:21:07'),(1954,104,2,1,'Item SDU5000100021626 was attached at arrival.','2016-06-23 14:21:07','2016-06-23 14:21:07'),(1955,104,2,1,'Item SDU5000100021627 was attached at arrival.','2016-06-23 14:21:07','2016-06-23 14:21:07'),(1956,104,2,1,'Item SDU5000100022001 was attached at arrival.','2016-06-23 14:21:07','2016-06-23 14:21:07'),(1957,104,2,1,'Item SDU5000100022002 was attached at arrival.','2016-06-23 14:21:07','2016-06-23 14:21:07'),(1958,104,2,1,'Item SDU5000100022003 was attached at arrival.','2016-06-23 14:21:07','2016-06-23 14:21:07'),(1959,104,2,1,'Item SDU5000100022004 was attached at arrival.','2016-06-23 14:21:07','2016-06-23 14:21:07'),(1960,104,2,1,'Item SDU5000100022005 was attached at arrival.','2016-06-23 14:21:07','2016-06-23 14:21:07'),(1961,104,2,1,'Item SDU5000100022006 was attached at arrival.','2016-06-23 14:21:07','2016-06-23 14:21:07'),(1962,104,2,1,'Item SDU5000100022007 was attached at arrival.','2016-06-23 14:21:07','2016-06-23 14:21:07'),(1963,104,2,1,'Item SDU5000100022008 was attached at arrival.','2016-06-23 14:21:07','2016-06-23 14:21:07'),(1964,104,2,1,'Item SDU5000100022009 was attached at arrival.','2016-06-23 14:21:07','2016-06-23 14:21:07'),(1965,104,2,1,'Item SDU5000100022010 was attached at arrival.','2016-06-23 14:21:07','2016-06-23 14:21:07'),(1966,104,2,1,'Item SDU5000100022011 was attached at arrival.','2016-06-23 14:21:07','2016-06-23 14:21:07'),(1967,104,2,1,'Item SDU5000100022012 was attached at arrival.','2016-06-23 14:21:07','2016-06-23 14:21:07'),(1968,104,2,1,'Item SDU5000100022013 was attached at arrival.','2016-06-23 14:21:07','2016-06-23 14:21:07'),(1969,104,2,1,'Item SDU5000100022014 was attached at arrival.','2016-06-23 14:21:07','2016-06-23 14:21:07'),(1970,104,2,1,'Item SDU5000100022015 was attached at arrival.','2016-06-23 14:21:07','2016-06-23 14:21:07'),(1971,104,2,1,'Item SDU5000100022016 was attached at arrival.','2016-06-23 14:21:07','2016-06-23 14:21:07'),(1972,104,2,1,'Item SDU5000100022017 was attached at arrival.','2016-06-23 14:21:07','2016-06-23 14:21:07'),(1973,104,2,1,'Item SDU5000100022018 was attached at arrival.','2016-06-23 14:21:07','2016-06-23 14:21:07'),(1974,104,2,1,'Item SDU5000100022019 was attached at arrival.','2016-06-23 14:21:07','2016-06-23 14:21:07'),(1975,104,2,1,'Item SDU5000100022020 was attached at arrival.','2016-06-23 14:21:07','2016-06-23 14:21:07'),(1976,104,2,1,'Item SDU5000100022021 was attached at arrival.','2016-06-23 14:21:07','2016-06-23 14:21:07'),(1977,104,2,1,'Item SDU5000100022022 was attached at arrival.','2016-06-23 14:21:07','2016-06-23 14:21:07'),(1978,104,2,1,'Item SDU5000100022023 was attached at arrival.','2016-06-23 14:21:07','2016-06-23 14:21:07'),(1979,104,2,1,'Item SDU5000100022024 was attached at arrival.','2016-06-23 14:21:07','2016-06-23 14:21:07'),(1980,104,2,1,'Item SDU5000100022025 was attached at arrival.','2016-06-23 14:21:07','2016-06-23 14:21:07'),(1981,104,2,1,'Item SDU5000100022026 was attached at arrival.','2016-06-23 14:21:07','2016-06-23 14:21:07'),(1982,104,2,1,'Item SDU5000100022027 was attached at arrival.','2016-06-23 14:21:07','2016-06-23 14:21:07'),(1983,104,2,1,'Item SDU5000100022401 was attached at arrival.','2016-06-23 14:21:07','2016-06-23 14:21:07'),(1984,104,2,1,'Item SDU5000100022402 was attached at arrival.','2016-06-23 14:21:07','2016-06-23 14:21:07'),(1985,104,2,1,'Item SDU5000100022403 was attached at arrival.','2016-06-23 14:21:08','2016-06-23 14:21:08'),(1986,104,2,1,'Item SDU5000100022405 was attached at arrival.','2016-06-23 14:21:08','2016-06-23 14:21:08'),(1987,104,2,1,'Item SDU5000100022406 was attached at arrival.','2016-06-23 14:21:08','2016-06-23 14:21:08'),(1988,104,2,1,'Item SDU5000100022407 was attached at arrival.','2016-06-23 14:21:08','2016-06-23 14:21:08'),(1989,104,2,1,'Item SDU5000100022408 was attached at arrival.','2016-06-23 14:21:08','2016-06-23 14:21:08'),(1990,104,2,1,'Item SDU5000100022409 was attached at arrival.','2016-06-23 14:21:08','2016-06-23 14:21:08'),(1991,104,2,1,'Item SDU5000100022411 was attached at arrival.','2016-06-23 14:21:08','2016-06-23 14:21:08'),(1992,104,2,1,'Item SDU5000100022412 was attached at arrival.','2016-06-23 14:21:08','2016-06-23 14:21:08'),(1993,104,2,1,'Item SDU5000100022413 was attached at arrival.','2016-06-23 14:21:08','2016-06-23 14:21:08'),(1994,104,2,1,'Item SDU5000100022414 was attached at arrival.','2016-06-23 14:21:08','2016-06-23 14:21:08'),(1995,104,2,1,'Item SDU5000100022415 was attached at arrival.','2016-06-23 14:21:08','2016-06-23 14:21:08'),(1996,104,2,1,'Item SDU5000100022416 was attached at arrival.','2016-06-23 14:21:08','2016-06-23 14:21:08'),(1997,104,2,1,'Item SDU5000100022418 was attached at arrival.','2016-06-23 14:21:08','2016-06-23 14:21:08'),(1998,104,2,1,'Item SDU5000100022419 was attached at arrival.','2016-06-23 14:21:08','2016-06-23 14:21:08'),(1999,104,2,1,'Item SDU5000100022420 was attached at arrival.','2016-06-23 14:21:08','2016-06-23 14:21:08'),(2000,104,2,1,'Item SDU5000100022421 was attached at arrival.','2016-06-23 14:21:08','2016-06-23 14:21:08'),(2001,104,2,1,'Item SDU5000100022422 was attached at arrival.','2016-06-23 14:21:08','2016-06-23 14:21:08'),(2002,104,2,1,'Item SDU5000100022424 was attached at arrival.','2016-06-23 14:21:08','2016-06-23 14:21:08'),(2003,104,2,1,'Item SDU5000100022425 was attached at arrival.','2016-06-23 14:21:08','2016-06-23 14:21:08'),(2004,104,2,1,'Item SDU5000100022426 was attached at arrival.','2016-06-23 14:21:08','2016-06-23 14:21:08'),(2005,104,2,1,'Item SDU5000100022804 was attached at arrival.','2016-06-23 14:21:08','2016-06-23 14:21:08'),(2006,104,2,1,'Item SDU5000100022805 was attached at arrival.','2016-06-23 14:21:08','2016-06-23 14:21:08'),(2007,104,2,1,'Item SDU5000100022806 was attached at arrival.','2016-06-23 14:21:08','2016-06-23 14:21:08'),(2008,104,2,1,'Item SDU5000100022807 was attached at arrival.','2016-06-23 14:21:08','2016-06-23 14:21:08'),(2009,104,2,1,'Item SDU5000100022808 was attached at arrival.','2016-06-23 14:21:08','2016-06-23 14:21:08'),(2010,104,2,1,'Item SDU5000100022809 was attached at arrival.','2016-06-23 14:21:08','2016-06-23 14:21:08'),(2011,104,2,1,'Item SDU5000100022810 was attached at arrival.','2016-06-23 14:21:08','2016-06-23 14:21:08'),(2012,104,2,1,'Item SDU5000100022811 was attached at arrival.','2016-06-23 14:21:08','2016-06-23 14:21:08'),(2013,104,2,1,'Item SDU5000100022812 was attached at arrival.','2016-06-23 14:21:08','2016-06-23 14:21:08'),(2014,104,2,1,'Item SDU5000100022813 was attached at arrival.','2016-06-23 14:21:08','2016-06-23 14:21:08'),(2015,104,2,1,'Item SDU5000100022814 was attached at arrival.','2016-06-23 14:21:08','2016-06-23 14:21:08'),(2016,104,2,1,'Item SDU5000100022815 was attached at arrival.','2016-06-23 14:21:08','2016-06-23 14:21:08'),(2017,104,2,1,'Item SDU5000100022816 was attached at arrival.','2016-06-23 14:21:08','2016-06-23 14:21:08'),(2018,104,2,1,'Item SDU5000100022817 was attached at arrival.','2016-06-23 14:21:08','2016-06-23 14:21:08'),(2019,104,2,1,'Item SDU5000100022818 was attached at arrival.','2016-06-23 14:21:08','2016-06-23 14:21:08'),(2020,104,2,1,'Item SDU5000100022819 was attached at arrival.','2016-06-23 14:21:08','2016-06-23 14:21:08'),(2021,104,2,1,'Item SDU5000100022820 was attached at arrival.','2016-06-23 14:21:08','2016-06-23 14:21:08'),(2022,104,2,1,'Item SDU5000100022821 was attached at arrival.','2016-06-23 14:21:08','2016-06-23 14:21:08'),(2023,104,2,1,'Item SDU5000100022822 was attached at arrival.','2016-06-23 14:21:08','2016-06-23 14:21:08'),(2024,104,2,1,'Item SDU5000100022823 was attached at arrival.','2016-06-23 14:21:08','2016-06-23 14:21:08'),(2025,689,1,1,'Item created at FBK','2016-06-24 15:02:32','2016-06-24 15:02:32'),(2026,690,1,1,'Item was created simultaneously with WDU500010003.','2016-06-24 15:02:32','2016-06-24 15:02:32'),(2027,690,2,1,'Item was attached to WDU500010003 at arrival.','2016-06-24 15:02:32','2016-06-24 15:02:32'),(2028,691,1,1,'Item was created simultaneously with WDU500010003.','2016-06-24 15:02:32','2016-06-24 15:02:32'),(2029,691,2,1,'Item was attached to WDU500010003 at arrival.','2016-06-24 15:02:32','2016-06-24 15:02:32'),(2030,692,1,1,'Item was created simultaneously with WDU500010003.','2016-06-24 15:02:32','2016-06-24 15:02:32'),(2031,692,2,1,'Item was attached to WDU500010003 at arrival.','2016-06-24 15:02:32','2016-06-24 15:02:32'),(2032,693,1,1,'Item was created simultaneously with WDU500010003.','2016-06-24 15:02:32','2016-06-24 15:02:32'),(2033,693,2,1,'Item was attached to WDU500010003 at arrival.','2016-06-24 15:02:32','2016-06-24 15:02:32'),(2034,694,1,1,'Item was created simultaneously with WDU500010003.','2016-06-24 15:02:32','2016-06-24 15:02:32'),(2035,694,2,1,'Item was attached to WDU500010003 at arrival.','2016-06-24 15:02:32','2016-06-24 15:02:32'),(2036,695,1,1,'Item was created simultaneously with WDU500010003.','2016-06-24 15:02:32','2016-06-24 15:02:32'),(2037,695,2,1,'Item was attached to WDU500010003 at arrival.','2016-06-24 15:02:32','2016-06-24 15:02:32'),(2038,696,1,1,'Item was created simultaneously with WDU500010003.','2016-06-24 15:02:32','2016-06-24 15:02:32'),(2039,696,2,1,'Item was attached to WDU500010003 at arrival.','2016-06-24 15:02:32','2016-06-24 15:02:32'),(2040,697,1,1,'Item was created simultaneously with WDU500010003.','2016-06-24 15:02:32','2016-06-24 15:02:32'),(2041,697,2,1,'Item was attached to WDU500010003 at arrival.','2016-06-24 15:02:32','2016-06-24 15:02:32'),(2042,698,1,1,'Item was created simultaneously with WDU500010003.','2016-06-24 15:02:32','2016-06-24 15:02:32'),(2043,698,2,1,'Item was attached to WDU500010003 at arrival.','2016-06-24 15:02:32','2016-06-24 15:02:32'),(2044,699,1,1,'Item was created simultaneously with WDU500010003.','2016-06-24 15:02:32','2016-06-24 15:02:32'),(2045,699,2,1,'Item was attached to WDU500010003 at arrival.','2016-06-24 15:02:32','2016-06-24 15:02:32'),(2046,689,2,1,'Item SDU5000100030504 was attached at arrival.','2016-06-24 15:02:32','2016-06-24 15:02:32'),(2047,689,2,1,'Item SDU5000100030505 was attached at arrival.','2016-06-24 15:02:32','2016-06-24 15:02:32'),(2048,689,2,1,'Item SDU5000100030506 was attached at arrival.','2016-06-24 15:02:32','2016-06-24 15:02:32'),(2049,689,2,1,'Item SDU5000100030509 was attached at arrival.','2016-06-24 15:02:32','2016-06-24 15:02:32'),(2050,689,2,1,'Item SDU5000100030508 was attached at arrival.','2016-06-24 15:02:32','2016-06-24 15:02:32'),(2051,689,2,1,'Item SDU5000100030507 was attached at arrival.','2016-06-24 15:02:32','2016-06-24 15:02:32'),(2052,689,2,1,'Item SDU5000100030510 was attached at arrival.','2016-06-24 15:02:32','2016-06-24 15:02:32'),(2053,689,2,1,'Item SDU5000100030511 was attached at arrival.','2016-06-24 15:02:32','2016-06-24 15:02:32'),(2054,689,2,1,'Item SDU5000100030512 was attached at arrival.','2016-06-24 15:02:32','2016-06-24 15:02:32'),(2055,689,2,1,'Item SDU5000100030513 was attached at arrival.','2016-06-24 15:02:32','2016-06-24 15:02:32');
/*!40000 ALTER TABLE `histories` ENABLE KEYS */;
UNLOCK TABLES;

--
-- Table structure for table `item_compositions`
--

DROP TABLE IF EXISTS `item_compositions`;
/*!40101 SET @saved_cs_client     = @@character_set_client */;
/*!40101 SET character_set_client = utf8 */;
CREATE TABLE `item_compositions` (
  `id` int(11) NOT NULL AUTO_INCREMENT,
  `item_id` int(11) NOT NULL COMMENT 'Parent',
  `component_id` int(11) DEFAULT NULL COMMENT 'Child',
  `stock_id` int(11) DEFAULT NULL,
  `valid` tinyint(4) NOT NULL DEFAULT '1',
  `position` varchar(45) NOT NULL,
  `created` datetime DEFAULT NULL,
  `modified` datetime DEFAULT NULL,
  PRIMARY KEY (`id`),
  KEY `composite_items.parent_id` (`item_id`),
  KEY `composite_items.child_id` (`component_id`),
  CONSTRAINT `composite_items.parent_id` FOREIGN KEY (`item_id`) REFERENCES `items` (`id`) ON DELETE NO ACTION ON UPDATE NO ACTION
) ENGINE=InnoDB AUTO_INCREMENT=664 DEFAULT CHARSET=latin1;
/*!40101 SET character_set_client = @saved_cs_client */;

--
-- Dumping data for table `item_compositions`
--

LOCK TABLES `item_compositions` WRITE;
/*!40000 ALTER TABLE `item_compositions` DISABLE KEYS */;
INSERT INTO `item_compositions` VALUES (29,56,57,NULL,1,'1','2016-06-13 12:42:31','2016-06-13 12:42:31'),(30,56,58,NULL,1,'2','2016-06-13 12:42:31','2016-06-13 12:42:31'),(31,56,59,NULL,1,'3','2016-06-13 12:42:31','2016-06-13 12:42:31'),(32,56,60,NULL,1,'4','2016-06-13 12:42:31','2016-06-13 12:42:31'),(33,56,61,NULL,1,'5','2016-06-13 12:42:31','2016-06-13 12:42:31'),(34,56,62,NULL,1,'6','2016-06-13 12:42:31','2016-06-13 12:42:31'),(35,56,63,NULL,1,'7','2016-06-13 12:42:31','2016-06-13 12:42:31'),(36,56,64,NULL,1,'8','2016-06-13 12:42:31','2016-06-13 12:42:31'),(37,56,65,NULL,1,'9','2016-06-13 12:42:31','2016-06-13 12:42:31'),(38,56,66,NULL,1,'10','2016-06-13 12:42:31','2016-06-13 12:42:31'),(70,104,105,NULL,1,'1','2016-06-23 14:20:45','2016-06-23 14:20:45'),(71,104,106,NULL,1,'2','2016-06-23 14:20:45','2016-06-23 14:20:45'),(72,104,107,NULL,1,'3','2016-06-23 14:20:45','2016-06-23 14:20:45'),(73,104,108,NULL,1,'4','2016-06-23 14:20:45','2016-06-23 14:20:45'),(74,104,109,NULL,1,'5','2016-06-23 14:20:45','2016-06-23 14:20:45'),(75,104,110,NULL,1,'6','2016-06-23 14:20:45','2016-06-23 14:20:45'),(76,104,111,NULL,1,'7','2016-06-23 14:20:45','2016-06-23 14:20:45'),(77,104,112,NULL,1,'8','2016-06-23 14:20:45','2016-06-23 14:20:45'),(78,104,113,NULL,1,'9','2016-06-23 14:20:45','2016-06-23 14:20:45'),(79,104,114,NULL,1,'10','2016-06-23 14:20:45','2016-06-23 14:20:45'),(80,104,115,NULL,1,'11','2016-06-23 14:20:45','2016-06-23 14:20:45'),(81,104,116,NULL,1,'12','2016-06-23 14:20:45','2016-06-23 14:20:45'),(82,104,117,NULL,1,'13','2016-06-23 14:20:45','2016-06-23 14:20:45'),(83,104,118,NULL,1,'14','2016-06-23 14:20:45','2016-06-23 14:20:45'),(84,104,119,NULL,1,'15','2016-06-23 14:20:45','2016-06-23 14:20:45'),(85,104,120,NULL,1,'16','2016-06-23 14:20:45','2016-06-23 14:20:45'),(86,104,121,NULL,1,'17','2016-06-23 14:20:45','2016-06-23 14:20:45'),(87,104,122,NULL,1,'18','2016-06-23 14:20:45','2016-06-23 14:20:45'),(88,104,123,NULL,1,'19','2016-06-23 14:20:45','2016-06-23 14:20:45'),(89,104,124,NULL,1,'20','2016-06-23 14:20:46','2016-06-23 14:20:46'),(90,104,125,NULL,1,'21','2016-06-23 14:20:46','2016-06-23 14:20:46'),(91,104,126,NULL,1,'22','2016-06-23 14:20:46','2016-06-23 14:20:46'),(92,104,127,NULL,1,'23','2016-06-23 14:20:46','2016-06-23 14:20:46'),(93,104,128,NULL,1,'24','2016-06-23 14:20:46','2016-06-23 14:20:46'),(94,104,129,NULL,1,'25','2016-06-23 14:20:46','2016-06-23 14:20:46'),(95,104,130,NULL,1,'26','2016-06-23 14:20:46','2016-06-23 14:20:46'),(96,104,131,NULL,1,'27','2016-06-23 14:20:46','2016-06-23 14:20:46'),(97,104,132,NULL,1,'28','2016-06-23 14:20:46','2016-06-23 14:20:46'),(98,104,133,NULL,1,'29','2016-06-23 14:20:46','2016-06-23 14:20:46'),(99,104,134,NULL,1,'30','2016-06-23 14:20:46','2016-06-23 14:20:46'),(100,104,135,NULL,1,'31','2016-06-23 14:20:46','2016-06-23 14:20:46'),(101,104,136,NULL,1,'32','2016-06-23 14:20:46','2016-06-23 14:20:46'),(102,104,137,NULL,1,'33','2016-06-23 14:20:46','2016-06-23 14:20:46'),(103,104,138,NULL,1,'34','2016-06-23 14:20:46','2016-06-23 14:20:46'),(104,104,139,NULL,1,'35','2016-06-23 14:20:46','2016-06-23 14:20:46'),(105,104,140,NULL,1,'36','2016-06-23 14:20:46','2016-06-23 14:20:46'),(106,104,141,NULL,1,'37','2016-06-23 14:20:46','2016-06-23 14:20:46'),(107,104,142,NULL,1,'38','2016-06-23 14:20:46','2016-06-23 14:20:46'),(108,104,143,NULL,1,'39','2016-06-23 14:20:46','2016-06-23 14:20:46'),(109,104,144,NULL,1,'40','2016-06-23 14:20:46','2016-06-23 14:20:46'),(110,104,145,NULL,1,'41','2016-06-23 14:20:46','2016-06-23 14:20:46'),(111,104,146,NULL,1,'42','2016-06-23 14:20:46','2016-06-23 14:20:46'),(112,104,147,NULL,1,'43','2016-06-23 14:20:46','2016-06-23 14:20:46'),(113,104,148,NULL,1,'44','2016-06-23 14:20:46','2016-06-23 14:20:46'),(114,104,149,NULL,1,'45','2016-06-23 14:20:46','2016-06-23 14:20:46'),(115,104,150,NULL,1,'46','2016-06-23 14:20:46','2016-06-23 14:20:46'),(116,104,151,NULL,1,'47','2016-06-23 14:20:46','2016-06-23 14:20:46'),(117,104,152,NULL,1,'48','2016-06-23 14:20:46','2016-06-23 14:20:46'),(118,104,153,NULL,1,'49','2016-06-23 14:20:47','2016-06-23 14:20:47'),(119,104,154,NULL,1,'50','2016-06-23 14:20:47','2016-06-23 14:20:47'),(120,104,155,NULL,1,'51','2016-06-23 14:20:47','2016-06-23 14:20:47'),(121,104,156,NULL,1,'52','2016-06-23 14:20:47','2016-06-23 14:20:47'),(122,104,157,NULL,1,'53','2016-06-23 14:20:47','2016-06-23 14:20:47'),(123,104,158,NULL,1,'54','2016-06-23 14:20:47','2016-06-23 14:20:47'),(124,104,159,NULL,1,'55','2016-06-23 14:20:47','2016-06-23 14:20:47'),(125,104,160,NULL,1,'56','2016-06-23 14:20:47','2016-06-23 14:20:47'),(126,104,161,NULL,1,'57','2016-06-23 14:20:47','2016-06-23 14:20:47'),(127,104,162,NULL,1,'58','2016-06-23 14:20:47','2016-06-23 14:20:47'),(128,104,163,NULL,1,'59','2016-06-23 14:20:47','2016-06-23 14:20:47'),(129,104,164,NULL,1,'60','2016-06-23 14:20:47','2016-06-23 14:20:47'),(130,104,165,NULL,1,'61','2016-06-23 14:20:47','2016-06-23 14:20:47'),(131,104,166,NULL,1,'62','2016-06-23 14:20:47','2016-06-23 14:20:47'),(132,104,167,NULL,1,'63','2016-06-23 14:20:47','2016-06-23 14:20:47'),(133,104,168,NULL,1,'64','2016-06-23 14:20:47','2016-06-23 14:20:47'),(134,104,169,NULL,1,'65','2016-06-23 14:20:47','2016-06-23 14:20:47'),(135,104,170,NULL,1,'66','2016-06-23 14:20:47','2016-06-23 14:20:47'),(136,104,171,NULL,1,'67','2016-06-23 14:20:47','2016-06-23 14:20:47'),(137,104,172,NULL,1,'68','2016-06-23 14:20:47','2016-06-23 14:20:47'),(138,104,173,NULL,1,'69','2016-06-23 14:20:47','2016-06-23 14:20:47'),(139,104,174,NULL,1,'70','2016-06-23 14:20:47','2016-06-23 14:20:47'),(140,104,175,NULL,1,'71','2016-06-23 14:20:47','2016-06-23 14:20:47'),(141,104,176,NULL,1,'72','2016-06-23 14:20:47','2016-06-23 14:20:47'),(142,104,177,NULL,1,'73','2016-06-23 14:20:47','2016-06-23 14:20:47'),(143,104,178,NULL,1,'74','2016-06-23 14:20:47','2016-06-23 14:20:47'),(144,104,179,NULL,1,'75','2016-06-23 14:20:47','2016-06-23 14:20:47'),(145,104,180,NULL,1,'76','2016-06-23 14:20:47','2016-06-23 14:20:47'),(146,104,181,NULL,1,'77','2016-06-23 14:20:48','2016-06-23 14:20:48'),(147,104,182,NULL,1,'78','2016-06-23 14:20:48','2016-06-23 14:20:48'),(148,104,183,NULL,1,'79','2016-06-23 14:20:48','2016-06-23 14:20:48'),(149,104,184,NULL,1,'80','2016-06-23 14:20:48','2016-06-23 14:20:48'),(150,104,185,NULL,1,'81','2016-06-23 14:20:48','2016-06-23 14:20:48'),(151,104,186,NULL,1,'82','2016-06-23 14:20:48','2016-06-23 14:20:48'),(152,104,187,NULL,1,'83','2016-06-23 14:20:48','2016-06-23 14:20:48'),(153,104,188,NULL,1,'84','2016-06-23 14:20:48','2016-06-23 14:20:48'),(154,104,189,NULL,1,'85','2016-06-23 14:20:48','2016-06-23 14:20:48'),(155,104,190,NULL,1,'86','2016-06-23 14:20:48','2016-06-23 14:20:48'),(156,104,191,NULL,1,'87','2016-06-23 14:20:48','2016-06-23 14:20:48'),(157,104,192,NULL,1,'88','2016-06-23 14:20:48','2016-06-23 14:20:48'),(158,104,193,NULL,1,'89','2016-06-23 14:20:48','2016-06-23 14:20:48'),(159,104,194,NULL,1,'90','2016-06-23 14:20:48','2016-06-23 14:20:48'),(160,104,195,NULL,1,'91','2016-06-23 14:20:48','2016-06-23 14:20:48'),(161,104,196,NULL,1,'92','2016-06-23 14:20:48','2016-06-23 14:20:48'),(162,104,197,NULL,1,'93','2016-06-23 14:20:48','2016-06-23 14:20:48'),(163,104,198,NULL,1,'94','2016-06-23 14:20:48','2016-06-23 14:20:48'),(164,104,199,NULL,1,'95','2016-06-23 14:20:48','2016-06-23 14:20:48'),(165,104,200,NULL,1,'96','2016-06-23 14:20:48','2016-06-23 14:20:48'),(166,104,201,NULL,1,'97','2016-06-23 14:20:48','2016-06-23 14:20:48'),(167,104,202,NULL,1,'98','2016-06-23 14:20:48','2016-06-23 14:20:48'),(168,104,203,NULL,1,'99','2016-06-23 14:20:48','2016-06-23 14:20:48'),(169,104,204,NULL,1,'100','2016-06-23 14:20:48','2016-06-23 14:20:48'),(170,104,205,NULL,1,'101','2016-06-23 14:20:48','2016-06-23 14:20:48'),(171,104,206,NULL,1,'102','2016-06-23 14:20:48','2016-06-23 14:20:48'),(172,104,207,NULL,1,'103','2016-06-23 14:20:48','2016-06-23 14:20:48'),(173,104,208,NULL,1,'104','2016-06-23 14:20:49','2016-06-23 14:20:49'),(174,104,209,NULL,1,'105','2016-06-23 14:20:49','2016-06-23 14:20:49'),(175,104,210,NULL,1,'106','2016-06-23 14:20:49','2016-06-23 14:20:49'),(176,104,211,NULL,1,'107','2016-06-23 14:20:49','2016-06-23 14:20:49'),(177,104,212,NULL,1,'108','2016-06-23 14:20:49','2016-06-23 14:20:49'),(178,104,213,NULL,1,'109','2016-06-23 14:20:49','2016-06-23 14:20:49'),(179,104,214,NULL,1,'110','2016-06-23 14:20:49','2016-06-23 14:20:49'),(180,104,215,NULL,1,'111','2016-06-23 14:20:49','2016-06-23 14:20:49'),(181,104,216,NULL,1,'112','2016-06-23 14:20:49','2016-06-23 14:20:49'),(182,104,217,NULL,1,'113','2016-06-23 14:20:49','2016-06-23 14:20:49'),(183,104,218,NULL,1,'114','2016-06-23 14:20:49','2016-06-23 14:20:49'),(184,104,219,NULL,1,'115','2016-06-23 14:20:49','2016-06-23 14:20:49'),(185,104,220,NULL,1,'116','2016-06-23 14:20:49','2016-06-23 14:20:49'),(186,104,221,NULL,1,'117','2016-06-23 14:20:49','2016-06-23 14:20:49'),(187,104,222,NULL,1,'118','2016-06-23 14:20:49','2016-06-23 14:20:49'),(188,104,223,NULL,1,'119','2016-06-23 14:20:49','2016-06-23 14:20:49'),(189,104,224,NULL,1,'120','2016-06-23 14:20:49','2016-06-23 14:20:49'),(190,104,225,NULL,1,'121','2016-06-23 14:20:49','2016-06-23 14:20:49'),(191,104,226,NULL,1,'122','2016-06-23 14:20:49','2016-06-23 14:20:49'),(192,104,227,NULL,1,'123','2016-06-23 14:20:49','2016-06-23 14:20:49'),(193,104,228,NULL,1,'124','2016-06-23 14:20:49','2016-06-23 14:20:49'),(194,104,229,NULL,1,'125','2016-06-23 14:20:49','2016-06-23 14:20:49'),(195,104,230,NULL,1,'126','2016-06-23 14:20:49','2016-06-23 14:20:49'),(196,104,231,NULL,1,'127','2016-06-23 14:20:49','2016-06-23 14:20:49'),(197,104,232,NULL,1,'128','2016-06-23 14:20:49','2016-06-23 14:20:49'),(198,104,233,NULL,1,'129','2016-06-23 14:20:49','2016-06-23 14:20:49'),(199,104,234,NULL,1,'130','2016-06-23 14:20:50','2016-06-23 14:20:50'),(200,104,235,NULL,1,'131','2016-06-23 14:20:50','2016-06-23 14:20:50'),(201,104,236,NULL,1,'132','2016-06-23 14:20:50','2016-06-23 14:20:50'),(202,104,237,NULL,1,'133','2016-06-23 14:20:50','2016-06-23 14:20:50'),(203,104,238,NULL,1,'134','2016-06-23 14:20:50','2016-06-23 14:20:50'),(204,104,239,NULL,1,'135','2016-06-23 14:20:50','2016-06-23 14:20:50'),(205,104,240,NULL,1,'136','2016-06-23 14:20:50','2016-06-23 14:20:50'),(206,104,241,NULL,1,'137','2016-06-23 14:20:50','2016-06-23 14:20:50'),(207,104,242,NULL,1,'138','2016-06-23 14:20:50','2016-06-23 14:20:50'),(208,104,243,NULL,1,'139','2016-06-23 14:20:50','2016-06-23 14:20:50'),(209,104,244,NULL,1,'140','2016-06-23 14:20:50','2016-06-23 14:20:50'),(210,104,245,NULL,1,'141','2016-06-23 14:20:50','2016-06-23 14:20:50'),(211,104,246,NULL,1,'142','2016-06-23 14:20:50','2016-06-23 14:20:50'),(212,104,247,NULL,1,'143','2016-06-23 14:20:50','2016-06-23 14:20:50'),(213,104,248,NULL,1,'144','2016-06-23 14:20:50','2016-06-23 14:20:50'),(214,104,249,NULL,1,'145','2016-06-23 14:20:50','2016-06-23 14:20:50'),(215,104,250,NULL,1,'146','2016-06-23 14:20:50','2016-06-23 14:20:50'),(216,104,251,NULL,1,'147','2016-06-23 14:20:50','2016-06-23 14:20:50'),(217,104,252,NULL,1,'148','2016-06-23 14:20:50','2016-06-23 14:20:50'),(218,104,253,NULL,1,'149','2016-06-23 14:20:50','2016-06-23 14:20:50'),(219,104,254,NULL,1,'150','2016-06-23 14:20:50','2016-06-23 14:20:50'),(220,104,255,NULL,1,'151','2016-06-23 14:20:50','2016-06-23 14:20:50'),(221,104,256,NULL,1,'152','2016-06-23 14:20:50','2016-06-23 14:20:50'),(222,104,257,NULL,1,'153','2016-06-23 14:20:50','2016-06-23 14:20:50'),(223,104,258,NULL,1,'154','2016-06-23 14:20:50','2016-06-23 14:20:50'),(224,104,259,NULL,1,'155','2016-06-23 14:20:50','2016-06-23 14:20:50'),(225,104,260,NULL,1,'156','2016-06-23 14:20:50','2016-06-23 14:20:50'),(226,104,261,NULL,1,'157','2016-06-23 14:20:50','2016-06-23 14:20:50'),(227,104,262,NULL,1,'158','2016-06-23 14:20:51','2016-06-23 14:20:51'),(228,104,263,NULL,1,'159','2016-06-23 14:20:51','2016-06-23 14:20:51'),(229,104,264,NULL,1,'160','2016-06-23 14:20:51','2016-06-23 14:20:51'),(230,104,265,NULL,1,'161','2016-06-23 14:20:51','2016-06-23 14:20:51'),(231,104,266,NULL,1,'162','2016-06-23 14:20:51','2016-06-23 14:20:51'),(232,104,267,NULL,1,'163','2016-06-23 14:20:51','2016-06-23 14:20:51'),(233,104,268,NULL,1,'164','2016-06-23 14:20:51','2016-06-23 14:20:51'),(234,104,269,NULL,1,'165','2016-06-23 14:20:51','2016-06-23 14:20:51'),(235,104,270,NULL,1,'166','2016-06-23 14:20:51','2016-06-23 14:20:51'),(236,104,271,NULL,1,'167','2016-06-23 14:20:51','2016-06-23 14:20:51'),(237,104,272,NULL,1,'168','2016-06-23 14:20:51','2016-06-23 14:20:51'),(238,104,273,NULL,1,'169','2016-06-23 14:20:51','2016-06-23 14:20:51'),(239,104,274,NULL,1,'170','2016-06-23 14:20:51','2016-06-23 14:20:51'),(240,104,275,NULL,1,'171','2016-06-23 14:20:51','2016-06-23 14:20:51'),(241,104,276,NULL,1,'172','2016-06-23 14:20:51','2016-06-23 14:20:51'),(242,104,277,NULL,1,'173','2016-06-23 14:20:51','2016-06-23 14:20:51'),(243,104,278,NULL,1,'174','2016-06-23 14:20:51','2016-06-23 14:20:51'),(244,104,279,NULL,1,'175','2016-06-23 14:20:51','2016-06-23 14:20:51'),(245,104,280,NULL,1,'176','2016-06-23 14:20:51','2016-06-23 14:20:51'),(246,104,281,NULL,1,'177','2016-06-23 14:20:51','2016-06-23 14:20:51'),(247,104,282,NULL,1,'178','2016-06-23 14:20:51','2016-06-23 14:20:51'),(248,104,283,NULL,1,'179','2016-06-23 14:20:51','2016-06-23 14:20:51'),(249,104,284,NULL,1,'180','2016-06-23 14:20:51','2016-06-23 14:20:51'),(250,104,285,NULL,1,'181','2016-06-23 14:20:51','2016-06-23 14:20:51'),(251,104,286,NULL,1,'182','2016-06-23 14:20:51','2016-06-23 14:20:51'),(252,104,287,NULL,1,'183','2016-06-23 14:20:51','2016-06-23 14:20:51'),(253,104,288,NULL,1,'184','2016-06-23 14:20:51','2016-06-23 14:20:51'),(254,104,289,NULL,1,'185','2016-06-23 14:20:52','2016-06-23 14:20:52'),(255,104,290,NULL,1,'186','2016-06-23 14:20:52','2016-06-23 14:20:52'),(256,104,291,NULL,1,'187','2016-06-23 14:20:52','2016-06-23 14:20:52'),(257,104,292,NULL,1,'188','2016-06-23 14:20:52','2016-06-23 14:20:52'),(258,104,293,NULL,1,'189','2016-06-23 14:20:52','2016-06-23 14:20:52'),(259,104,294,NULL,1,'190','2016-06-23 14:20:52','2016-06-23 14:20:52'),(260,104,295,NULL,1,'191','2016-06-23 14:20:52','2016-06-23 14:20:52'),(261,104,296,NULL,1,'192','2016-06-23 14:20:52','2016-06-23 14:20:52'),(262,104,297,NULL,1,'193','2016-06-23 14:20:52','2016-06-23 14:20:52'),(263,104,298,NULL,1,'194','2016-06-23 14:20:52','2016-06-23 14:20:52'),(264,104,299,NULL,1,'195','2016-06-23 14:20:52','2016-06-23 14:20:52'),(265,104,300,NULL,1,'196','2016-06-23 14:20:52','2016-06-23 14:20:52'),(266,104,301,NULL,1,'197','2016-06-23 14:20:52','2016-06-23 14:20:52'),(267,104,302,NULL,1,'198','2016-06-23 14:20:52','2016-06-23 14:20:52'),(268,104,303,NULL,1,'199','2016-06-23 14:20:52','2016-06-23 14:20:52'),(269,104,304,NULL,1,'200','2016-06-23 14:20:52','2016-06-23 14:20:52'),(270,104,305,NULL,1,'201','2016-06-23 14:20:52','2016-06-23 14:20:52'),(271,104,306,NULL,1,'202','2016-06-23 14:20:52','2016-06-23 14:20:52'),(272,104,307,NULL,1,'203','2016-06-23 14:20:52','2016-06-23 14:20:52'),(273,104,308,NULL,1,'204','2016-06-23 14:20:52','2016-06-23 14:20:52'),(274,104,309,NULL,1,'205','2016-06-23 14:20:52','2016-06-23 14:20:52'),(275,104,310,NULL,1,'206','2016-06-23 14:20:52','2016-06-23 14:20:52'),(276,104,311,NULL,1,'207','2016-06-23 14:20:52','2016-06-23 14:20:52'),(277,104,312,NULL,1,'208','2016-06-23 14:20:52','2016-06-23 14:20:52'),(278,104,313,NULL,1,'209','2016-06-23 14:20:52','2016-06-23 14:20:52'),(279,104,314,NULL,1,'210','2016-06-23 14:20:52','2016-06-23 14:20:52'),(280,104,315,NULL,1,'211','2016-06-23 14:20:52','2016-06-23 14:20:52'),(281,104,316,NULL,1,'212','2016-06-23 14:20:52','2016-06-23 14:20:52'),(282,104,317,NULL,1,'213','2016-06-23 14:20:53','2016-06-23 14:20:53'),(283,104,318,NULL,1,'214','2016-06-23 14:20:53','2016-06-23 14:20:53'),(284,104,319,NULL,1,'215','2016-06-23 14:20:53','2016-06-23 14:20:53'),(285,104,320,NULL,1,'216','2016-06-23 14:20:53','2016-06-23 14:20:53'),(286,104,321,NULL,1,'217','2016-06-23 14:20:53','2016-06-23 14:20:53'),(287,104,322,NULL,1,'218','2016-06-23 14:20:53','2016-06-23 14:20:53'),(288,104,323,NULL,1,'219','2016-06-23 14:20:53','2016-06-23 14:20:53'),(289,104,324,NULL,1,'220','2016-06-23 14:20:53','2016-06-23 14:20:53'),(290,104,325,NULL,1,'221','2016-06-23 14:20:53','2016-06-23 14:20:53'),(291,104,326,NULL,1,'222','2016-06-23 14:20:53','2016-06-23 14:20:53'),(292,104,327,NULL,1,'223','2016-06-23 14:20:53','2016-06-23 14:20:53'),(293,104,328,NULL,1,'224','2016-06-23 14:20:53','2016-06-23 14:20:53'),(294,104,329,NULL,1,'225','2016-06-23 14:20:53','2016-06-23 14:20:53'),(295,104,330,NULL,1,'226','2016-06-23 14:20:53','2016-06-23 14:20:53'),(296,104,331,NULL,1,'227','2016-06-23 14:20:53','2016-06-23 14:20:53'),(297,104,332,NULL,1,'228','2016-06-23 14:20:53','2016-06-23 14:20:53'),(298,104,333,NULL,1,'229','2016-06-23 14:20:53','2016-06-23 14:20:53'),(299,104,334,NULL,1,'230','2016-06-23 14:20:53','2016-06-23 14:20:53'),(300,104,335,NULL,1,'231','2016-06-23 14:20:53','2016-06-23 14:20:53'),(301,104,336,NULL,1,'232','2016-06-23 14:20:53','2016-06-23 14:20:53'),(302,104,337,NULL,1,'233','2016-06-23 14:20:53','2016-06-23 14:20:53'),(303,104,338,NULL,1,'234','2016-06-23 14:20:53','2016-06-23 14:20:53'),(304,104,339,NULL,1,'235','2016-06-23 14:20:53','2016-06-23 14:20:53'),(305,104,340,NULL,1,'236','2016-06-23 14:20:53','2016-06-23 14:20:53'),(306,104,341,NULL,1,'237','2016-06-23 14:20:53','2016-06-23 14:20:53'),(307,104,342,NULL,1,'238','2016-06-23 14:20:53','2016-06-23 14:20:53'),(308,104,343,NULL,1,'239','2016-06-23 14:20:53','2016-06-23 14:20:53'),(309,104,344,NULL,1,'240','2016-06-23 14:20:53','2016-06-23 14:20:53'),(310,104,345,NULL,1,'241','2016-06-23 14:20:53','2016-06-23 14:20:53'),(311,104,346,NULL,1,'242','2016-06-23 14:20:54','2016-06-23 14:20:54'),(312,104,347,NULL,1,'243','2016-06-23 14:20:54','2016-06-23 14:20:54'),(313,104,348,NULL,1,'244','2016-06-23 14:20:54','2016-06-23 14:20:54'),(314,104,349,NULL,1,'245','2016-06-23 14:20:54','2016-06-23 14:20:54'),(315,104,350,NULL,1,'246','2016-06-23 14:20:54','2016-06-23 14:20:54'),(316,104,351,NULL,1,'247','2016-06-23 14:20:54','2016-06-23 14:20:54'),(317,104,352,NULL,1,'248','2016-06-23 14:20:54','2016-06-23 14:20:54'),(318,104,353,NULL,1,'249','2016-06-23 14:20:54','2016-06-23 14:20:54'),(319,104,354,NULL,1,'250','2016-06-23 14:20:54','2016-06-23 14:20:54'),(320,104,355,NULL,1,'251','2016-06-23 14:20:54','2016-06-23 14:20:54'),(321,104,356,NULL,1,'252','2016-06-23 14:20:54','2016-06-23 14:20:54'),(322,104,357,NULL,1,'253','2016-06-23 14:20:54','2016-06-23 14:20:54'),(323,104,358,NULL,1,'254','2016-06-23 14:20:54','2016-06-23 14:20:54'),(324,104,359,NULL,1,'255','2016-06-23 14:20:54','2016-06-23 14:20:54'),(325,104,360,NULL,1,'256','2016-06-23 14:20:54','2016-06-23 14:20:54'),(326,104,361,NULL,1,'257','2016-06-23 14:20:54','2016-06-23 14:20:54'),(327,104,362,NULL,1,'258','2016-06-23 14:20:54','2016-06-23 14:20:54'),(328,104,363,NULL,1,'259','2016-06-23 14:20:54','2016-06-23 14:20:54'),(329,104,364,NULL,1,'260','2016-06-23 14:20:54','2016-06-23 14:20:54'),(330,104,365,NULL,1,'261','2016-06-23 14:20:54','2016-06-23 14:20:54'),(331,104,366,NULL,1,'262','2016-06-23 14:20:54','2016-06-23 14:20:54'),(332,104,367,NULL,1,'263','2016-06-23 14:20:54','2016-06-23 14:20:54'),(333,104,368,NULL,1,'264','2016-06-23 14:20:54','2016-06-23 14:20:54'),(334,104,369,NULL,1,'265','2016-06-23 14:20:54','2016-06-23 14:20:54'),(335,104,370,NULL,1,'266','2016-06-23 14:20:54','2016-06-23 14:20:54'),(336,104,371,NULL,1,'267','2016-06-23 14:20:55','2016-06-23 14:20:55'),(337,104,372,NULL,1,'268','2016-06-23 14:20:55','2016-06-23 14:20:55'),(338,104,373,NULL,1,'269','2016-06-23 14:20:55','2016-06-23 14:20:55'),(339,104,374,NULL,1,'270','2016-06-23 14:20:55','2016-06-23 14:20:55'),(340,104,375,NULL,1,'271','2016-06-23 14:20:55','2016-06-23 14:20:55'),(341,104,376,NULL,1,'272','2016-06-23 14:20:55','2016-06-23 14:20:55'),(342,104,377,NULL,1,'273','2016-06-23 14:20:55','2016-06-23 14:20:55'),(343,104,378,NULL,1,'274','2016-06-23 14:20:55','2016-06-23 14:20:55'),(344,104,379,NULL,1,'275','2016-06-23 14:20:55','2016-06-23 14:20:55'),(345,104,380,NULL,1,'276','2016-06-23 14:20:55','2016-06-23 14:20:55'),(346,104,381,NULL,1,'277','2016-06-23 14:20:55','2016-06-23 14:20:55'),(347,104,382,NULL,1,'278','2016-06-23 14:20:55','2016-06-23 14:20:55'),(348,104,383,NULL,1,'279','2016-06-23 14:20:55','2016-06-23 14:20:55'),(349,104,384,NULL,1,'280','2016-06-23 14:20:55','2016-06-23 14:20:55'),(350,104,385,NULL,1,'281','2016-06-23 14:20:55','2016-06-23 14:20:55'),(351,104,386,NULL,1,'282','2016-06-23 14:20:55','2016-06-23 14:20:55'),(352,104,387,NULL,1,'283','2016-06-23 14:20:55','2016-06-23 14:20:55'),(353,104,388,NULL,1,'284','2016-06-23 14:20:55','2016-06-23 14:20:55'),(354,104,389,NULL,1,'285','2016-06-23 14:20:55','2016-06-23 14:20:55'),(355,104,390,NULL,1,'286','2016-06-23 14:20:55','2016-06-23 14:20:55'),(356,104,391,NULL,1,'287','2016-06-23 14:20:55','2016-06-23 14:20:55'),(357,104,392,NULL,1,'288','2016-06-23 14:20:55','2016-06-23 14:20:55'),(358,104,393,NULL,1,'289','2016-06-23 14:20:55','2016-06-23 14:20:55'),(359,104,394,NULL,1,'290','2016-06-23 14:20:55','2016-06-23 14:20:55'),(360,104,395,NULL,1,'291','2016-06-23 14:20:55','2016-06-23 14:20:55'),(361,104,396,NULL,1,'292','2016-06-23 14:20:55','2016-06-23 14:20:55'),(362,104,397,NULL,1,'293','2016-06-23 14:20:55','2016-06-23 14:20:55'),(363,104,398,NULL,1,'294','2016-06-23 14:20:56','2016-06-23 14:20:56'),(364,104,399,NULL,1,'295','2016-06-23 14:20:56','2016-06-23 14:20:56'),(365,104,400,NULL,1,'296','2016-06-23 14:20:56','2016-06-23 14:20:56'),(366,104,401,NULL,1,'297','2016-06-23 14:20:56','2016-06-23 14:20:56'),(367,104,402,NULL,1,'298','2016-06-23 14:20:56','2016-06-23 14:20:56'),(368,104,403,NULL,1,'299','2016-06-23 14:20:56','2016-06-23 14:20:56'),(369,104,404,NULL,1,'300','2016-06-23 14:20:56','2016-06-23 14:20:56'),(370,104,405,NULL,1,'301','2016-06-23 14:20:56','2016-06-23 14:20:56'),(371,104,406,NULL,1,'302','2016-06-23 14:20:56','2016-06-23 14:20:56'),(372,104,407,NULL,1,'303','2016-06-23 14:20:56','2016-06-23 14:20:56'),(373,104,408,NULL,1,'304','2016-06-23 14:20:56','2016-06-23 14:20:56'),(374,104,409,NULL,1,'305','2016-06-23 14:20:56','2016-06-23 14:20:56'),(375,104,410,NULL,1,'306','2016-06-23 14:20:56','2016-06-23 14:20:56'),(376,104,411,NULL,1,'307','2016-06-23 14:20:56','2016-06-23 14:20:56'),(377,104,412,NULL,1,'308','2016-06-23 14:20:56','2016-06-23 14:20:56'),(378,104,413,NULL,1,'309','2016-06-23 14:20:56','2016-06-23 14:20:56'),(379,104,414,NULL,1,'310','2016-06-23 14:20:56','2016-06-23 14:20:56'),(380,104,415,NULL,1,'311','2016-06-23 14:20:56','2016-06-23 14:20:56'),(381,104,416,NULL,1,'312','2016-06-23 14:20:56','2016-06-23 14:20:56'),(382,104,417,NULL,1,'313','2016-06-23 14:20:56','2016-06-23 14:20:56'),(383,104,418,NULL,1,'314','2016-06-23 14:20:56','2016-06-23 14:20:56'),(384,104,419,NULL,1,'315','2016-06-23 14:20:56','2016-06-23 14:20:56'),(385,104,420,NULL,1,'316','2016-06-23 14:20:56','2016-06-23 14:20:56'),(386,104,421,NULL,1,'317','2016-06-23 14:20:56','2016-06-23 14:20:56'),(387,104,422,NULL,1,'318','2016-06-23 14:20:56','2016-06-23 14:20:56'),(388,104,423,NULL,1,'319','2016-06-23 14:20:56','2016-06-23 14:20:56'),(389,104,424,NULL,1,'320','2016-06-23 14:20:56','2016-06-23 14:20:56'),(390,104,425,NULL,1,'321','2016-06-23 14:20:56','2016-06-23 14:20:56'),(391,104,426,NULL,1,'322','2016-06-23 14:20:56','2016-06-23 14:20:56'),(392,104,427,NULL,1,'323','2016-06-23 14:20:56','2016-06-23 14:20:56'),(393,104,428,NULL,1,'324','2016-06-23 14:20:57','2016-06-23 14:20:57'),(394,104,429,NULL,1,'325','2016-06-23 14:20:57','2016-06-23 14:20:57'),(395,104,430,NULL,1,'326','2016-06-23 14:20:57','2016-06-23 14:20:57'),(396,104,431,NULL,1,'327','2016-06-23 14:20:57','2016-06-23 14:20:57'),(397,104,432,NULL,1,'328','2016-06-23 14:20:57','2016-06-23 14:20:57'),(398,104,433,NULL,1,'329','2016-06-23 14:20:57','2016-06-23 14:20:57'),(399,104,434,NULL,1,'330','2016-06-23 14:20:57','2016-06-23 14:20:57'),(400,104,435,NULL,1,'331','2016-06-23 14:20:57','2016-06-23 14:20:57'),(401,104,436,NULL,1,'332','2016-06-23 14:20:57','2016-06-23 14:20:57'),(402,104,437,NULL,1,'333','2016-06-23 14:20:57','2016-06-23 14:20:57'),(403,104,438,NULL,1,'334','2016-06-23 14:20:57','2016-06-23 14:20:57'),(404,104,439,NULL,1,'335','2016-06-23 14:20:57','2016-06-23 14:20:57'),(405,104,440,NULL,1,'336','2016-06-23 14:20:57','2016-06-23 14:20:57'),(406,104,441,NULL,1,'337','2016-06-23 14:20:57','2016-06-23 14:20:57'),(407,104,442,NULL,1,'338','2016-06-23 14:20:57','2016-06-23 14:20:57'),(408,104,443,NULL,1,'339','2016-06-23 14:20:57','2016-06-23 14:20:57'),(409,104,444,NULL,1,'340','2016-06-23 14:20:57','2016-06-23 14:20:57'),(410,104,445,NULL,1,'341','2016-06-23 14:20:57','2016-06-23 14:20:57'),(411,104,446,NULL,1,'342','2016-06-23 14:20:57','2016-06-23 14:20:57'),(412,104,447,NULL,1,'343','2016-06-23 14:20:57','2016-06-23 14:20:57'),(413,104,448,NULL,1,'344','2016-06-23 14:20:57','2016-06-23 14:20:57'),(414,104,449,NULL,1,'345','2016-06-23 14:20:57','2016-06-23 14:20:57'),(415,104,450,NULL,1,'346','2016-06-23 14:20:57','2016-06-23 14:20:57'),(416,104,451,NULL,1,'347','2016-06-23 14:20:57','2016-06-23 14:20:57'),(417,104,452,NULL,1,'348','2016-06-23 14:20:57','2016-06-23 14:20:57'),(418,104,453,NULL,1,'349','2016-06-23 14:20:57','2016-06-23 14:20:57'),(419,104,454,NULL,1,'350','2016-06-23 14:20:57','2016-06-23 14:20:57'),(420,104,455,NULL,1,'351','2016-06-23 14:20:57','2016-06-23 14:20:57'),(421,104,456,NULL,1,'352','2016-06-23 14:20:58','2016-06-23 14:20:58'),(422,104,457,NULL,1,'353','2016-06-23 14:20:58','2016-06-23 14:20:58'),(423,104,458,NULL,1,'354','2016-06-23 14:20:58','2016-06-23 14:20:58'),(424,104,459,NULL,1,'355','2016-06-23 14:20:58','2016-06-23 14:20:58'),(425,104,460,NULL,1,'356','2016-06-23 14:20:58','2016-06-23 14:20:58'),(426,104,461,NULL,1,'357','2016-06-23 14:20:58','2016-06-23 14:20:58'),(427,104,462,NULL,1,'358','2016-06-23 14:20:58','2016-06-23 14:20:58'),(428,104,463,NULL,1,'359','2016-06-23 14:20:58','2016-06-23 14:20:58'),(429,104,464,NULL,1,'360','2016-06-23 14:20:58','2016-06-23 14:20:58'),(430,104,465,NULL,1,'361','2016-06-23 14:20:58','2016-06-23 14:20:58'),(431,104,466,NULL,1,'362','2016-06-23 14:20:58','2016-06-23 14:20:58'),(432,104,467,NULL,1,'363','2016-06-23 14:20:58','2016-06-23 14:20:58'),(433,104,468,NULL,1,'364','2016-06-23 14:20:58','2016-06-23 14:20:58'),(434,104,469,NULL,1,'365','2016-06-23 14:20:58','2016-06-23 14:20:58'),(435,104,470,NULL,1,'366','2016-06-23 14:20:58','2016-06-23 14:20:58'),(436,104,471,NULL,1,'367','2016-06-23 14:20:58','2016-06-23 14:20:58'),(437,104,472,NULL,1,'368','2016-06-23 14:20:58','2016-06-23 14:20:58'),(438,104,473,NULL,1,'369','2016-06-23 14:20:58','2016-06-23 14:20:58'),(439,104,474,NULL,1,'370','2016-06-23 14:20:58','2016-06-23 14:20:58'),(440,104,475,NULL,1,'371','2016-06-23 14:20:58','2016-06-23 14:20:58'),(441,104,476,NULL,1,'372','2016-06-23 14:20:58','2016-06-23 14:20:58'),(442,104,477,NULL,1,'373','2016-06-23 14:20:58','2016-06-23 14:20:58'),(443,104,478,NULL,1,'374','2016-06-23 14:20:58','2016-06-23 14:20:58'),(444,104,479,NULL,1,'375','2016-06-23 14:20:58','2016-06-23 14:20:58'),(445,104,480,NULL,1,'376','2016-06-23 14:20:58','2016-06-23 14:20:58'),(446,104,481,NULL,1,'377','2016-06-23 14:20:58','2016-06-23 14:20:58'),(447,104,482,NULL,1,'378','2016-06-23 14:20:58','2016-06-23 14:20:58'),(448,104,483,NULL,1,'379','2016-06-23 14:20:59','2016-06-23 14:20:59'),(449,104,484,NULL,1,'380','2016-06-23 14:20:59','2016-06-23 14:20:59'),(450,104,485,NULL,1,'381','2016-06-23 14:20:59','2016-06-23 14:20:59'),(451,104,486,NULL,1,'382','2016-06-23 14:20:59','2016-06-23 14:20:59'),(452,104,487,NULL,1,'383','2016-06-23 14:20:59','2016-06-23 14:20:59'),(453,104,488,NULL,1,'384','2016-06-23 14:20:59','2016-06-23 14:20:59'),(454,104,489,NULL,1,'385','2016-06-23 14:20:59','2016-06-23 14:20:59'),(455,104,490,NULL,1,'386','2016-06-23 14:20:59','2016-06-23 14:20:59'),(456,104,491,NULL,1,'387','2016-06-23 14:20:59','2016-06-23 14:20:59'),(457,104,492,NULL,1,'388','2016-06-23 14:20:59','2016-06-23 14:20:59'),(458,104,493,NULL,1,'389','2016-06-23 14:20:59','2016-06-23 14:20:59'),(459,104,494,NULL,1,'390','2016-06-23 14:20:59','2016-06-23 14:20:59'),(460,104,495,NULL,1,'391','2016-06-23 14:20:59','2016-06-23 14:20:59'),(461,104,496,NULL,1,'392','2016-06-23 14:20:59','2016-06-23 14:20:59'),(462,104,497,NULL,1,'393','2016-06-23 14:20:59','2016-06-23 14:20:59'),(463,104,498,NULL,1,'394','2016-06-23 14:20:59','2016-06-23 14:20:59'),(464,104,499,NULL,1,'395','2016-06-23 14:20:59','2016-06-23 14:20:59'),(465,104,500,NULL,1,'396','2016-06-23 14:20:59','2016-06-23 14:20:59'),(466,104,501,NULL,1,'397','2016-06-23 14:20:59','2016-06-23 14:20:59'),(467,104,502,NULL,1,'398','2016-06-23 14:20:59','2016-06-23 14:20:59'),(468,104,503,NULL,1,'399','2016-06-23 14:20:59','2016-06-23 14:20:59'),(469,104,504,NULL,1,'400','2016-06-23 14:20:59','2016-06-23 14:20:59'),(470,104,505,NULL,1,'401','2016-06-23 14:20:59','2016-06-23 14:20:59'),(471,104,506,NULL,1,'402','2016-06-23 14:20:59','2016-06-23 14:20:59'),(472,104,507,NULL,1,'403','2016-06-23 14:20:59','2016-06-23 14:20:59'),(473,104,508,NULL,1,'404','2016-06-23 14:21:00','2016-06-23 14:21:00'),(474,104,509,NULL,1,'405','2016-06-23 14:21:00','2016-06-23 14:21:00'),(475,104,510,NULL,1,'406','2016-06-23 14:21:00','2016-06-23 14:21:00'),(476,104,511,NULL,1,'407','2016-06-23 14:21:00','2016-06-23 14:21:00'),(477,104,512,NULL,1,'408','2016-06-23 14:21:00','2016-06-23 14:21:00'),(478,104,513,NULL,1,'409','2016-06-23 14:21:00','2016-06-23 14:21:00'),(479,104,514,NULL,1,'410','2016-06-23 14:21:00','2016-06-23 14:21:00'),(480,104,515,NULL,1,'411','2016-06-23 14:21:00','2016-06-23 14:21:00'),(481,104,516,NULL,1,'412','2016-06-23 14:21:00','2016-06-23 14:21:00'),(482,104,517,NULL,1,'413','2016-06-23 14:21:00','2016-06-23 14:21:00'),(483,104,518,NULL,1,'414','2016-06-23 14:21:00','2016-06-23 14:21:00'),(484,104,519,NULL,1,'415','2016-06-23 14:21:00','2016-06-23 14:21:00'),(485,104,520,NULL,1,'416','2016-06-23 14:21:00','2016-06-23 14:21:00'),(486,104,521,NULL,1,'417','2016-06-23 14:21:00','2016-06-23 14:21:00'),(487,104,522,NULL,1,'418','2016-06-23 14:21:00','2016-06-23 14:21:00'),(488,104,523,NULL,1,'419','2016-06-23 14:21:00','2016-06-23 14:21:00'),(489,104,524,NULL,1,'420','2016-06-23 14:21:00','2016-06-23 14:21:00'),(490,104,525,NULL,1,'421','2016-06-23 14:21:00','2016-06-23 14:21:00'),(491,104,526,NULL,1,'422','2016-06-23 14:21:00','2016-06-23 14:21:00'),(492,104,527,NULL,1,'423','2016-06-23 14:21:00','2016-06-23 14:21:00'),(493,104,528,NULL,1,'424','2016-06-23 14:21:00','2016-06-23 14:21:00'),(494,104,529,NULL,1,'425','2016-06-23 14:21:00','2016-06-23 14:21:00'),(495,104,530,NULL,1,'426','2016-06-23 14:21:00','2016-06-23 14:21:00'),(496,104,531,NULL,1,'427','2016-06-23 14:21:00','2016-06-23 14:21:00'),(497,104,532,NULL,1,'428','2016-06-23 14:21:01','2016-06-23 14:21:01'),(498,104,533,NULL,1,'429','2016-06-23 14:21:01','2016-06-23 14:21:01'),(499,104,534,NULL,1,'430','2016-06-23 14:21:01','2016-06-23 14:21:01'),(500,104,535,NULL,1,'431','2016-06-23 14:21:01','2016-06-23 14:21:01'),(501,104,536,NULL,1,'432','2016-06-23 14:21:01','2016-06-23 14:21:01'),(502,104,537,NULL,1,'433','2016-06-23 14:21:01','2016-06-23 14:21:01'),(503,104,538,NULL,1,'434','2016-06-23 14:21:01','2016-06-23 14:21:01'),(504,104,539,NULL,1,'435','2016-06-23 14:21:01','2016-06-23 14:21:01'),(505,104,540,NULL,1,'436','2016-06-23 14:21:01','2016-06-23 14:21:01'),(506,104,541,NULL,1,'437','2016-06-23 14:21:01','2016-06-23 14:21:01'),(507,104,542,NULL,1,'438','2016-06-23 14:21:01','2016-06-23 14:21:01'),(508,104,543,NULL,1,'439','2016-06-23 14:21:01','2016-06-23 14:21:01'),(509,104,544,NULL,1,'440','2016-06-23 14:21:01','2016-06-23 14:21:01'),(510,104,545,NULL,1,'441','2016-06-23 14:21:01','2016-06-23 14:21:01'),(511,104,546,NULL,1,'442','2016-06-23 14:21:01','2016-06-23 14:21:01'),(512,104,547,NULL,1,'443','2016-06-23 14:21:01','2016-06-23 14:21:01'),(513,104,548,NULL,1,'444','2016-06-23 14:21:01','2016-06-23 14:21:01'),(514,104,549,NULL,1,'445','2016-06-23 14:21:01','2016-06-23 14:21:01'),(515,104,550,NULL,1,'446','2016-06-23 14:21:01','2016-06-23 14:21:01'),(516,104,551,NULL,1,'447','2016-06-23 14:21:01','2016-06-23 14:21:01'),(517,104,552,NULL,1,'448','2016-06-23 14:21:01','2016-06-23 14:21:01'),(518,104,553,NULL,1,'449','2016-06-23 14:21:01','2016-06-23 14:21:01'),(519,104,554,NULL,1,'450','2016-06-23 14:21:01','2016-06-23 14:21:01'),(520,104,555,NULL,1,'451','2016-06-23 14:21:01','2016-06-23 14:21:01'),(521,104,556,NULL,1,'452','2016-06-23 14:21:01','2016-06-23 14:21:01'),(522,104,557,NULL,1,'453','2016-06-23 14:21:01','2016-06-23 14:21:01'),(523,104,558,NULL,1,'454','2016-06-23 14:21:01','2016-06-23 14:21:01'),(524,104,559,NULL,1,'455','2016-06-23 14:21:02','2016-06-23 14:21:02'),(525,104,560,NULL,1,'456','2016-06-23 14:21:02','2016-06-23 14:21:02'),(526,104,561,NULL,1,'457','2016-06-23 14:21:02','2016-06-23 14:21:02'),(527,104,562,NULL,1,'458','2016-06-23 14:21:02','2016-06-23 14:21:02'),(528,104,563,NULL,1,'459','2016-06-23 14:21:02','2016-06-23 14:21:02'),(529,104,564,NULL,1,'460','2016-06-23 14:21:02','2016-06-23 14:21:02'),(530,104,565,NULL,1,'461','2016-06-23 14:21:02','2016-06-23 14:21:02'),(531,104,566,NULL,1,'462','2016-06-23 14:21:02','2016-06-23 14:21:02'),(532,104,567,NULL,1,'463','2016-06-23 14:21:02','2016-06-23 14:21:02'),(533,104,568,NULL,1,'464','2016-06-23 14:21:02','2016-06-23 14:21:02'),(534,104,569,NULL,1,'465','2016-06-23 14:21:02','2016-06-23 14:21:02'),(535,104,570,NULL,1,'466','2016-06-23 14:21:02','2016-06-23 14:21:02'),(536,104,571,NULL,1,'467','2016-06-23 14:21:02','2016-06-23 14:21:02'),(537,104,572,NULL,1,'468','2016-06-23 14:21:02','2016-06-23 14:21:02'),(538,104,573,NULL,1,'469','2016-06-23 14:21:02','2016-06-23 14:21:02'),(539,104,574,NULL,1,'470','2016-06-23 14:21:02','2016-06-23 14:21:02'),(540,104,575,NULL,1,'471','2016-06-23 14:21:02','2016-06-23 14:21:02'),(541,104,576,NULL,1,'472','2016-06-23 14:21:02','2016-06-23 14:21:02'),(542,104,577,NULL,1,'473','2016-06-23 14:21:02','2016-06-23 14:21:02'),(543,104,578,NULL,1,'474','2016-06-23 14:21:02','2016-06-23 14:21:02'),(544,104,579,NULL,1,'475','2016-06-23 14:21:02','2016-06-23 14:21:02'),(545,104,580,NULL,1,'476','2016-06-23 14:21:02','2016-06-23 14:21:02'),(546,104,581,NULL,1,'477','2016-06-23 14:21:02','2016-06-23 14:21:02'),(547,104,582,NULL,1,'478','2016-06-23 14:21:02','2016-06-23 14:21:02'),(548,104,583,NULL,1,'479','2016-06-23 14:21:02','2016-06-23 14:21:02'),(549,104,584,NULL,1,'480','2016-06-23 14:21:02','2016-06-23 14:21:02'),(550,104,585,NULL,1,'481','2016-06-23 14:21:02','2016-06-23 14:21:02'),(551,104,586,NULL,1,'482','2016-06-23 14:21:02','2016-06-23 14:21:02'),(552,104,587,NULL,1,'483','2016-06-23 14:21:03','2016-06-23 14:21:03'),(553,104,588,NULL,1,'484','2016-06-23 14:21:03','2016-06-23 14:21:03'),(554,104,589,NULL,1,'485','2016-06-23 14:21:03','2016-06-23 14:21:03'),(555,104,590,NULL,1,'486','2016-06-23 14:21:03','2016-06-23 14:21:03'),(556,104,591,NULL,1,'487','2016-06-23 14:21:03','2016-06-23 14:21:03'),(557,104,592,NULL,1,'488','2016-06-23 14:21:03','2016-06-23 14:21:03'),(558,104,593,NULL,1,'489','2016-06-23 14:21:03','2016-06-23 14:21:03'),(559,104,594,NULL,1,'490','2016-06-23 14:21:03','2016-06-23 14:21:03'),(560,104,595,NULL,1,'491','2016-06-23 14:21:03','2016-06-23 14:21:03'),(561,104,596,NULL,1,'492','2016-06-23 14:21:03','2016-06-23 14:21:03'),(562,104,597,NULL,1,'493','2016-06-23 14:21:03','2016-06-23 14:21:03'),(563,104,598,NULL,1,'494','2016-06-23 14:21:03','2016-06-23 14:21:03'),(564,104,599,NULL,1,'495','2016-06-23 14:21:03','2016-06-23 14:21:03'),(565,104,600,NULL,1,'496','2016-06-23 14:21:03','2016-06-23 14:21:03'),(566,104,601,NULL,1,'497','2016-06-23 14:21:03','2016-06-23 14:21:03'),(567,104,602,NULL,1,'498','2016-06-23 14:21:03','2016-06-23 14:21:03'),(568,104,603,NULL,1,'499','2016-06-23 14:21:03','2016-06-23 14:21:03'),(569,104,604,NULL,1,'500','2016-06-23 14:21:03','2016-06-23 14:21:03'),(570,104,605,NULL,1,'501','2016-06-23 14:21:03','2016-06-23 14:21:03'),(571,104,606,NULL,1,'502','2016-06-23 14:21:03','2016-06-23 14:21:03'),(572,104,607,NULL,1,'503','2016-06-23 14:21:03','2016-06-23 14:21:03'),(573,104,608,NULL,1,'504','2016-06-23 14:21:03','2016-06-23 14:21:03'),(574,104,609,NULL,1,'505','2016-06-23 14:21:03','2016-06-23 14:21:03'),(575,104,610,NULL,1,'506','2016-06-23 14:21:03','2016-06-23 14:21:03'),(576,104,611,NULL,1,'507','2016-06-23 14:21:03','2016-06-23 14:21:03'),(577,104,612,NULL,1,'508','2016-06-23 14:21:03','2016-06-23 14:21:03'),(578,104,613,NULL,1,'509','2016-06-23 14:21:03','2016-06-23 14:21:03'),(579,104,614,NULL,1,'510','2016-06-23 14:21:03','2016-06-23 14:21:03'),(580,104,615,NULL,1,'511','2016-06-23 14:21:04','2016-06-23 14:21:04'),(581,104,616,NULL,1,'512','2016-06-23 14:21:04','2016-06-23 14:21:04'),(582,104,617,NULL,1,'513','2016-06-23 14:21:04','2016-06-23 14:21:04'),(583,104,618,NULL,1,'514','2016-06-23 14:21:04','2016-06-23 14:21:04'),(584,104,619,NULL,1,'515','2016-06-23 14:21:04','2016-06-23 14:21:04'),(585,104,620,NULL,1,'516','2016-06-23 14:21:04','2016-06-23 14:21:04'),(586,104,621,NULL,1,'517','2016-06-23 14:21:04','2016-06-23 14:21:04'),(587,104,622,NULL,1,'518','2016-06-23 14:21:04','2016-06-23 14:21:04'),(588,104,623,NULL,1,'519','2016-06-23 14:21:04','2016-06-23 14:21:04'),(589,104,624,NULL,1,'520','2016-06-23 14:21:04','2016-06-23 14:21:04'),(590,104,625,NULL,1,'521','2016-06-23 14:21:04','2016-06-23 14:21:04'),(591,104,626,NULL,1,'522','2016-06-23 14:21:04','2016-06-23 14:21:04'),(592,104,627,NULL,1,'523','2016-06-23 14:21:04','2016-06-23 14:21:04'),(593,104,628,NULL,1,'524','2016-06-23 14:21:04','2016-06-23 14:21:04'),(594,104,629,NULL,1,'525','2016-06-23 14:21:04','2016-06-23 14:21:04'),(595,104,630,NULL,1,'526','2016-06-23 14:21:04','2016-06-23 14:21:04'),(596,104,631,NULL,1,'527','2016-06-23 14:21:04','2016-06-23 14:21:04'),(597,104,632,NULL,1,'528','2016-06-23 14:21:04','2016-06-23 14:21:04'),(598,104,633,NULL,1,'529','2016-06-23 14:21:04','2016-06-23 14:21:04'),(599,104,634,NULL,1,'530','2016-06-23 14:21:04','2016-06-23 14:21:04'),(600,104,635,NULL,1,'531','2016-06-23 14:21:04','2016-06-23 14:21:04'),(601,104,636,NULL,1,'532','2016-06-23 14:21:04','2016-06-23 14:21:04'),(602,104,637,NULL,1,'533','2016-06-23 14:21:04','2016-06-23 14:21:04'),(603,104,638,NULL,1,'534','2016-06-23 14:21:04','2016-06-23 14:21:04'),(604,104,639,NULL,1,'535','2016-06-23 14:21:04','2016-06-23 14:21:04'),(605,104,640,NULL,1,'536','2016-06-23 14:21:04','2016-06-23 14:21:04'),(606,104,641,NULL,1,'537','2016-06-23 14:21:05','2016-06-23 14:21:05'),(607,104,642,NULL,1,'538','2016-06-23 14:21:05','2016-06-23 14:21:05'),(608,104,643,NULL,1,'539','2016-06-23 14:21:05','2016-06-23 14:21:05'),(609,104,644,NULL,1,'540','2016-06-23 14:21:05','2016-06-23 14:21:05'),(610,104,645,NULL,1,'541','2016-06-23 14:21:05','2016-06-23 14:21:05'),(611,104,646,NULL,1,'542','2016-06-23 14:21:05','2016-06-23 14:21:05'),(612,104,647,NULL,1,'543','2016-06-23 14:21:05','2016-06-23 14:21:05'),(613,104,648,NULL,1,'544','2016-06-23 14:21:05','2016-06-23 14:21:05'),(614,104,649,NULL,1,'545','2016-06-23 14:21:05','2016-06-23 14:21:05'),(615,104,650,NULL,1,'546','2016-06-23 14:21:05','2016-06-23 14:21:05'),(616,104,651,NULL,1,'547','2016-06-23 14:21:05','2016-06-23 14:21:05'),(617,104,652,NULL,1,'548','2016-06-23 14:21:05','2016-06-23 14:21:05'),(618,104,653,NULL,1,'549','2016-06-23 14:21:05','2016-06-23 14:21:05'),(619,104,654,NULL,1,'550','2016-06-23 14:21:05','2016-06-23 14:21:05'),(620,104,655,NULL,1,'551','2016-06-23 14:21:05','2016-06-23 14:21:05'),(621,104,656,NULL,1,'552','2016-06-23 14:21:05','2016-06-23 14:21:05'),(622,104,657,NULL,1,'553','2016-06-23 14:21:05','2016-06-23 14:21:05'),(623,104,658,NULL,1,'554','2016-06-23 14:21:05','2016-06-23 14:21:05'),(624,104,659,NULL,1,'555','2016-06-23 14:21:05','2016-06-23 14:21:05'),(625,104,660,NULL,1,'556','2016-06-23 14:21:05','2016-06-23 14:21:05'),(626,104,661,NULL,1,'557','2016-06-23 14:21:05','2016-06-23 14:21:05'),(627,104,662,NULL,1,'558','2016-06-23 14:21:05','2016-06-23 14:21:05'),(628,104,663,NULL,1,'559','2016-06-23 14:21:05','2016-06-23 14:21:05'),(629,104,664,NULL,1,'560','2016-06-23 14:21:05','2016-06-23 14:21:05'),(630,104,665,NULL,1,'561','2016-06-23 14:21:05','2016-06-23 14:21:05'),(631,104,666,NULL,1,'562','2016-06-23 14:21:05','2016-06-23 14:21:05'),(632,104,667,NULL,1,'563','2016-06-23 14:21:06','2016-06-23 14:21:06'),(633,104,668,NULL,1,'564','2016-06-23 14:21:06','2016-06-23 14:21:06'),(634,104,669,NULL,1,'565','2016-06-23 14:21:06','2016-06-23 14:21:06'),(635,104,670,NULL,1,'566','2016-06-23 14:21:06','2016-06-23 14:21:06'),(636,104,671,NULL,1,'567','2016-06-23 14:21:06','2016-06-23 14:21:06'),(637,104,672,NULL,1,'568','2016-06-23 14:21:06','2016-06-23 14:21:06'),(638,104,673,NULL,1,'569','2016-06-23 14:21:06','2016-06-23 14:21:06'),(639,104,674,NULL,1,'570','2016-06-23 14:21:06','2016-06-23 14:21:06'),(640,104,675,NULL,1,'571','2016-06-23 14:21:06','2016-06-23 14:21:06'),(641,104,676,NULL,1,'572','2016-06-23 14:21:06','2016-06-23 14:21:06'),(642,104,677,NULL,1,'573','2016-06-23 14:21:06','2016-06-23 14:21:06'),(643,104,678,NULL,1,'574','2016-06-23 14:21:06','2016-06-23 14:21:06'),(644,104,679,NULL,1,'575','2016-06-23 14:21:06','2016-06-23 14:21:06'),(645,104,680,NULL,1,'576','2016-06-23 14:21:06','2016-06-23 14:21:06'),(646,104,681,NULL,1,'577','2016-06-23 14:21:06','2016-06-23 14:21:06'),(647,104,682,NULL,1,'578','2016-06-23 14:21:06','2016-06-23 14:21:06'),(648,104,683,NULL,1,'579','2016-06-23 14:21:06','2016-06-23 14:21:06'),(649,104,684,NULL,1,'580','2016-06-23 14:21:06','2016-06-23 14:21:06'),(650,104,685,NULL,1,'581','2016-06-23 14:21:06','2016-06-23 14:21:06'),(651,104,686,NULL,1,'582','2016-06-23 14:21:06','2016-06-23 14:21:06'),(652,104,687,NULL,1,'583','2016-06-23 14:21:06','2016-06-23 14:21:06'),(653,104,688,NULL,1,'584','2016-06-23 14:21:06','2016-06-23 14:21:06'),(654,689,690,NULL,1,'1','2016-06-24 15:02:32','2016-06-24 15:02:32'),(655,689,691,NULL,1,'2','2016-06-24 15:02:32','2016-06-24 15:02:32'),(656,689,692,NULL,1,'3','2016-06-24 15:02:32','2016-06-24 15:02:32'),(657,689,693,NULL,1,'4','2016-06-24 15:02:32','2016-06-24 15:02:32'),(658,689,694,NULL,1,'5','2016-06-24 15:02:32','2016-06-24 15:02:32'),(659,689,695,NULL,1,'6','2016-06-24 15:02:32','2016-06-24 15:02:32'),(660,689,696,NULL,1,'7','2016-06-24 15:02:32','2016-06-24 15:02:32'),(661,689,697,NULL,1,'8','2016-06-24 15:02:32','2016-06-24 15:02:32'),(662,689,698,NULL,1,'9','2016-06-24 15:02:32','2016-06-24 15:02:32'),(663,689,699,NULL,1,'10','2016-06-24 15:02:32','2016-06-24 15:02:32');
/*!40000 ALTER TABLE `item_compositions` ENABLE KEYS */;
UNLOCK TABLES;

--
-- Table structure for table `item_qualities`
--

DROP TABLE IF EXISTS `item_qualities`;
/*!40101 SET @saved_cs_client     = @@character_set_client */;
/*!40101 SET character_set_client = utf8 */;
CREATE TABLE `item_qualities` (
  `id` int(11) NOT NULL AUTO_INCREMENT,
  `name` varchar(46) NOT NULL,
  `comment` text NOT NULL,
  PRIMARY KEY (`id`)
) ENGINE=InnoDB AUTO_INCREMENT=2 DEFAULT CHARSET=latin1;
/*!40101 SET character_set_client = @saved_cs_client */;

--
-- Dumping data for table `item_qualities`
--

LOCK TABLES `item_qualities` WRITE;
/*!40000 ALTER TABLE `item_qualities` DISABLE KEYS */;
INSERT INTO `item_qualities` VALUES (1,'Unknown','');
/*!40000 ALTER TABLE `item_qualities` ENABLE KEYS */;
UNLOCK TABLES;

--
-- Table structure for table `item_stocks`
--

DROP TABLE IF EXISTS `item_stocks`;
/*!40101 SET @saved_cs_client     = @@character_set_client */;
/*!40101 SET character_set_client = utf8 */;
CREATE TABLE `item_stocks` (
  `id` int(11) NOT NULL AUTO_INCREMENT,
  `item_id` int(11) NOT NULL,
  `location_id` int(11) NOT NULL,
  `amount` int(11) NOT NULL,
  PRIMARY KEY (`id`),
  KEY `item_id` (`item_id`),
  KEY `locationID` (`location_id`),
  CONSTRAINT `Location in use` FOREIGN KEY (`location_id`) REFERENCES `locations` (`id`),
  CONSTRAINT `Remove stock information on item removal` FOREIGN KEY (`item_id`) REFERENCES `items` (`id`) ON DELETE CASCADE ON UPDATE CASCADE
) ENGINE=InnoDB DEFAULT CHARSET=latin1 COMMENT='Contains the additional information for stock items';
/*!40101 SET character_set_client = @saved_cs_client */;

--
-- Dumping data for table `item_stocks`
--

LOCK TABLES `item_stocks` WRITE;
/*!40000 ALTER TABLE `item_stocks` DISABLE KEYS */;
/*!40000 ALTER TABLE `item_stocks` ENABLE KEYS */;
UNLOCK TABLES;

--
-- Temporary table structure for view `item_subtype_version_view`
--

DROP TABLE IF EXISTS `item_subtype_version_view`;
/*!50001 DROP VIEW IF EXISTS `item_subtype_version_view`*/;
SET @saved_cs_client     = @@character_set_client;
SET character_set_client = utf8;
/*!50001 CREATE TABLE `item_subtype_version_view` (
  `manufacturer_id` tinyint NOT NULL,
  `manufacturer_name` tinyint NOT NULL,
  `manufacturers_projects_id` tinyint NOT NULL,
  `manufacturers_projects_manufacturer_id` tinyint NOT NULL,
  `manufacturers_projects_project_id` tinyint NOT NULL,
  `project_id` tinyint NOT NULL,
  `project_name` tinyint NOT NULL,
  `item_subtype_version_id` tinyint NOT NULL,
  `item_subtype_id` tinyint NOT NULL,
  `item_subtype_version_version` tinyint NOT NULL,
  `item_subtype_version_name` tinyint NOT NULL,
  `item_subtype_version_has_components` tinyint NOT NULL,
  `item_subtype_version_comment` tinyint NOT NULL,
  `item_subtype_name` tinyint NOT NULL,
  `item_type_name` tinyint NOT NULL,
  `item_type_id` tinyint NOT NULL
) ENGINE=MyISAM */;
SET character_set_client = @saved_cs_client;

--
-- Table structure for table `item_subtype_versions`
--

DROP TABLE IF EXISTS `item_subtype_versions`;
/*!40101 SET @saved_cs_client     = @@character_set_client */;
/*!40101 SET character_set_client = utf8 */;
CREATE TABLE `item_subtype_versions` (
  `id` int(11) NOT NULL AUTO_INCREMENT,
  `name` varchar(32) NOT NULL DEFAULT '',
  `item_subtype_id` int(11) NOT NULL,
  `version` int(11) NOT NULL,
  `manufacturer_id` int(11) NOT NULL,
  `has_components` tinyint(4) NOT NULL DEFAULT '0',
  `comment` varchar(512) DEFAULT NULL,
  PRIMARY KEY (`id`)
) ENGINE=InnoDB AUTO_INCREMENT=15 DEFAULT CHARSET=latin1;
/*!40101 SET character_set_client = @saved_cs_client */;

--
-- Dumping data for table `item_subtype_versions`
--

LOCK TABLES `item_subtype_versions` WRITE;
/*!40000 ALTER TABLE `item_subtype_versions` DISABLE KEYS */;
INSERT INTO `item_subtype_versions` VALUES (9,'Fast 20um',4,1,1,0,'Layout version to be added'),(10,'Slow_Fast_20_35',6,1,1,1,''),(11,'Fast 25um',4,2,1,0,''),(12,'Slow 25um',4,3,1,0,''),(13,'Slow 35um',4,4,1,0,''),(14,'Slow_Fast_20_35_test',6,2,1,1,'');
/*!40000 ALTER TABLE `item_subtype_versions` ENABLE KEYS */;
UNLOCK TABLES;

--
-- Table structure for table `item_subtype_versions_compositions`
--

DROP TABLE IF EXISTS `item_subtype_versions_compositions`;
/*!40101 SET @saved_cs_client     = @@character_set_client */;
/*!40101 SET character_set_client = utf8 */;
CREATE TABLE `item_subtype_versions_compositions` (
  `id` int(11) NOT NULL AUTO_INCREMENT,
  `item_subtype_version_id` int(11) NOT NULL,
  `component_id` int(11) NOT NULL,
  `position` varchar(45) DEFAULT NULL,
  `position_name` varchar(45) NOT NULL DEFAULT ' ',
  `attached` tinyint(4) NOT NULL DEFAULT '1',
  `project_id` int(11) NOT NULL,
  `is_stock` tinyint(4) NOT NULL DEFAULT '0',
  `states_id` int(11) DEFAULT NULL,
  `all_versions` tinyint(4) NOT NULL DEFAULT '0',
  `status_code` tinyint(4) NOT NULL DEFAULT '1',
  PRIMARY KEY (`id`)
) ENGINE=InnoDB AUTO_INCREMENT=2406 DEFAULT CHARSET=latin1;
/*!40101 SET character_set_client = @saved_cs_client */;

--
-- Dumping data for table `item_subtype_versions_compositions`
--

LOCK TABLES `item_subtype_versions_compositions` WRITE;
/*!40000 ALTER TABLE `item_subtype_versions_compositions` DISABLE KEYS */;
INSERT INTO `item_subtype_versions_compositions` VALUES (5,10,9,'1','0504',1,1,0,NULL,0,0),(6,10,9,'2','0505',1,1,0,NULL,0,0),(7,10,9,'3','0506',1,1,0,NULL,0,0),(8,10,9,'4','0509',1,1,0,NULL,0,0),(9,10,9,'5','0508',1,1,0,NULL,0,0),(10,10,9,'6','0507',1,1,0,NULL,0,0),(11,10,9,'7','0510',1,1,0,NULL,0,0),(12,10,9,'8','0511',1,1,0,NULL,0,0),(13,10,9,'9','0512',1,1,0,NULL,0,0),(14,10,9,'10','0513',1,1,0,NULL,0,0),(1822,14,9,'1','0504',1,1,0,NULL,0,0),(1823,14,9,'2','0505',1,1,0,NULL,0,0),(1824,14,9,'3','0506',1,1,0,NULL,0,0),(1825,14,9,'4','0507',1,1,0,NULL,0,0),(1826,14,9,'5','0508',1,1,0,NULL,0,0),(1827,14,9,'6','0509',1,1,0,NULL,0,0),(1828,14,9,'7','0510',1,1,0,NULL,0,0),(1829,14,9,'8','0511',1,1,0,NULL,0,0),(1830,14,9,'9','0512',1,1,0,NULL,0,0),(1831,14,9,'10','0513',1,1,0,NULL,0,0),(1832,14,9,'11','0514',1,1,0,NULL,0,0),(1833,14,9,'12','0515',1,1,0,NULL,0,0),(1834,14,9,'13','0516',1,1,0,NULL,0,0),(1835,14,9,'14','0517',1,1,0,NULL,0,0),(1836,14,9,'15','0518',1,1,0,NULL,0,0),(1837,14,9,'16','0519',1,1,0,NULL,0,0),(1838,14,9,'17','0520',1,1,0,NULL,0,0),(1839,14,9,'18','0521',1,1,0,NULL,0,0),(1840,14,9,'19','0522',1,1,0,NULL,0,0),(1841,14,9,'20','0523',1,1,0,NULL,0,0),(1842,14,9,'21','0901',1,1,0,NULL,0,0),(1843,14,9,'22','0902',1,1,0,NULL,0,0),(1844,14,9,'23','0903',1,1,0,NULL,0,0),(1845,14,9,'24','0905',1,1,0,NULL,0,0),(1846,14,9,'25','0906',1,1,0,NULL,0,0),(1847,14,9,'26','0907',1,1,0,NULL,0,0),(1848,14,9,'27','0908',1,1,0,NULL,0,0),(1849,14,9,'28','0909',1,1,0,NULL,0,0),(1850,14,9,'29','0911',1,1,0,NULL,0,0),(1851,14,9,'30','0912',1,1,0,NULL,0,0),(1852,14,9,'31','0913',1,1,0,NULL,0,0),(1853,14,9,'32','0914',1,1,0,NULL,0,0),(1854,14,9,'33','0915',1,1,0,NULL,0,0),(1855,14,9,'34','0916',1,1,0,NULL,0,0),(1856,14,9,'35','0918',1,1,0,NULL,0,0),(1857,14,9,'36','0919',1,1,0,NULL,0,0),(1858,14,9,'37','0920',1,1,0,NULL,0,0),(1859,14,9,'38','0921',1,1,0,NULL,0,0),(1860,14,9,'39','0922',1,1,0,NULL,0,0),(1861,14,9,'40','0924',1,1,0,NULL,0,0),(1862,14,9,'41','0925',1,1,0,NULL,0,0),(1863,14,9,'42','0926',1,1,0,NULL,0,0),(1864,14,9,'43','1301',1,1,0,NULL,0,0),(1865,14,9,'44','1302',1,1,0,NULL,0,0),(1866,14,9,'45','1303',1,1,0,NULL,0,0),(1867,14,9,'46','1304',1,1,0,NULL,0,0),(1868,14,9,'47','1305',1,1,0,NULL,0,0),(1869,14,9,'48','1306',1,1,0,NULL,0,0),(1870,14,9,'49','1307',1,1,0,NULL,0,0),(1871,14,9,'50','1308',1,1,0,NULL,0,0),(1872,14,9,'51','1309',1,1,0,NULL,0,0),(1873,14,9,'52','1310',1,1,0,NULL,0,0),(1874,14,9,'53','1311',1,1,0,NULL,0,0),(1875,14,9,'54','1312',1,1,0,NULL,0,0),(1876,14,9,'55','1313',1,1,0,NULL,0,0),(1877,14,9,'56','1314',1,1,0,NULL,0,0),(1878,14,9,'57','1315',1,1,0,NULL,0,0),(1879,14,9,'58','1316',1,1,0,NULL,0,0),(1880,14,9,'59','1317',1,1,0,NULL,0,0),(1881,14,9,'60','1318',1,1,0,NULL,0,0),(1882,14,9,'61','1319',1,1,0,NULL,0,0),(1883,14,9,'62','1320',1,1,0,NULL,0,0),(1884,14,9,'63','1321',1,1,0,NULL,0,0),(1885,14,9,'64','1322',1,1,0,NULL,0,0),(1886,14,9,'65','1323',1,1,0,NULL,0,0),(1887,14,9,'66','1324',1,1,0,NULL,0,0),(1888,14,9,'67','1325',1,1,0,NULL,0,0),(1889,14,9,'68','1326',1,1,0,NULL,0,0),(1890,14,9,'69','1327',1,1,0,NULL,0,0),(1891,14,9,'70','1701',1,1,0,NULL,0,0),(1892,14,9,'71','1702',1,1,0,NULL,0,0),(1893,14,9,'72','1703',1,1,0,NULL,0,0),(1894,14,9,'73','1704',1,1,0,NULL,0,0),(1895,14,9,'74','1705',1,1,0,NULL,0,0),(1896,14,9,'75','1706',1,1,0,NULL,0,0),(1897,14,9,'76','1707',1,1,0,NULL,0,0),(1898,14,9,'77','1708',1,1,0,NULL,0,0),(1899,14,9,'78','1709',1,1,0,NULL,0,0),(1900,14,9,'79','1710',1,1,0,NULL,0,0),(1901,14,9,'80','1711',1,1,0,NULL,0,0),(1902,14,9,'81','1712',1,1,0,NULL,0,0),(1903,14,9,'82','1713',1,1,0,NULL,0,0),(1904,14,9,'83','1714',1,1,0,NULL,0,0),(1905,14,9,'84','1715',1,1,0,NULL,0,0),(1906,14,9,'85','1716',1,1,0,NULL,0,0),(1907,14,9,'86','1717',1,1,0,NULL,0,0),(1908,14,9,'87','1718',1,1,0,NULL,0,0),(1909,14,9,'88','1719',1,1,0,NULL,0,0),(1910,14,9,'89','1720',1,1,0,NULL,0,0),(1911,14,9,'90','1721',1,1,0,NULL,0,0),(1912,14,9,'91','1722',1,1,0,NULL,0,0),(1913,14,9,'92','1723',1,1,0,NULL,0,0),(1914,14,9,'93','1724',1,1,0,NULL,0,0),(1915,14,9,'94','1725',1,1,0,NULL,0,0),(1916,14,9,'95','1726',1,1,0,NULL,0,0),(1917,14,9,'96','1727',1,1,0,NULL,0,0),(1918,14,9,'97','2101',1,1,0,NULL,0,0),(1919,14,9,'98','2102',1,1,0,NULL,0,0),(1920,14,9,'99','2103',1,1,0,NULL,0,0),(1921,14,9,'100','2105',1,1,0,NULL,0,0),(1922,14,9,'101','2106',1,1,0,NULL,0,0),(1923,14,9,'102','2107',1,1,0,NULL,0,0),(1924,14,9,'103','2108',1,1,0,NULL,0,0),(1925,14,9,'104','2109',1,1,0,NULL,0,0),(1926,14,9,'105','2111',1,1,0,NULL,0,0),(1927,14,9,'106','2112',1,1,0,NULL,0,0),(1928,14,9,'107','2113',1,1,0,NULL,0,0),(1929,14,9,'108','2114',1,1,0,NULL,0,0),(1930,14,9,'109','2115',1,1,0,NULL,0,0),(1931,14,9,'110','2116',1,1,0,NULL,0,0),(1932,14,9,'111','2118',1,1,0,NULL,0,0),(1933,14,9,'112','2119',1,1,0,NULL,0,0),(1934,14,9,'113','2120',1,1,0,NULL,0,0),(1935,14,9,'114','2121',1,1,0,NULL,0,0),(1936,14,9,'115','2122',1,1,0,NULL,0,0),(1937,14,9,'116','2124',1,1,0,NULL,0,0),(1938,14,9,'117','2125',1,1,0,NULL,0,0),(1939,14,9,'118','2126',1,1,0,NULL,0,0),(1940,14,9,'119','2504',1,1,0,NULL,0,0),(1941,14,9,'120','2505',1,1,0,NULL,0,0),(1942,14,9,'121','2506',1,1,0,NULL,0,0),(1943,14,9,'122','2507',1,1,0,NULL,0,0),(1944,14,9,'123','2508',1,1,0,NULL,0,0),(1945,14,9,'124','2509',1,1,0,NULL,0,0),(1946,14,9,'125','2510',1,1,0,NULL,0,0),(1947,14,9,'126','2511',1,1,0,NULL,0,0),(1948,14,9,'127','2512',1,1,0,NULL,0,0),(1949,14,9,'128','2513',1,1,0,NULL,0,0),(1950,14,9,'129','2514',1,1,0,NULL,0,0),(1951,14,9,'130','2515',1,1,0,NULL,0,0),(1952,14,9,'131','2516',1,1,0,NULL,0,0),(1953,14,9,'132','2517',1,1,0,NULL,0,0),(1954,14,9,'133','2518',1,1,0,NULL,0,0),(1955,14,9,'134','2519',1,1,0,NULL,0,0),(1956,14,9,'135','2520',1,1,0,NULL,0,0),(1957,14,9,'136','2521',1,1,0,NULL,0,0),(1958,14,9,'137','2522',1,1,0,NULL,0,0),(1959,14,9,'138','2523',1,1,0,NULL,0,0),(1960,14,9,'139','2910',1,1,0,NULL,0,0),(1961,14,9,'140','2911',1,1,0,NULL,0,0),(1962,14,9,'141','2912',1,1,0,NULL,0,0),(1963,14,9,'142','2913',1,1,0,NULL,0,0),(1964,14,9,'143','2914',1,1,0,NULL,0,0),(1965,14,9,'144','2915',1,1,0,NULL,0,0),(1966,14,9,'145','2916',1,1,0,NULL,0,0),(1967,14,9,'146','2917',1,1,0,NULL,0,0),(1968,14,11,'147','0604',1,1,0,NULL,0,0),(1969,14,11,'148','0605',1,1,0,NULL,0,0),(1970,14,11,'149','0606',1,1,0,NULL,0,0),(1971,14,11,'150','0607',1,1,0,NULL,0,0),(1972,14,11,'151','0608',1,1,0,NULL,0,0),(1973,14,11,'152','0609',1,1,0,NULL,0,0),(1974,14,11,'153','0610',1,1,0,NULL,0,0),(1975,14,11,'154','0611',1,1,0,NULL,0,0),(1976,14,11,'155','0612',1,1,0,NULL,0,0),(1977,14,11,'156','0613',1,1,0,NULL,0,0),(1978,14,11,'157','0614',1,1,0,NULL,0,0),(1979,14,11,'158','0615',1,1,0,NULL,0,0),(1980,14,11,'159','0616',1,1,0,NULL,0,0),(1981,14,11,'160','0617',1,1,0,NULL,0,0),(1982,14,11,'161','0618',1,1,0,NULL,0,0),(1983,14,11,'162','0619',1,1,0,NULL,0,0),(1984,14,11,'163','0620',1,1,0,NULL,0,0),(1985,14,11,'164','0621',1,1,0,NULL,0,0),(1986,14,11,'165','0622',1,1,0,NULL,0,0),(1987,14,11,'166','0623',1,1,0,NULL,0,0),(1988,14,11,'167','1001',1,1,0,NULL,0,0),(1989,14,11,'168','1002',1,1,0,NULL,0,0),(1990,14,11,'169','1003',1,1,0,NULL,0,0),(1991,14,11,'170','1005',1,1,0,NULL,0,0),(1992,14,11,'171','1006',1,1,0,NULL,0,0),(1993,14,11,'172','1007',1,1,0,NULL,0,0),(1994,14,11,'173','1008',1,1,0,NULL,0,0),(1995,14,11,'174','1009',1,1,0,NULL,0,0),(1996,14,11,'175','1011',1,1,0,NULL,0,0),(1997,14,11,'176','1012',1,1,0,NULL,0,0),(1998,14,11,'177','1013',1,1,0,NULL,0,0),(1999,14,11,'178','1014',1,1,0,NULL,0,0),(2000,14,11,'179','1015',1,1,0,NULL,0,0),(2001,14,11,'180','1016',1,1,0,NULL,0,0),(2002,14,11,'181','1018',1,1,0,NULL,0,0),(2003,14,11,'182','1019',1,1,0,NULL,0,0),(2004,14,11,'183','1020',1,1,0,NULL,0,0),(2005,14,11,'184','1021',1,1,0,NULL,0,0),(2006,14,11,'185','1022',1,1,0,NULL,0,0),(2007,14,11,'186','1024',1,1,0,NULL,0,0),(2008,14,11,'187','1025',1,1,0,NULL,0,0),(2009,14,11,'188','1026',1,1,0,NULL,0,0),(2010,14,11,'189','1401',1,1,0,NULL,0,0),(2011,14,11,'190','1402',1,1,0,NULL,0,0),(2012,14,11,'191','1403',1,1,0,NULL,0,0),(2013,14,11,'192','1404',1,1,0,NULL,0,0),(2014,14,11,'193','1405',1,1,0,NULL,0,0),(2015,14,11,'194','1406',1,1,0,NULL,0,0),(2016,14,11,'195','1407',1,1,0,NULL,0,0),(2017,14,11,'196','1408',1,1,0,NULL,0,0),(2018,14,11,'197','1409',1,1,0,NULL,0,0),(2019,14,11,'198','1410',1,1,0,NULL,0,0),(2020,14,11,'199','1411',1,1,0,NULL,0,0),(2021,14,11,'200','1412',1,1,0,NULL,0,0),(2022,14,11,'201','1413',1,1,0,NULL,0,0),(2023,14,11,'202','1414',1,1,0,NULL,0,0),(2024,14,11,'203','1415',1,1,0,NULL,0,0),(2025,14,11,'204','1416',1,1,0,NULL,0,0),(2026,14,11,'205','1417',1,1,0,NULL,0,0),(2027,14,11,'206','1418',1,1,0,NULL,0,0),(2028,14,11,'207','1419',1,1,0,NULL,0,0),(2029,14,11,'208','1420',1,1,0,NULL,0,0),(2030,14,11,'209','1421',1,1,0,NULL,0,0),(2031,14,11,'210','1422',1,1,0,NULL,0,0),(2032,14,11,'211','1423',1,1,0,NULL,0,0),(2033,14,11,'212','1424',1,1,0,NULL,0,0),(2034,14,11,'213','1425',1,1,0,NULL,0,0),(2035,14,11,'214','1426',1,1,0,NULL,0,0),(2036,14,11,'215','1427',1,1,0,NULL,0,0),(2037,14,11,'216','1801',1,1,0,NULL,0,0),(2038,14,11,'217','1802',1,1,0,NULL,0,0),(2039,14,11,'218','1803',1,1,0,NULL,0,0),(2040,14,11,'219','1804',1,1,0,NULL,0,0),(2041,14,11,'220','1805',1,1,0,NULL,0,0),(2042,14,11,'221','1806',1,1,0,NULL,0,0),(2043,14,11,'222','1807',1,1,0,NULL,0,0),(2044,14,11,'223','1808',1,1,0,NULL,0,0),(2045,14,11,'224','1809',1,1,0,NULL,0,0),(2046,14,11,'225','1810',1,1,0,NULL,0,0),(2047,14,11,'226','1811',1,1,0,NULL,0,0),(2048,14,11,'227','1812',1,1,0,NULL,0,0),(2049,14,11,'228','1813',1,1,0,NULL,0,0),(2050,14,11,'229','1814',1,1,0,NULL,0,0),(2051,14,11,'230','1815',1,1,0,NULL,0,0),(2052,14,11,'231','1816',1,1,0,NULL,0,0),(2053,14,11,'232','1817',1,1,0,NULL,0,0),(2054,14,11,'233','1818',1,1,0,NULL,0,0),(2055,14,11,'234','1819',1,1,0,NULL,0,0),(2056,14,11,'235','1820',1,1,0,NULL,0,0),(2057,14,11,'236','1821',1,1,0,NULL,0,0),(2058,14,11,'237','1822',1,1,0,NULL,0,0),(2059,14,11,'238','1823',1,1,0,NULL,0,0),(2060,14,11,'239','1824',1,1,0,NULL,0,0),(2061,14,11,'240','1825',1,1,0,NULL,0,0),(2062,14,11,'241','1826',1,1,0,NULL,0,0),(2063,14,11,'242','1827',1,1,0,NULL,0,0),(2064,14,11,'243','2201',1,1,0,NULL,0,0),(2065,14,11,'244','2202',1,1,0,NULL,0,0),(2066,14,11,'245','2203',1,1,0,NULL,0,0),(2067,14,11,'246','2205',1,1,0,NULL,0,0),(2068,14,11,'247','2206',1,1,0,NULL,0,0),(2069,14,11,'248','2207',1,1,0,NULL,0,0),(2070,14,11,'249','2208',1,1,0,NULL,0,0),(2071,14,11,'250','2209',1,1,0,NULL,0,0),(2072,14,11,'251','2211',1,1,0,NULL,0,0),(2073,14,11,'252','2212',1,1,0,NULL,0,0),(2074,14,11,'253','2213',1,1,0,NULL,0,0),(2075,14,11,'254','2214',1,1,0,NULL,0,0),(2076,14,11,'255','2215',1,1,0,NULL,0,0),(2077,14,11,'256','2216',1,1,0,NULL,0,0),(2078,14,11,'257','2218',1,1,0,NULL,0,0),(2079,14,11,'258','2219',1,1,0,NULL,0,0),(2080,14,11,'259','2220',1,1,0,NULL,0,0),(2081,14,11,'260','2221',1,1,0,NULL,0,0),(2082,14,11,'261','2222',1,1,0,NULL,0,0),(2083,14,11,'262','2224',1,1,0,NULL,0,0),(2084,14,11,'263','2225',1,1,0,NULL,0,0),(2085,14,11,'264','2226',1,1,0,NULL,0,0),(2086,14,11,'265','2604',1,1,0,NULL,0,0),(2087,14,11,'266','2605',1,1,0,NULL,0,0),(2088,14,11,'267','2606',1,1,0,NULL,0,0),(2089,14,11,'268','2607',1,1,0,NULL,0,0),(2090,14,11,'269','2608',1,1,0,NULL,0,0),(2091,14,11,'270','2609',1,1,0,NULL,0,0),(2092,14,11,'271','2610',1,1,0,NULL,0,0),(2093,14,11,'272','2611',1,1,0,NULL,0,0),(2094,14,11,'273','2612',1,1,0,NULL,0,0),(2095,14,11,'274','2613',1,1,0,NULL,0,0),(2096,14,11,'275','2614',1,1,0,NULL,0,0),(2097,14,11,'276','2615',1,1,0,NULL,0,0),(2098,14,11,'277','2616',1,1,0,NULL,0,0),(2099,14,11,'278','2617',1,1,0,NULL,0,0),(2100,14,11,'279','2618',1,1,0,NULL,0,0),(2101,14,11,'280','2619',1,1,0,NULL,0,0),(2102,14,11,'281','2620',1,1,0,NULL,0,0),(2103,14,11,'282','2621',1,1,0,NULL,0,0),(2104,14,11,'283','2622',1,1,0,NULL,0,0),(2105,14,11,'284','2623',1,1,0,NULL,0,0),(2106,14,11,'285','3010',1,1,0,NULL,0,0),(2107,14,11,'286','3011',1,1,0,NULL,0,0),(2108,14,11,'287','3012',1,1,0,NULL,0,0),(2109,14,11,'288','3013',1,1,0,NULL,0,0),(2110,14,11,'289','3014',1,1,0,NULL,0,0),(2111,14,11,'290','3015',1,1,0,NULL,0,0),(2112,14,11,'291','3016',1,1,0,NULL,0,0),(2113,14,11,'292','3017',1,1,0,NULL,0,0),(2114,14,12,'293','0310',1,1,0,NULL,0,0),(2115,14,12,'294','0311',1,1,0,NULL,0,0),(2116,14,12,'295','0312',1,1,0,NULL,0,0),(2117,14,12,'296','0313',1,1,0,NULL,0,0),(2118,14,12,'297','0314',1,1,0,NULL,0,0),(2119,14,12,'298','0315',1,1,0,NULL,0,0),(2120,14,12,'299','0316',1,1,0,NULL,0,0),(2121,14,12,'300','0317',1,1,0,NULL,0,0),(2122,14,12,'301','0704',1,1,0,NULL,0,0),(2123,14,12,'302','0705',1,1,0,NULL,0,0),(2124,14,12,'303','0706',1,1,0,NULL,0,0),(2125,14,12,'304','0707',1,1,0,NULL,0,0),(2126,14,12,'305','0708',1,1,0,NULL,0,0),(2127,14,12,'306','0709',1,1,0,NULL,0,0),(2128,14,12,'307','0710',1,1,0,NULL,0,0),(2129,14,12,'308','0711',1,1,0,NULL,0,0),(2130,14,12,'309','0712',1,1,0,NULL,0,0),(2131,14,12,'310','0713',1,1,0,NULL,0,0),(2132,14,12,'311','0714',1,1,0,NULL,0,0),(2133,14,12,'312','0715',1,1,0,NULL,0,0),(2134,14,12,'313','0716',1,1,0,NULL,0,0),(2135,14,12,'314','0717',1,1,0,NULL,0,0),(2136,14,12,'315','0718',1,1,0,NULL,0,0),(2137,14,12,'316','0719',1,1,0,NULL,0,0),(2138,14,12,'317','0720',1,1,0,NULL,0,0),(2139,14,12,'318','0721',1,1,0,NULL,0,0),(2140,14,12,'319','0722',1,1,0,NULL,0,0),(2141,14,12,'320','0723',1,1,0,NULL,0,0),(2142,14,12,'321','1101',1,1,0,NULL,0,0),(2143,14,12,'322','1102',1,1,0,NULL,0,0),(2144,14,12,'323','1103',1,1,0,NULL,0,0),(2145,14,12,'324','1105',1,1,0,NULL,0,0),(2146,14,12,'325','1106',1,1,0,NULL,0,0),(2147,14,12,'326','1107',1,1,0,NULL,0,0),(2148,14,12,'327','1108',1,1,0,NULL,0,0),(2149,14,12,'328','1109',1,1,0,NULL,0,0),(2150,14,12,'329','1111',1,1,0,NULL,0,0),(2151,14,12,'330','1112',1,1,0,NULL,0,0),(2152,14,12,'331','1113',1,1,0,NULL,0,0),(2153,14,12,'332','1114',1,1,0,NULL,0,0),(2154,14,12,'333','1115',1,1,0,NULL,0,0),(2155,14,12,'334','1116',1,1,0,NULL,0,0),(2156,14,12,'335','1118',1,1,0,NULL,0,0),(2157,14,12,'336','1119',1,1,0,NULL,0,0),(2158,14,12,'337','1120',1,1,0,NULL,0,0),(2159,14,12,'338','1121',1,1,0,NULL,0,0),(2160,14,12,'339','1122',1,1,0,NULL,0,0),(2161,14,12,'340','1124',1,1,0,NULL,0,0),(2162,14,12,'341','1125',1,1,0,NULL,0,0),(2163,14,12,'342','1126',1,1,0,NULL,0,0),(2164,14,12,'343','1501',1,1,0,NULL,0,0),(2165,14,12,'344','1502',1,1,0,NULL,0,0),(2166,14,12,'345','1503',1,1,0,NULL,0,0),(2167,14,12,'346','1504',1,1,0,NULL,0,0),(2168,14,12,'347','1505',1,1,0,NULL,0,0),(2169,14,12,'348','1506',1,1,0,NULL,0,0),(2170,14,12,'349','1507',1,1,0,NULL,0,0),(2171,14,12,'350','1508',1,1,0,NULL,0,0),(2172,14,12,'351','1509',1,1,0,NULL,0,0),(2173,14,12,'352','1510',1,1,0,NULL,0,0),(2174,14,12,'353','1511',1,1,0,NULL,0,0),(2175,14,12,'354','1512',1,1,0,NULL,0,0),(2176,14,12,'355','1513',1,1,0,NULL,0,0),(2177,14,12,'356','1514',1,1,0,NULL,0,0),(2178,14,12,'357','1515',1,1,0,NULL,0,0),(2179,14,12,'358','1516',1,1,0,NULL,0,0),(2180,14,12,'359','1517',1,1,0,NULL,0,0),(2181,14,12,'360','1518',1,1,0,NULL,0,0),(2182,14,12,'361','1519',1,1,0,NULL,0,0),(2183,14,12,'362','1520',1,1,0,NULL,0,0),(2184,14,12,'363','1521',1,1,0,NULL,0,0),(2185,14,12,'364','1522',1,1,0,NULL,0,0),(2186,14,12,'365','1523',1,1,0,NULL,0,0),(2187,14,12,'366','1524',1,1,0,NULL,0,0),(2188,14,12,'367','1525',1,1,0,NULL,0,0),(2189,14,12,'368','1526',1,1,0,NULL,0,0),(2190,14,12,'369','1527',1,1,0,NULL,0,0),(2191,14,12,'370','1901',1,1,0,NULL,0,0),(2192,14,12,'371','1902',1,1,0,NULL,0,0),(2193,14,12,'372','1903',1,1,0,NULL,0,0),(2194,14,12,'373','1904',1,1,0,NULL,0,0),(2195,14,12,'374','1905',1,1,0,NULL,0,0),(2196,14,12,'375','1906',1,1,0,NULL,0,0),(2197,14,12,'376','1907',1,1,0,NULL,0,0),(2198,14,12,'377','1908',1,1,0,NULL,0,0),(2199,14,12,'378','1909',1,1,0,NULL,0,0),(2200,14,12,'379','1910',1,1,0,NULL,0,0),(2201,14,12,'380','1911',1,1,0,NULL,0,0),(2202,14,12,'381','1912',1,1,0,NULL,0,0),(2203,14,12,'382','1913',1,1,0,NULL,0,0),(2204,14,12,'383','1914',1,1,0,NULL,0,0),(2205,14,12,'384','1915',1,1,0,NULL,0,0),(2206,14,12,'385','1916',1,1,0,NULL,0,0),(2207,14,12,'386','1917',1,1,0,NULL,0,0),(2208,14,12,'387','1918',1,1,0,NULL,0,0),(2209,14,12,'388','1919',1,1,0,NULL,0,0),(2210,14,12,'389','1920',1,1,0,NULL,0,0),(2211,14,12,'390','1921',1,1,0,NULL,0,0),(2212,14,12,'391','1922',1,1,0,NULL,0,0),(2213,14,12,'392','1923',1,1,0,NULL,0,0),(2214,14,12,'393','1924',1,1,0,NULL,0,0),(2215,14,12,'394','1925',1,1,0,NULL,0,0),(2216,14,12,'395','1926',1,1,0,NULL,0,0),(2217,14,12,'396','1927',1,1,0,NULL,0,0),(2218,14,12,'397','2301',1,1,0,NULL,0,0),(2219,14,12,'398','2302',1,1,0,NULL,0,0),(2220,14,12,'399','2303',1,1,0,NULL,0,0),(2221,14,12,'400','2305',1,1,0,NULL,0,0),(2222,14,12,'401','2306',1,1,0,NULL,0,0),(2223,14,12,'402','2307',1,1,0,NULL,0,0),(2224,14,12,'403','2308',1,1,0,NULL,0,0),(2225,14,12,'404','2309',1,1,0,NULL,0,0),(2226,14,12,'405','2311',1,1,0,NULL,0,0),(2227,14,12,'406','2312',1,1,0,NULL,0,0),(2228,14,12,'407','2313',1,1,0,NULL,0,0),(2229,14,12,'408','2314',1,1,0,NULL,0,0),(2230,14,12,'409','2315',1,1,0,NULL,0,0),(2231,14,12,'410','2316',1,1,0,NULL,0,0),(2232,14,12,'411','2318',1,1,0,NULL,0,0),(2233,14,12,'412','2319',1,1,0,NULL,0,0),(2234,14,12,'413','2320',1,1,0,NULL,0,0),(2235,14,12,'414','2321',1,1,0,NULL,0,0),(2236,14,12,'415','2322',1,1,0,NULL,0,0),(2237,14,12,'416','2324',1,1,0,NULL,0,0),(2238,14,12,'417','2325',1,1,0,NULL,0,0),(2239,14,12,'418','2326',1,1,0,NULL,0,0),(2240,14,12,'419','2704',1,1,0,NULL,0,0),(2241,14,12,'420','2705',1,1,0,NULL,0,0),(2242,14,12,'421','2706',1,1,0,NULL,0,0),(2243,14,12,'422','2707',1,1,0,NULL,0,0),(2244,14,12,'423','2708',1,1,0,NULL,0,0),(2245,14,12,'424','2709',1,1,0,NULL,0,0),(2246,14,12,'425','2710',1,1,0,NULL,0,0),(2247,14,12,'426','2711',1,1,0,NULL,0,0),(2248,14,12,'427','2712',1,1,0,NULL,0,0),(2249,14,12,'428','2713',1,1,0,NULL,0,0),(2250,14,12,'429','2714',1,1,0,NULL,0,0),(2251,14,12,'430','2715',1,1,0,NULL,0,0),(2252,14,12,'431','2716',1,1,0,NULL,0,0),(2253,14,12,'432','2717',1,1,0,NULL,0,0),(2254,14,12,'433','2718',1,1,0,NULL,0,0),(2255,14,12,'434','2719',1,1,0,NULL,0,0),(2256,14,12,'435','2720',1,1,0,NULL,0,0),(2257,14,12,'436','2721',1,1,0,NULL,0,0),(2258,14,12,'437','2722',1,1,0,NULL,0,0),(2259,14,12,'438','2723',1,1,0,NULL,0,0),(2260,14,13,'439','0410',1,1,0,NULL,0,0),(2261,14,13,'440','0411',1,1,0,NULL,0,0),(2262,14,13,'441','0412',1,1,0,NULL,0,0),(2263,14,13,'442','0413',1,1,0,NULL,0,0),(2264,14,13,'443','0414',1,1,0,NULL,0,0),(2265,14,13,'444','0415',1,1,0,NULL,0,0),(2266,14,13,'445','0416',1,1,0,NULL,0,0),(2267,14,13,'446','0417',1,1,0,NULL,0,0),(2268,14,13,'447','0804',1,1,0,NULL,0,0),(2269,14,13,'448','0805',1,1,0,NULL,0,0),(2270,14,13,'449','0806',1,1,0,NULL,0,0),(2271,14,13,'450','0807',1,1,0,NULL,0,0),(2272,14,13,'451','0808',1,1,0,NULL,0,0),(2273,14,13,'452','0809',1,1,0,NULL,0,0),(2274,14,13,'453','0810',1,1,0,NULL,0,0),(2275,14,13,'454','0811',1,1,0,NULL,0,0),(2276,14,13,'455','0812',1,1,0,NULL,0,0),(2277,14,13,'456','0813',1,1,0,NULL,0,0),(2278,14,13,'457','0814',1,1,0,NULL,0,0),(2279,14,13,'458','0815',1,1,0,NULL,0,0),(2280,14,13,'459','0816',1,1,0,NULL,0,0),(2281,14,13,'460','0817',1,1,0,NULL,0,0),(2282,14,13,'461','0818',1,1,0,NULL,0,0),(2283,14,13,'462','0819',1,1,0,NULL,0,0),(2284,14,13,'463','0820',1,1,0,NULL,0,0),(2285,14,13,'464','0821',1,1,0,NULL,0,0),(2286,14,13,'465','0822',1,1,0,NULL,0,0),(2287,14,13,'466','0823',1,1,0,NULL,0,0),(2288,14,13,'467','1201',1,1,0,NULL,0,0),(2289,14,13,'468','1202',1,1,0,NULL,0,0),(2290,14,13,'469','1203',1,1,0,NULL,0,0),(2291,14,13,'470','1205',1,1,0,NULL,0,0),(2292,14,13,'471','1206',1,1,0,NULL,0,0),(2293,14,13,'472','1207',1,1,0,NULL,0,0),(2294,14,13,'473','1208',1,1,0,NULL,0,0),(2295,14,13,'474','1209',1,1,0,NULL,0,0),(2296,14,13,'475','1211',1,1,0,NULL,0,0),(2297,14,13,'476','1212',1,1,0,NULL,0,0),(2298,14,13,'477','1213',1,1,0,NULL,0,0),(2299,14,13,'478','1214',1,1,0,NULL,0,0),(2300,14,13,'479','1215',1,1,0,NULL,0,0),(2301,14,13,'480','1216',1,1,0,NULL,0,0),(2302,14,13,'481','1218',1,1,0,NULL,0,0),(2303,14,13,'482','1219',1,1,0,NULL,0,0),(2304,14,13,'483','1220',1,1,0,NULL,0,0),(2305,14,13,'484','1221',1,1,0,NULL,0,0),(2306,14,13,'485','1222',1,1,0,NULL,0,0),(2307,14,13,'486','1224',1,1,0,NULL,0,0),(2308,14,13,'487','1225',1,1,0,NULL,0,0),(2309,14,13,'488','1226',1,1,0,NULL,0,0),(2310,14,13,'489','1601',1,1,0,NULL,0,0),(2311,14,13,'490','1602',1,1,0,NULL,0,0),(2312,14,13,'491','1603',1,1,0,NULL,0,0),(2313,14,13,'492','1604',1,1,0,NULL,0,0),(2314,14,13,'493','1605',1,1,0,NULL,0,0),(2315,14,13,'494','1606',1,1,0,NULL,0,0),(2316,14,13,'495','1607',1,1,0,NULL,0,0),(2317,14,13,'496','1608',1,1,0,NULL,0,0),(2318,14,13,'497','1609',1,1,0,NULL,0,0),(2319,14,13,'498','1610',1,1,0,NULL,0,0),(2320,14,13,'499','1611',1,1,0,NULL,0,0),(2321,14,13,'500','1612',1,1,0,NULL,0,0),(2322,14,13,'501','1613',1,1,0,NULL,0,0),(2323,14,13,'502','1614',1,1,0,NULL,0,0),(2324,14,13,'503','1615',1,1,0,NULL,0,0),(2325,14,13,'504','1616',1,1,0,NULL,0,0),(2326,14,13,'505','1617',1,1,0,NULL,0,0),(2327,14,13,'506','1618',1,1,0,NULL,0,0),(2328,14,13,'507','1619',1,1,0,NULL,0,0),(2329,14,13,'508','1620',1,1,0,NULL,0,0),(2330,14,13,'509','1621',1,1,0,NULL,0,0),(2331,14,13,'510','1622',1,1,0,NULL,0,0),(2332,14,13,'511','1623',1,1,0,NULL,0,0),(2333,14,13,'512','1624',1,1,0,NULL,0,0),(2334,14,13,'513','1625',1,1,0,NULL,0,0),(2335,14,13,'514','1626',1,1,0,NULL,0,0),(2336,14,13,'515','1627',1,1,0,NULL,0,0),(2337,14,13,'516','2001',1,1,0,NULL,0,0),(2338,14,13,'517','2002',1,1,0,NULL,0,0),(2339,14,13,'518','2003',1,1,0,NULL,0,0),(2340,14,13,'519','2004',1,1,0,NULL,0,0),(2341,14,13,'520','2005',1,1,0,NULL,0,0),(2342,14,13,'521','2006',1,1,0,NULL,0,0),(2343,14,13,'522','2007',1,1,0,NULL,0,0),(2344,14,13,'523','2008',1,1,0,NULL,0,0),(2345,14,13,'524','2009',1,1,0,NULL,0,0),(2346,14,13,'525','2010',1,1,0,NULL,0,0),(2347,14,13,'526','2011',1,1,0,NULL,0,0),(2348,14,13,'527','2012',1,1,0,NULL,0,0),(2349,14,13,'528','2013',1,1,0,NULL,0,0),(2350,14,13,'529','2014',1,1,0,NULL,0,0),(2351,14,13,'530','2015',1,1,0,NULL,0,0),(2352,14,13,'531','2016',1,1,0,NULL,0,0),(2353,14,13,'532','2017',1,1,0,NULL,0,0),(2354,14,13,'533','2018',1,1,0,NULL,0,0),(2355,14,13,'534','2019',1,1,0,NULL,0,0),(2356,14,13,'535','2020',1,1,0,NULL,0,0),(2357,14,13,'536','2021',1,1,0,NULL,0,0),(2358,14,13,'537','2022',1,1,0,NULL,0,0),(2359,14,13,'538','2023',1,1,0,NULL,0,0),(2360,14,13,'539','2024',1,1,0,NULL,0,0),(2361,14,13,'540','2025',1,1,0,NULL,0,0),(2362,14,13,'541','2026',1,1,0,NULL,0,0),(2363,14,13,'542','2027',1,1,0,NULL,0,0),(2364,14,13,'543','2401',1,1,0,NULL,0,0),(2365,14,13,'544','2402',1,1,0,NULL,0,0),(2366,14,13,'545','2403',1,1,0,NULL,0,0),(2367,14,13,'546','2405',1,1,0,NULL,0,0),(2368,14,13,'547','2406',1,1,0,NULL,0,0),(2369,14,13,'548','2407',1,1,0,NULL,0,0),(2370,14,13,'549','2408',1,1,0,NULL,0,0),(2371,14,13,'550','2409',1,1,0,NULL,0,0),(2372,14,13,'551','2411',1,1,0,NULL,0,0),(2373,14,13,'552','2412',1,1,0,NULL,0,0),(2374,14,13,'553','2413',1,1,0,NULL,0,0),(2375,14,13,'554','2414',1,1,0,NULL,0,0),(2376,14,13,'555','2415',1,1,0,NULL,0,0),(2377,14,13,'556','2416',1,1,0,NULL,0,0),(2378,14,13,'557','2418',1,1,0,NULL,0,0),(2379,14,13,'558','2419',1,1,0,NULL,0,0),(2380,14,13,'559','2420',1,1,0,NULL,0,0),(2381,14,13,'560','2421',1,1,0,NULL,0,0),(2382,14,13,'561','2422',1,1,0,NULL,0,0),(2383,14,13,'562','2424',1,1,0,NULL,0,0),(2384,14,13,'563','2425',1,1,0,NULL,0,0),(2385,14,13,'564','2426',1,1,0,NULL,0,0),(2386,14,13,'565','2804',1,1,0,NULL,0,0),(2387,14,13,'566','2805',1,1,0,NULL,0,0),(2388,14,13,'567','2806',1,1,0,NULL,0,0),(2389,14,13,'568','2807',1,1,0,NULL,0,0),(2390,14,13,'569','2808',1,1,0,NULL,0,0),(2391,14,13,'570','2809',1,1,0,NULL,0,0),(2392,14,13,'571','2810',1,1,0,NULL,0,0),(2393,14,13,'572','2811',1,1,0,NULL,0,0),(2394,14,13,'573','2812',1,1,0,NULL,0,0),(2395,14,13,'574','2813',1,1,0,NULL,0,0),(2396,14,13,'575','2814',1,1,0,NULL,0,0),(2397,14,13,'576','2815',1,1,0,NULL,0,0),(2398,14,13,'577','2816',1,1,0,NULL,0,0),(2399,14,13,'578','2817',1,1,0,NULL,0,0),(2400,14,13,'579','2818',1,1,0,NULL,0,0),(2401,14,13,'580','2819',1,1,0,NULL,0,0),(2402,14,13,'581','2820',1,1,0,NULL,0,0),(2403,14,13,'582','2821',1,1,0,NULL,0,0),(2404,14,13,'583','2822',1,1,0,NULL,0,0),(2405,14,13,'584','2823',1,1,0,NULL,0,0);
/*!40000 ALTER TABLE `item_subtype_versions_compositions` ENABLE KEYS */;
UNLOCK TABLES;

--
-- Table structure for table `item_subtype_versions_projects`
--

DROP TABLE IF EXISTS `item_subtype_versions_projects`;
/*!40101 SET @saved_cs_client     = @@character_set_client */;
/*!40101 SET character_set_client = utf8 */;
CREATE TABLE `item_subtype_versions_projects` (
  `id` int(11) NOT NULL AUTO_INCREMENT,
  `project_id` int(11) NOT NULL,
  `item_subtype_version_id` int(11) NOT NULL,
  PRIMARY KEY (`id`)
) ENGINE=InnoDB AUTO_INCREMENT=14 DEFAULT CHARSET=latin1;
/*!40101 SET character_set_client = @saved_cs_client */;

--
-- Dumping data for table `item_subtype_versions_projects`
--

LOCK TABLES `item_subtype_versions_projects` WRITE;
/*!40000 ALTER TABLE `item_subtype_versions_projects` DISABLE KEYS */;
INSERT INTO `item_subtype_versions_projects` VALUES (8,1,9),(9,1,10),(10,1,11),(11,1,12),(12,1,13),(13,1,14);
/*!40000 ALTER TABLE `item_subtype_versions_projects` ENABLE KEYS */;
UNLOCK TABLES;

--
-- Table structure for table `item_subtypes`
--

DROP TABLE IF EXISTS `item_subtypes`;
/*!40101 SET @saved_cs_client     = @@character_set_client */;
/*!40101 SET character_set_client = utf8 */;
CREATE TABLE `item_subtypes` (
  `id` int(11) NOT NULL AUTO_INCREMENT,
  `name` varchar(45) NOT NULL,
  `item_type_id` int(11) NOT NULL,
  `comment` varchar(512) DEFAULT NULL,
  `shortname` varchar(45) NOT NULL,
  PRIMARY KEY (`id`)
) ENGINE=InnoDB AUTO_INCREMENT=7 DEFAULT CHARSET=latin1;
/*!40101 SET character_set_client = @saved_cs_client */;

--
-- Dumping data for table `item_subtypes`
--

LOCK TABLES `item_subtypes` WRITE;
/*!40000 ALTER TABLE `item_subtypes` DISABLE KEYS */;
INSERT INTO `item_subtypes` VALUES (4,'SiPM DS_NUV-HD 5x5 mm',4,'Same naming convention as for Wafer','SDU5'),(6,'Wafer DS_NUV-HD 5x5 mm',6,'Numbering convention: batch 4 digits + seq. number 4 digits','WDU5');
/*!40000 ALTER TABLE `item_subtypes` ENABLE KEYS */;
UNLOCK TABLES;

--
-- Table structure for table `item_tags`
--

DROP TABLE IF EXISTS `item_tags`;
/*!40101 SET @saved_cs_client     = @@character_set_client */;
/*!40101 SET character_set_client = utf8 */;
CREATE TABLE `item_tags` (
  `id` int(11) NOT NULL AUTO_INCREMENT,
  `name` varchar(35) NOT NULL,
  PRIMARY KEY (`id`)
) ENGINE=InnoDB DEFAULT CHARSET=latin1;
/*!40101 SET character_set_client = @saved_cs_client */;

--
-- Dumping data for table `item_tags`
--

LOCK TABLES `item_tags` WRITE;
/*!40000 ALTER TABLE `item_tags` DISABLE KEYS */;
/*!40000 ALTER TABLE `item_tags` ENABLE KEYS */;
UNLOCK TABLES;

--
-- Table structure for table `item_tags_items`
--

DROP TABLE IF EXISTS `item_tags_items`;
/*!40101 SET @saved_cs_client     = @@character_set_client */;
/*!40101 SET character_set_client = utf8 */;
CREATE TABLE `item_tags_items` (
  `id` int(11) NOT NULL AUTO_INCREMENT,
  `item_id` int(11) NOT NULL,
  `item_tag_id` int(11) NOT NULL,
  PRIMARY KEY (`id`)
) ENGINE=InnoDB DEFAULT CHARSET=latin1;
/*!40101 SET character_set_client = @saved_cs_client */;

--
-- Dumping data for table `item_tags_items`
--

LOCK TABLES `item_tags_items` WRITE;
/*!40000 ALTER TABLE `item_tags_items` DISABLE KEYS */;
/*!40000 ALTER TABLE `item_tags_items` ENABLE KEYS */;
UNLOCK TABLES;

--
-- Table structure for table `item_tags_projects_item_types`
--

DROP TABLE IF EXISTS `item_tags_projects_item_types`;
/*!40101 SET @saved_cs_client     = @@character_set_client */;
/*!40101 SET character_set_client = utf8 */;
CREATE TABLE `item_tags_projects_item_types` (
  `id` int(11) NOT NULL AUTO_INCREMENT,
  `item_tag_id` int(11) NOT NULL,
  `projects_item_type_id` int(11) NOT NULL,
  PRIMARY KEY (`id`),
  KEY `ItemTag` (`item_tag_id`),
  KEY `ProjectItemType` (`projects_item_type_id`),
  CONSTRAINT `Item Tag in Use` FOREIGN KEY (`item_tag_id`) REFERENCES `item_tags` (`id`) ON UPDATE CASCADE,
  CONSTRAINT `item_tags_projects_item_types_ibfk_1` FOREIGN KEY (`projects_item_type_id`) REFERENCES `projects_item_types` (`id`) ON DELETE CASCADE ON UPDATE CASCADE
) ENGINE=InnoDB DEFAULT CHARSET=latin1;
/*!40101 SET character_set_client = @saved_cs_client */;

--
-- Dumping data for table `item_tags_projects_item_types`
--

LOCK TABLES `item_tags_projects_item_types` WRITE;
/*!40000 ALTER TABLE `item_tags_projects_item_types` DISABLE KEYS */;
/*!40000 ALTER TABLE `item_tags_projects_item_types` ENABLE KEYS */;
UNLOCK TABLES;

--
-- Table structure for table `item_tags_stocks`
--

DROP TABLE IF EXISTS `item_tags_stocks`;
/*!40101 SET @saved_cs_client     = @@character_set_client */;
/*!40101 SET character_set_client = utf8 */;
CREATE TABLE `item_tags_stocks` (
  `id` int(11) NOT NULL AUTO_INCREMENT,
  `stock_id` int(11) NOT NULL,
  `item_tag_id` int(11) NOT NULL,
  PRIMARY KEY (`id`),
  KEY `stock_id` (`stock_id`,`item_tag_id`),
  KEY `item_tag_id` (`item_tag_id`),
  CONSTRAINT `item_tags_stocks_ibfk_3` FOREIGN KEY (`stock_id`) REFERENCES `stocks` (`id`) ON DELETE CASCADE ON UPDATE CASCADE,
  CONSTRAINT `item_tags_stocks_ibfk_4` FOREIGN KEY (`item_tag_id`) REFERENCES `item_tags` (`id`) ON DELETE CASCADE ON UPDATE CASCADE
) ENGINE=InnoDB DEFAULT CHARSET=latin1;
/*!40101 SET character_set_client = @saved_cs_client */;

--
-- Dumping data for table `item_tags_stocks`
--

LOCK TABLES `item_tags_stocks` WRITE;
/*!40000 ALTER TABLE `item_tags_stocks` DISABLE KEYS */;
/*!40000 ALTER TABLE `item_tags_stocks` ENABLE KEYS */;
UNLOCK TABLES;

--
-- Table structure for table `item_types`
--

DROP TABLE IF EXISTS `item_types`;
/*!40101 SET @saved_cs_client     = @@character_set_client */;
/*!40101 SET character_set_client = utf8 */;
CREATE TABLE `item_types` (
  `id` int(11) NOT NULL AUTO_INCREMENT,
  `name` varchar(45) NOT NULL,
  PRIMARY KEY (`id`)
) ENGINE=InnoDB AUTO_INCREMENT=7 DEFAULT CHARSET=latin1;
/*!40101 SET character_set_client = @saved_cs_client */;

--
-- Dumping data for table `item_types`
--

LOCK TABLES `item_types` WRITE;
/*!40000 ALTER TABLE `item_types` DISABLE KEYS */;
INSERT INTO `item_types` VALUES (4,'SiPM'),(6,'Wafer');
/*!40000 ALTER TABLE `item_types` ENABLE KEYS */;
UNLOCK TABLES;

--
-- Temporary table structure for view `item_view`
--

DROP TABLE IF EXISTS `item_view`;
/*!50001 DROP VIEW IF EXISTS `item_view`*/;
SET @saved_cs_client     = @@character_set_client;
SET character_set_client = utf8;
/*!50001 CREATE TABLE `item_view` (
  `id` tinyint NOT NULL,
  `location_id` tinyint NOT NULL,
  `code` tinyint NOT NULL,
  `state_id` tinyint NOT NULL,
  `project_id` tinyint NOT NULL,
  `manufacturer_id` tinyint NOT NULL,
  `item_type_id` tinyint NOT NULL,
  `item_subtype_id` tinyint NOT NULL,
  `item_subtype_version_id` tinyint NOT NULL,
  `item_quality_id` tinyint NOT NULL,
  `comment` tinyint NOT NULL,
  `item_subtype_version` tinyint NOT NULL,
  `item_subtype_version_name` tinyint NOT NULL,
  `location_name` tinyint NOT NULL,
  `state_name` tinyint NOT NULL,
  `state_description` tinyint NOT NULL,
  `project_name` tinyint NOT NULL,
  `manufacturer_name` tinyint NOT NULL,
  `item_type_name` tinyint NOT NULL,
  `item_subtype_name` tinyint NOT NULL,
  `item_quality_name` tinyint NOT NULL
) ENGINE=MyISAM */;
SET character_set_client = @saved_cs_client;

--
-- Table structure for table `items`
--

DROP TABLE IF EXISTS `items`;
/*!40101 SET @saved_cs_client     = @@character_set_client */;
/*!40101 SET character_set_client = utf8 */;
CREATE TABLE `items` (
  `id` int(11) NOT NULL AUTO_INCREMENT,
  `code` varchar(45) NOT NULL,
  `item_subtype_version_id` int(11) DEFAULT NULL,
  `location_id` int(11) DEFAULT NULL,
  `state_id` int(11) DEFAULT NULL,
  `project_id` int(11) DEFAULT NULL,
  `manufacturer_id` int(11) DEFAULT NULL,
  `item_type_id` int(11) DEFAULT NULL,
  `item_subtype_id` int(11) DEFAULT NULL,
  `item_quality_id` int(11) NOT NULL,
  `comment` text NOT NULL,
  PRIMARY KEY (`id`),
  UNIQUE KEY `code` (`code`),
  KEY `Type` (`item_subtype_version_id`),
  KEY `Location` (`location_id`),
  KEY `Status` (`state_id`),
  KEY `Project` (`project_id`),
  KEY `Item_ItemSubtypeVersion` (`item_subtype_version_id`),
  KEY `Item_ItemSubtype` (`item_subtype_id`),
  KEY `Item_ItemType` (`item_type_id`),
  KEY `Item_Manufacturer` (`manufacturer_id`),
  CONSTRAINT `Item_ItemSubtype` FOREIGN KEY (`item_subtype_id`) REFERENCES `item_subtypes` (`id`) ON UPDATE CASCADE,
  CONSTRAINT `Item_ItemSubtypeVersion` FOREIGN KEY (`item_subtype_version_id`) REFERENCES `item_subtype_versions` (`id`) ON UPDATE CASCADE,
  CONSTRAINT `Item_ItemType` FOREIGN KEY (`item_type_id`) REFERENCES `item_types` (`id`) ON UPDATE CASCADE,
  CONSTRAINT `Item_Manufacturer` FOREIGN KEY (`manufacturer_id`) REFERENCES `manufacturers` (`id`) ON UPDATE CASCADE,
  CONSTRAINT `Item_Project` FOREIGN KEY (`project_id`) REFERENCES `projects` (`id`) ON UPDATE CASCADE,
  CONSTRAINT `Item_Status` FOREIGN KEY (`state_id`) REFERENCES `states` (`id`) ON UPDATE CASCADE,
  CONSTRAINT `Location` FOREIGN KEY (`location_id`) REFERENCES `locations` (`id`) ON UPDATE CASCADE,
  CONSTRAINT `Project` FOREIGN KEY (`project_id`) REFERENCES `projects` (`id`) ON DELETE SET NULL ON UPDATE CASCADE,
  CONSTRAINT `Status` FOREIGN KEY (`state_id`) REFERENCES `states` (`id`) ON DELETE NO ACTION ON UPDATE NO ACTION
) ENGINE=InnoDB AUTO_INCREMENT=700 DEFAULT CHARSET=latin1;
/*!40101 SET character_set_client = @saved_cs_client */;

--
-- Dumping data for table `items`
--

LOCK TABLES `items` WRITE;
/*!40000 ALTER TABLE `items` DISABLE KEYS */;
INSERT INTO `items` VALUES (56,'WDU500010001',10,2,1,1,1,6,6,1,'Item created at FBK'),(57,'SDU5000100010504',9,2,1,1,1,4,4,6,''),(58,'SDU5000100010505',9,2,1,1,1,4,4,6,''),(59,'SDU5000100010506',9,2,1,1,1,4,4,6,''),(60,'SDU5000100010509',9,2,1,1,1,4,4,6,''),(61,'SDU5000100010508',9,2,1,1,1,4,4,6,''),(62,'SDU5000100010507',9,2,1,1,1,4,4,6,''),(63,'SDU5000100010510',9,2,1,1,1,4,4,6,''),(64,'SDU5000100010511',9,2,1,1,1,4,4,6,''),(65,'SDU5000100010512',9,2,1,1,1,4,4,6,''),(66,'SDU5000100010513',9,2,1,1,1,4,4,6,''),(104,'WDU500010002',14,2,1,1,1,6,6,1,'Item created at FBK'),(105,'SDU5000100020504',9,2,1,1,1,4,4,6,''),(106,'SDU5000100020505',9,2,1,1,1,4,4,6,''),(107,'SDU5000100020506',9,2,1,1,1,4,4,6,''),(108,'SDU5000100020507',9,2,1,1,1,4,4,6,''),(109,'SDU5000100020508',9,2,1,1,1,4,4,6,''),(110,'SDU5000100020509',9,2,1,1,1,4,4,6,''),(111,'SDU5000100020510',9,2,1,1,1,4,4,6,''),(112,'SDU5000100020511',9,2,1,1,1,4,4,6,''),(113,'SDU5000100020512',9,2,1,1,1,4,4,6,''),(114,'SDU5000100020513',9,2,1,1,1,4,4,6,''),(115,'SDU5000100020514',9,2,1,1,1,4,4,6,''),(116,'SDU5000100020515',9,2,1,1,1,4,4,6,''),(117,'SDU5000100020516',9,2,1,1,1,4,4,6,''),(118,'SDU5000100020517',9,2,1,1,1,4,4,6,''),(119,'SDU5000100020518',9,2,1,1,1,4,4,6,''),(120,'SDU5000100020519',9,2,1,1,1,4,4,6,''),(121,'SDU5000100020520',9,2,1,1,1,4,4,6,''),(122,'SDU5000100020521',9,2,1,1,1,4,4,6,''),(123,'SDU5000100020522',9,2,1,1,1,4,4,6,''),(124,'SDU5000100020523',9,2,1,1,1,4,4,6,''),(125,'SDU5000100020901',9,2,1,1,1,4,4,6,''),(126,'SDU5000100020902',9,2,1,1,1,4,4,6,''),(127,'SDU5000100020903',9,2,1,1,1,4,4,6,''),(128,'SDU5000100020905',9,2,1,1,1,4,4,6,''),(129,'SDU5000100020906',9,2,1,1,1,4,4,6,''),(130,'SDU5000100020907',9,2,1,1,1,4,4,6,''),(131,'SDU5000100020908',9,2,1,1,1,4,4,6,''),(132,'SDU5000100020909',9,2,1,1,1,4,4,6,''),(133,'SDU5000100020911',9,2,1,1,1,4,4,6,''),(134,'SDU5000100020912',9,2,1,1,1,4,4,6,''),(135,'SDU5000100020913',9,2,1,1,1,4,4,6,''),(136,'SDU5000100020914',9,2,1,1,1,4,4,6,''),(137,'SDU5000100020915',9,2,1,1,1,4,4,6,''),(138,'SDU5000100020916',9,2,1,1,1,4,4,6,''),(139,'SDU5000100020918',9,2,1,1,1,4,4,6,''),(140,'SDU5000100020919',9,2,1,1,1,4,4,6,''),(141,'SDU5000100020920',9,2,1,1,1,4,4,6,''),(142,'SDU5000100020921',9,2,1,1,1,4,4,6,''),(143,'SDU5000100020922',9,2,1,1,1,4,4,6,''),(144,'SDU5000100020924',9,2,1,1,1,4,4,6,''),(145,'SDU5000100020925',9,2,1,1,1,4,4,6,''),(146,'SDU5000100020926',9,2,1,1,1,4,4,6,''),(147,'SDU5000100021301',9,2,1,1,1,4,4,6,''),(148,'SDU5000100021302',9,2,1,1,1,4,4,6,''),(149,'SDU5000100021303',9,2,1,1,1,4,4,6,''),(150,'SDU5000100021304',9,2,1,1,1,4,4,6,''),(151,'SDU5000100021305',9,2,1,1,1,4,4,6,''),(152,'SDU5000100021306',9,2,1,1,1,4,4,6,''),(153,'SDU5000100021307',9,2,1,1,1,4,4,6,''),(154,'SDU5000100021308',9,2,1,1,1,4,4,6,''),(155,'SDU5000100021309',9,2,1,1,1,4,4,6,''),(156,'SDU5000100021310',9,2,1,1,1,4,4,6,''),(157,'SDU5000100021311',9,2,1,1,1,4,4,6,''),(158,'SDU5000100021312',9,2,1,1,1,4,4,6,''),(159,'SDU5000100021313',9,2,1,1,1,4,4,6,''),(160,'SDU5000100021314',9,2,1,1,1,4,4,6,''),(161,'SDU5000100021315',9,2,1,1,1,4,4,6,''),(162,'SDU5000100021316',9,2,1,1,1,4,4,6,''),(163,'SDU5000100021317',9,2,1,1,1,4,4,6,''),(164,'SDU5000100021318',9,2,1,1,1,4,4,6,''),(165,'SDU5000100021319',9,2,1,1,1,4,4,6,''),(166,'SDU5000100021320',9,2,1,1,1,4,4,6,''),(167,'SDU5000100021321',9,2,1,1,1,4,4,6,''),(168,'SDU5000100021322',9,2,1,1,1,4,4,6,''),(169,'SDU5000100021323',9,2,1,1,1,4,4,6,''),(170,'SDU5000100021324',9,2,1,1,1,4,4,6,''),(171,'SDU5000100021325',9,2,1,1,1,4,4,6,''),(172,'SDU5000100021326',9,2,1,1,1,4,4,6,''),(173,'SDU5000100021327',9,2,1,1,1,4,4,6,''),(174,'SDU5000100021701',9,2,1,1,1,4,4,6,''),(175,'SDU5000100021702',9,2,1,1,1,4,4,6,''),(176,'SDU5000100021703',9,2,1,1,1,4,4,6,''),(177,'SDU5000100021704',9,2,1,1,1,4,4,6,''),(178,'SDU5000100021705',9,2,1,1,1,4,4,6,''),(179,'SDU5000100021706',9,2,1,1,1,4,4,6,''),(180,'SDU5000100021707',9,2,1,1,1,4,4,6,''),(181,'SDU5000100021708',9,2,1,1,1,4,4,6,''),(182,'SDU5000100021709',9,2,1,1,1,4,4,6,''),(183,'SDU5000100021710',9,2,1,1,1,4,4,6,''),(184,'SDU5000100021711',9,2,1,1,1,4,4,6,''),(185,'SDU5000100021712',9,2,1,1,1,4,4,6,''),(186,'SDU5000100021713',9,2,1,1,1,4,4,6,''),(187,'SDU5000100021714',9,2,1,1,1,4,4,6,''),(188,'SDU5000100021715',9,2,1,1,1,4,4,6,''),(189,'SDU5000100021716',9,2,1,1,1,4,4,6,''),(190,'SDU5000100021717',9,2,1,1,1,4,4,6,''),(191,'SDU5000100021718',9,2,1,1,1,4,4,6,''),(192,'SDU5000100021719',9,2,1,1,1,4,4,6,''),(193,'SDU5000100021720',9,2,1,1,1,4,4,6,''),(194,'SDU5000100021721',9,2,1,1,1,4,4,6,''),(195,'SDU5000100021722',9,2,1,1,1,4,4,6,''),(196,'SDU5000100021723',9,2,1,1,1,4,4,6,''),(197,'SDU5000100021724',9,2,1,1,1,4,4,6,''),(198,'SDU5000100021725',9,2,1,1,1,4,4,6,''),(199,'SDU5000100021726',9,2,1,1,1,4,4,6,''),(200,'SDU5000100021727',9,2,1,1,1,4,4,6,''),(201,'SDU5000100022101',9,2,1,1,1,4,4,6,''),(202,'SDU5000100022102',9,2,1,1,1,4,4,6,''),(203,'SDU5000100022103',9,2,1,1,1,4,4,6,''),(204,'SDU5000100022105',9,2,1,1,1,4,4,6,''),(205,'SDU5000100022106',9,2,1,1,1,4,4,6,''),(206,'SDU5000100022107',9,2,1,1,1,4,4,6,''),(207,'SDU5000100022108',9,2,1,1,1,4,4,6,''),(208,'SDU5000100022109',9,2,1,1,1,4,4,6,''),(209,'SDU5000100022111',9,2,1,1,1,4,4,6,''),(210,'SDU5000100022112',9,2,1,1,1,4,4,6,''),(211,'SDU5000100022113',9,2,1,1,1,4,4,6,''),(212,'SDU5000100022114',9,2,1,1,1,4,4,6,''),(213,'SDU5000100022115',9,2,1,1,1,4,4,6,''),(214,'SDU5000100022116',9,2,1,1,1,4,4,6,''),(215,'SDU5000100022118',9,2,1,1,1,4,4,6,''),(216,'SDU5000100022119',9,2,1,1,1,4,4,6,''),(217,'SDU5000100022120',9,2,1,1,1,4,4,6,''),(218,'SDU5000100022121',9,2,1,1,1,4,4,6,''),(219,'SDU5000100022122',9,2,1,1,1,4,4,6,''),(220,'SDU5000100022124',9,2,1,1,1,4,4,6,''),(221,'SDU5000100022125',9,2,1,1,1,4,4,6,''),(222,'SDU5000100022126',9,2,1,1,1,4,4,6,''),(223,'SDU5000100022504',9,2,1,1,1,4,4,6,''),(224,'SDU5000100022505',9,2,1,1,1,4,4,6,''),(225,'SDU5000100022506',9,2,1,1,1,4,4,6,''),(226,'SDU5000100022507',9,2,1,1,1,4,4,6,''),(227,'SDU5000100022508',9,2,1,1,1,4,4,6,''),(228,'SDU5000100022509',9,2,1,1,1,4,4,6,''),(229,'SDU5000100022510',9,2,1,1,1,4,4,6,''),(230,'SDU5000100022511',9,2,1,1,1,4,4,6,''),(231,'SDU5000100022512',9,2,1,1,1,4,4,6,''),(232,'SDU5000100022513',9,2,1,1,1,4,4,6,''),(233,'SDU5000100022514',9,2,1,1,1,4,4,6,''),(234,'SDU5000100022515',9,2,1,1,1,4,4,6,''),(235,'SDU5000100022516',9,2,1,1,1,4,4,6,''),(236,'SDU5000100022517',9,2,1,1,1,4,4,6,''),(237,'SDU5000100022518',9,2,1,1,1,4,4,6,''),(238,'SDU5000100022519',9,2,1,1,1,4,4,6,''),(239,'SDU5000100022520',9,2,1,1,1,4,4,6,''),(240,'SDU5000100022521',9,2,1,1,1,4,4,6,''),(241,'SDU5000100022522',9,2,1,1,1,4,4,6,''),(242,'SDU5000100022523',9,2,1,1,1,4,4,6,''),(243,'SDU5000100022910',9,2,1,1,1,4,4,6,''),(244,'SDU5000100022911',9,2,1,1,1,4,4,6,''),(245,'SDU5000100022912',9,2,1,1,1,4,4,6,''),(246,'SDU5000100022913',9,2,1,1,1,4,4,6,''),(247,'SDU5000100022914',9,2,1,1,1,4,4,6,''),(248,'SDU5000100022915',9,2,1,1,1,4,4,6,''),(249,'SDU5000100022916',9,2,1,1,1,4,4,6,''),(250,'SDU5000100022917',9,2,1,1,1,4,4,6,''),(251,'SDU5000100020604',11,2,1,1,1,4,4,6,''),(252,'SDU5000100020605',11,2,1,1,1,4,4,6,''),(253,'SDU5000100020606',11,2,1,1,1,4,4,6,''),(254,'SDU5000100020607',11,2,1,1,1,4,4,6,''),(255,'SDU5000100020608',11,2,1,1,1,4,4,6,''),(256,'SDU5000100020609',11,2,1,1,1,4,4,6,''),(257,'SDU5000100020610',11,2,1,1,1,4,4,6,''),(258,'SDU5000100020611',11,2,1,1,1,4,4,6,''),(259,'SDU5000100020612',11,2,1,1,1,4,4,6,''),(260,'SDU5000100020613',11,2,1,1,1,4,4,6,''),(261,'SDU5000100020614',11,2,1,1,1,4,4,6,''),(262,'SDU5000100020615',11,2,1,1,1,4,4,6,''),(263,'SDU5000100020616',11,2,1,1,1,4,4,6,''),(264,'SDU5000100020617',11,2,1,1,1,4,4,6,''),(265,'SDU5000100020618',11,2,1,1,1,4,4,6,''),(266,'SDU5000100020619',11,2,1,1,1,4,4,6,''),(267,'SDU5000100020620',11,2,1,1,1,4,4,6,''),(268,'SDU5000100020621',11,2,1,1,1,4,4,6,''),(269,'SDU5000100020622',11,2,1,1,1,4,4,6,''),(270,'SDU5000100020623',11,2,1,1,1,4,4,6,''),(271,'SDU5000100021001',11,2,1,1,1,4,4,6,''),(272,'SDU5000100021002',11,2,1,1,1,4,4,6,''),(273,'SDU5000100021003',11,2,1,1,1,4,4,6,''),(274,'SDU5000100021005',11,2,1,1,1,4,4,6,''),(275,'SDU5000100021006',11,2,1,1,1,4,4,6,''),(276,'SDU5000100021007',11,2,1,1,1,4,4,6,''),(277,'SDU5000100021008',11,2,1,1,1,4,4,6,''),(278,'SDU5000100021009',11,2,1,1,1,4,4,6,''),(279,'SDU5000100021011',11,2,1,1,1,4,4,6,''),(280,'SDU5000100021012',11,2,1,1,1,4,4,6,''),(281,'SDU5000100021013',11,2,1,1,1,4,4,6,''),(282,'SDU5000100021014',11,2,1,1,1,4,4,6,''),(283,'SDU5000100021015',11,2,1,1,1,4,4,6,''),(284,'SDU5000100021016',11,2,1,1,1,4,4,6,''),(285,'SDU5000100021018',11,2,1,1,1,4,4,6,''),(286,'SDU5000100021019',11,2,1,1,1,4,4,6,''),(287,'SDU5000100021020',11,2,1,1,1,4,4,6,''),(288,'SDU5000100021021',11,2,1,1,1,4,4,6,''),(289,'SDU5000100021022',11,2,1,1,1,4,4,6,''),(290,'SDU5000100021024',11,2,1,1,1,4,4,6,''),(291,'SDU5000100021025',11,2,1,1,1,4,4,6,''),(292,'SDU5000100021026',11,2,1,1,1,4,4,6,''),(293,'SDU5000100021401',11,2,1,1,1,4,4,6,''),(294,'SDU5000100021402',11,2,1,1,1,4,4,6,''),(295,'SDU5000100021403',11,2,1,1,1,4,4,6,''),(296,'SDU5000100021404',11,2,1,1,1,4,4,6,''),(297,'SDU5000100021405',11,2,1,1,1,4,4,6,''),(298,'SDU5000100021406',11,2,1,1,1,4,4,6,''),(299,'SDU5000100021407',11,2,1,1,1,4,4,6,''),(300,'SDU5000100021408',11,2,1,1,1,4,4,6,''),(301,'SDU5000100021409',11,2,1,1,1,4,4,6,''),(302,'SDU5000100021410',11,2,1,1,1,4,4,6,''),(303,'SDU5000100021411',11,2,1,1,1,4,4,6,''),(304,'SDU5000100021412',11,2,1,1,1,4,4,6,''),(305,'SDU5000100021413',11,2,1,1,1,4,4,6,''),(306,'SDU5000100021414',11,2,1,1,1,4,4,6,''),(307,'SDU5000100021415',11,2,1,1,1,4,4,6,''),(308,'SDU5000100021416',11,2,1,1,1,4,4,6,''),(309,'SDU5000100021417',11,2,1,1,1,4,4,6,''),(310,'SDU5000100021418',11,2,1,1,1,4,4,6,''),(311,'SDU5000100021419',11,2,1,1,1,4,4,6,''),(312,'SDU5000100021420',11,2,1,1,1,4,4,6,''),(313,'SDU5000100021421',11,2,1,1,1,4,4,6,''),(314,'SDU5000100021422',11,2,1,1,1,4,4,6,''),(315,'SDU5000100021423',11,2,1,1,1,4,4,6,''),(316,'SDU5000100021424',11,2,1,1,1,4,4,6,''),(317,'SDU5000100021425',11,2,1,1,1,4,4,6,''),(318,'SDU5000100021426',11,2,1,1,1,4,4,6,''),(319,'SDU5000100021427',11,2,1,1,1,4,4,6,''),(320,'SDU5000100021801',11,2,1,1,1,4,4,6,''),(321,'SDU5000100021802',11,2,1,1,1,4,4,6,''),(322,'SDU5000100021803',11,2,1,1,1,4,4,6,''),(323,'SDU5000100021804',11,2,1,1,1,4,4,6,''),(324,'SDU5000100021805',11,2,1,1,1,4,4,6,''),(325,'SDU5000100021806',11,2,1,1,1,4,4,6,''),(326,'SDU5000100021807',11,2,1,1,1,4,4,6,''),(327,'SDU5000100021808',11,2,1,1,1,4,4,6,''),(328,'SDU5000100021809',11,2,1,1,1,4,4,6,''),(329,'SDU5000100021810',11,2,1,1,1,4,4,6,''),(330,'SDU5000100021811',11,2,1,1,1,4,4,6,''),(331,'SDU5000100021812',11,2,1,1,1,4,4,6,''),(332,'SDU5000100021813',11,2,1,1,1,4,4,6,''),(333,'SDU5000100021814',11,2,1,1,1,4,4,6,''),(334,'SDU5000100021815',11,2,1,1,1,4,4,6,''),(335,'SDU5000100021816',11,2,1,1,1,4,4,6,''),(336,'SDU5000100021817',11,2,1,1,1,4,4,6,''),(337,'SDU5000100021818',11,2,1,1,1,4,4,6,''),(338,'SDU5000100021819',11,2,1,1,1,4,4,6,''),(339,'SDU5000100021820',11,2,1,1,1,4,4,6,''),(340,'SDU5000100021821',11,2,1,1,1,4,4,6,''),(341,'SDU5000100021822',11,2,1,1,1,4,4,6,''),(342,'SDU5000100021823',11,2,1,1,1,4,4,6,''),(343,'SDU5000100021824',11,2,1,1,1,4,4,6,''),(344,'SDU5000100021825',11,2,1,1,1,4,4,6,''),(345,'SDU5000100021826',11,2,1,1,1,4,4,6,''),(346,'SDU5000100021827',11,2,1,1,1,4,4,6,''),(347,'SDU5000100022201',11,2,1,1,1,4,4,6,''),(348,'SDU5000100022202',11,2,1,1,1,4,4,6,''),(349,'SDU5000100022203',11,2,1,1,1,4,4,6,''),(350,'SDU5000100022205',11,2,1,1,1,4,4,6,''),(351,'SDU5000100022206',11,2,1,1,1,4,4,6,''),(352,'SDU5000100022207',11,2,1,1,1,4,4,6,''),(353,'SDU5000100022208',11,2,1,1,1,4,4,6,''),(354,'SDU5000100022209',11,2,1,1,1,4,4,6,''),(355,'SDU5000100022211',11,2,1,1,1,4,4,6,''),(356,'SDU5000100022212',11,2,1,1,1,4,4,6,''),(357,'SDU5000100022213',11,2,1,1,1,4,4,6,''),(358,'SDU5000100022214',11,2,1,1,1,4,4,6,''),(359,'SDU5000100022215',11,2,1,1,1,4,4,6,''),(360,'SDU5000100022216',11,2,1,1,1,4,4,6,''),(361,'SDU5000100022218',11,2,1,1,1,4,4,6,''),(362,'SDU5000100022219',11,2,1,1,1,4,4,6,''),(363,'SDU5000100022220',11,2,1,1,1,4,4,6,''),(364,'SDU5000100022221',11,2,1,1,1,4,4,6,''),(365,'SDU5000100022222',11,2,1,1,1,4,4,6,''),(366,'SDU5000100022224',11,2,1,1,1,4,4,6,''),(367,'SDU5000100022225',11,2,1,1,1,4,4,6,''),(368,'SDU5000100022226',11,2,1,1,1,4,4,6,''),(369,'SDU5000100022604',11,2,1,1,1,4,4,6,''),(370,'SDU5000100022605',11,2,1,1,1,4,4,6,''),(371,'SDU5000100022606',11,2,1,1,1,4,4,6,''),(372,'SDU5000100022607',11,2,1,1,1,4,4,6,''),(373,'SDU5000100022608',11,2,1,1,1,4,4,6,''),(374,'SDU5000100022609',11,2,1,1,1,4,4,6,''),(375,'SDU5000100022610',11,2,1,1,1,4,4,6,''),(376,'SDU5000100022611',11,2,1,1,1,4,4,6,''),(377,'SDU5000100022612',11,2,1,1,1,4,4,6,''),(378,'SDU5000100022613',11,2,1,1,1,4,4,6,''),(379,'SDU5000100022614',11,2,1,1,1,4,4,6,''),(380,'SDU5000100022615',11,2,1,1,1,4,4,6,''),(381,'SDU5000100022616',11,2,1,1,1,4,4,6,''),(382,'SDU5000100022617',11,2,1,1,1,4,4,6,''),(383,'SDU5000100022618',11,2,1,1,1,4,4,6,''),(384,'SDU5000100022619',11,2,1,1,1,4,4,6,''),(385,'SDU5000100022620',11,2,1,1,1,4,4,6,''),(386,'SDU5000100022621',11,2,1,1,1,4,4,6,''),(387,'SDU5000100022622',11,2,1,1,1,4,4,6,''),(388,'SDU5000100022623',11,2,1,1,1,4,4,6,''),(389,'SDU5000100023010',11,2,1,1,1,4,4,6,''),(390,'SDU5000100023011',11,2,1,1,1,4,4,6,''),(391,'SDU5000100023012',11,2,1,1,1,4,4,6,''),(392,'SDU5000100023013',11,2,1,1,1,4,4,6,''),(393,'SDU5000100023014',11,2,1,1,1,4,4,6,''),(394,'SDU5000100023015',11,2,1,1,1,4,4,6,''),(395,'SDU5000100023016',11,2,1,1,1,4,4,6,''),(396,'SDU5000100023017',11,2,1,1,1,4,4,6,''),(397,'SDU5000100020310',12,2,1,1,1,4,4,6,''),(398,'SDU5000100020311',12,2,1,1,1,4,4,6,''),(399,'SDU5000100020312',12,2,1,1,1,4,4,6,''),(400,'SDU5000100020313',12,2,1,1,1,4,4,6,''),(401,'SDU5000100020314',12,2,1,1,1,4,4,6,''),(402,'SDU5000100020315',12,2,1,1,1,4,4,6,''),(403,'SDU5000100020316',12,2,1,1,1,4,4,6,''),(404,'SDU5000100020317',12,2,1,1,1,4,4,6,''),(405,'SDU5000100020704',12,2,1,1,1,4,4,6,''),(406,'SDU5000100020705',12,2,1,1,1,4,4,6,''),(407,'SDU5000100020706',12,2,1,1,1,4,4,6,''),(408,'SDU5000100020707',12,2,1,1,1,4,4,6,''),(409,'SDU5000100020708',12,2,1,1,1,4,4,6,''),(410,'SDU5000100020709',12,2,1,1,1,4,4,6,''),(411,'SDU5000100020710',12,2,1,1,1,4,4,6,''),(412,'SDU5000100020711',12,2,1,1,1,4,4,6,''),(413,'SDU5000100020712',12,2,1,1,1,4,4,6,''),(414,'SDU5000100020713',12,2,1,1,1,4,4,6,''),(415,'SDU5000100020714',12,2,1,1,1,4,4,6,''),(416,'SDU5000100020715',12,2,1,1,1,4,4,6,''),(417,'SDU5000100020716',12,2,1,1,1,4,4,6,''),(418,'SDU5000100020717',12,2,1,1,1,4,4,6,''),(419,'SDU5000100020718',12,2,1,1,1,4,4,6,''),(420,'SDU5000100020719',12,2,1,1,1,4,4,6,''),(421,'SDU5000100020720',12,2,1,1,1,4,4,6,''),(422,'SDU5000100020721',12,2,1,1,1,4,4,6,''),(423,'SDU5000100020722',12,2,1,1,1,4,4,6,''),(424,'SDU5000100020723',12,2,1,1,1,4,4,6,''),(425,'SDU5000100021101',12,2,1,1,1,4,4,6,''),(426,'SDU5000100021102',12,2,1,1,1,4,4,6,''),(427,'SDU5000100021103',12,2,1,1,1,4,4,6,''),(428,'SDU5000100021105',12,2,1,1,1,4,4,6,''),(429,'SDU5000100021106',12,2,1,1,1,4,4,6,''),(430,'SDU5000100021107',12,2,1,1,1,4,4,6,''),(431,'SDU5000100021108',12,2,1,1,1,4,4,6,''),(432,'SDU5000100021109',12,2,1,1,1,4,4,6,''),(433,'SDU5000100021111',12,2,1,1,1,4,4,6,''),(434,'SDU5000100021112',12,2,1,1,1,4,4,6,''),(435,'SDU5000100021113',12,2,1,1,1,4,4,6,''),(436,'SDU5000100021114',12,2,1,1,1,4,4,6,''),(437,'SDU5000100021115',12,2,1,1,1,4,4,6,''),(438,'SDU5000100021116',12,2,1,1,1,4,4,6,''),(439,'SDU5000100021118',12,2,1,1,1,4,4,6,''),(440,'SDU5000100021119',12,2,1,1,1,4,4,6,''),(441,'SDU5000100021120',12,2,1,1,1,4,4,6,''),(442,'SDU5000100021121',12,2,1,1,1,4,4,6,''),(443,'SDU5000100021122',12,2,1,1,1,4,4,6,''),(444,'SDU5000100021124',12,2,1,1,1,4,4,6,''),(445,'SDU5000100021125',12,2,1,1,1,4,4,6,''),(446,'SDU5000100021126',12,2,1,1,1,4,4,6,''),(447,'SDU5000100021501',12,2,1,1,1,4,4,6,''),(448,'SDU5000100021502',12,2,1,1,1,4,4,6,''),(449,'SDU5000100021503',12,2,1,1,1,4,4,6,''),(450,'SDU5000100021504',12,2,1,1,1,4,4,6,''),(451,'SDU5000100021505',12,2,1,1,1,4,4,6,''),(452,'SDU5000100021506',12,2,1,1,1,4,4,6,''),(453,'SDU5000100021507',12,2,1,1,1,4,4,6,''),(454,'SDU5000100021508',12,2,1,1,1,4,4,6,''),(455,'SDU5000100021509',12,2,1,1,1,4,4,6,''),(456,'SDU5000100021510',12,2,1,1,1,4,4,6,''),(457,'SDU5000100021511',12,2,1,1,1,4,4,6,''),(458,'SDU5000100021512',12,2,1,1,1,4,4,6,''),(459,'SDU5000100021513',12,2,1,1,1,4,4,6,''),(460,'SDU5000100021514',12,2,1,1,1,4,4,6,''),(461,'SDU5000100021515',12,2,1,1,1,4,4,6,''),(462,'SDU5000100021516',12,2,1,1,1,4,4,6,''),(463,'SDU5000100021517',12,2,1,1,1,4,4,6,''),(464,'SDU5000100021518',12,2,1,1,1,4,4,6,''),(465,'SDU5000100021519',12,2,1,1,1,4,4,6,''),(466,'SDU5000100021520',12,2,1,1,1,4,4,6,''),(467,'SDU5000100021521',12,2,1,1,1,4,4,6,''),(468,'SDU5000100021522',12,2,1,1,1,4,4,6,''),(469,'SDU5000100021523',12,2,1,1,1,4,4,6,''),(470,'SDU5000100021524',12,2,1,1,1,4,4,6,''),(471,'SDU5000100021525',12,2,1,1,1,4,4,6,''),(472,'SDU5000100021526',12,2,1,1,1,4,4,6,''),(473,'SDU5000100021527',12,2,1,1,1,4,4,6,''),(474,'SDU5000100021901',12,2,1,1,1,4,4,6,''),(475,'SDU5000100021902',12,2,1,1,1,4,4,6,''),(476,'SDU5000100021903',12,2,1,1,1,4,4,6,''),(477,'SDU5000100021904',12,2,1,1,1,4,4,6,''),(478,'SDU5000100021905',12,2,1,1,1,4,4,6,''),(479,'SDU5000100021906',12,2,1,1,1,4,4,6,''),(480,'SDU5000100021907',12,2,1,1,1,4,4,6,''),(481,'SDU5000100021908',12,2,1,1,1,4,4,6,''),(482,'SDU5000100021909',12,2,1,1,1,4,4,6,''),(483,'SDU5000100021910',12,2,1,1,1,4,4,6,''),(484,'SDU5000100021911',12,2,1,1,1,4,4,6,''),(485,'SDU5000100021912',12,2,1,1,1,4,4,6,''),(486,'SDU5000100021913',12,2,1,1,1,4,4,6,''),(487,'SDU5000100021914',12,2,1,1,1,4,4,6,''),(488,'SDU5000100021915',12,2,1,1,1,4,4,6,''),(489,'SDU5000100021916',12,2,1,1,1,4,4,6,''),(490,'SDU5000100021917',12,2,1,1,1,4,4,6,''),(491,'SDU5000100021918',12,2,1,1,1,4,4,6,''),(492,'SDU5000100021919',12,2,1,1,1,4,4,6,''),(493,'SDU5000100021920',12,2,1,1,1,4,4,6,''),(494,'SDU5000100021921',12,2,1,1,1,4,4,6,''),(495,'SDU5000100021922',12,2,1,1,1,4,4,6,''),(496,'SDU5000100021923',12,2,1,1,1,4,4,6,''),(497,'SDU5000100021924',12,2,1,1,1,4,4,6,''),(498,'SDU5000100021925',12,2,1,1,1,4,4,6,''),(499,'SDU5000100021926',12,2,1,1,1,4,4,6,''),(500,'SDU5000100021927',12,2,1,1,1,4,4,6,''),(501,'SDU5000100022301',12,2,1,1,1,4,4,6,''),(502,'SDU5000100022302',12,2,1,1,1,4,4,6,''),(503,'SDU5000100022303',12,2,1,1,1,4,4,6,''),(504,'SDU5000100022305',12,2,1,1,1,4,4,6,''),(505,'SDU5000100022306',12,2,1,1,1,4,4,6,''),(506,'SDU5000100022307',12,2,1,1,1,4,4,6,''),(507,'SDU5000100022308',12,2,1,1,1,4,4,6,''),(508,'SDU5000100022309',12,2,1,1,1,4,4,6,''),(509,'SDU5000100022311',12,2,1,1,1,4,4,6,''),(510,'SDU5000100022312',12,2,1,1,1,4,4,6,''),(511,'SDU5000100022313',12,2,1,1,1,4,4,6,''),(512,'SDU5000100022314',12,2,1,1,1,4,4,6,''),(513,'SDU5000100022315',12,2,1,1,1,4,4,6,''),(514,'SDU5000100022316',12,2,1,1,1,4,4,6,''),(515,'SDU5000100022318',12,2,1,1,1,4,4,6,''),(516,'SDU5000100022319',12,2,1,1,1,4,4,6,''),(517,'SDU5000100022320',12,2,1,1,1,4,4,6,''),(518,'SDU5000100022321',12,2,1,1,1,4,4,6,''),(519,'SDU5000100022322',12,2,1,1,1,4,4,6,''),(520,'SDU5000100022324',12,2,1,1,1,4,4,6,''),(521,'SDU5000100022325',12,2,1,1,1,4,4,6,''),(522,'SDU5000100022326',12,2,1,1,1,4,4,6,''),(523,'SDU5000100022704',12,2,1,1,1,4,4,6,''),(524,'SDU5000100022705',12,2,1,1,1,4,4,6,''),(525,'SDU5000100022706',12,2,1,1,1,4,4,6,''),(526,'SDU5000100022707',12,2,1,1,1,4,4,6,''),(527,'SDU5000100022708',12,2,1,1,1,4,4,6,''),(528,'SDU5000100022709',12,2,1,1,1,4,4,6,''),(529,'SDU5000100022710',12,2,1,1,1,4,4,6,''),(530,'SDU5000100022711',12,2,1,1,1,4,4,6,''),(531,'SDU5000100022712',12,2,1,1,1,4,4,6,''),(532,'SDU5000100022713',12,2,1,1,1,4,4,6,''),(533,'SDU5000100022714',12,2,1,1,1,4,4,6,''),(534,'SDU5000100022715',12,2,1,1,1,4,4,6,''),(535,'SDU5000100022716',12,2,1,1,1,4,4,6,''),(536,'SDU5000100022717',12,2,1,1,1,4,4,6,''),(537,'SDU5000100022718',12,2,1,1,1,4,4,6,''),(538,'SDU5000100022719',12,2,1,1,1,4,4,6,''),(539,'SDU5000100022720',12,2,1,1,1,4,4,6,''),(540,'SDU5000100022721',12,2,1,1,1,4,4,6,''),(541,'SDU5000100022722',12,2,1,1,1,4,4,6,''),(542,'SDU5000100022723',12,2,1,1,1,4,4,6,''),(543,'SDU5000100020410',13,2,1,1,1,4,4,6,''),(544,'SDU5000100020411',13,2,1,1,1,4,4,6,''),(545,'SDU5000100020412',13,2,1,1,1,4,4,6,''),(546,'SDU5000100020413',13,2,1,1,1,4,4,6,''),(547,'SDU5000100020414',13,2,1,1,1,4,4,6,''),(548,'SDU5000100020415',13,2,1,1,1,4,4,6,''),(549,'SDU5000100020416',13,2,1,1,1,4,4,6,''),(550,'SDU5000100020417',13,2,1,1,1,4,4,6,''),(551,'SDU5000100020804',13,2,1,1,1,4,4,6,''),(552,'SDU5000100020805',13,2,1,1,1,4,4,6,''),(553,'SDU5000100020806',13,2,1,1,1,4,4,6,''),(554,'SDU5000100020807',13,2,1,1,1,4,4,6,''),(555,'SDU5000100020808',13,2,1,1,1,4,4,6,''),(556,'SDU5000100020809',13,2,1,1,1,4,4,6,''),(557,'SDU5000100020810',13,2,1,1,1,4,4,6,''),(558,'SDU5000100020811',13,2,1,1,1,4,4,6,''),(559,'SDU5000100020812',13,2,1,1,1,4,4,6,''),(560,'SDU5000100020813',13,2,1,1,1,4,4,6,''),(561,'SDU5000100020814',13,2,1,1,1,4,4,6,''),(562,'SDU5000100020815',13,2,1,1,1,4,4,6,''),(563,'SDU5000100020816',13,2,1,1,1,4,4,6,''),(564,'SDU5000100020817',13,2,1,1,1,4,4,6,''),(565,'SDU5000100020818',13,2,1,1,1,4,4,6,''),(566,'SDU5000100020819',13,2,1,1,1,4,4,6,''),(567,'SDU5000100020820',13,2,1,1,1,4,4,6,''),(568,'SDU5000100020821',13,2,1,1,1,4,4,6,''),(569,'SDU5000100020822',13,2,1,1,1,4,4,6,''),(570,'SDU5000100020823',13,2,1,1,1,4,4,6,''),(571,'SDU5000100021201',13,2,1,1,1,4,4,6,''),(572,'SDU5000100021202',13,2,1,1,1,4,4,6,''),(573,'SDU5000100021203',13,2,1,1,1,4,4,6,''),(574,'SDU5000100021205',13,2,1,1,1,4,4,6,''),(575,'SDU5000100021206',13,2,1,1,1,4,4,6,''),(576,'SDU5000100021207',13,2,1,1,1,4,4,6,''),(577,'SDU5000100021208',13,2,1,1,1,4,4,6,''),(578,'SDU5000100021209',13,2,1,1,1,4,4,6,''),(579,'SDU5000100021211',13,2,1,1,1,4,4,6,''),(580,'SDU5000100021212',13,2,1,1,1,4,4,6,''),(581,'SDU5000100021213',13,2,1,1,1,4,4,6,''),(582,'SDU5000100021214',13,2,1,1,1,4,4,6,''),(583,'SDU5000100021215',13,2,1,1,1,4,4,6,''),(584,'SDU5000100021216',13,2,1,1,1,4,4,6,''),(585,'SDU5000100021218',13,2,1,1,1,4,4,6,''),(586,'SDU5000100021219',13,2,1,1,1,4,4,6,''),(587,'SDU5000100021220',13,2,1,1,1,4,4,6,''),(588,'SDU5000100021221',13,2,1,1,1,4,4,6,''),(589,'SDU5000100021222',13,2,1,1,1,4,4,6,''),(590,'SDU5000100021224',13,2,1,1,1,4,4,6,''),(591,'SDU5000100021225',13,2,1,1,1,4,4,6,''),(592,'SDU5000100021226',13,2,1,1,1,4,4,6,''),(593,'SDU5000100021601',13,2,1,1,1,4,4,6,''),(594,'SDU5000100021602',13,2,1,1,1,4,4,6,''),(595,'SDU5000100021603',13,2,1,1,1,4,4,6,''),(596,'SDU5000100021604',13,2,1,1,1,4,4,6,''),(597,'SDU5000100021605',13,2,1,1,1,4,4,6,''),(598,'SDU5000100021606',13,2,1,1,1,4,4,6,''),(599,'SDU5000100021607',13,2,1,1,1,4,4,6,''),(600,'SDU5000100021608',13,2,1,1,1,4,4,6,''),(601,'SDU5000100021609',13,2,1,1,1,4,4,6,''),(602,'SDU5000100021610',13,2,1,1,1,4,4,6,''),(603,'SDU5000100021611',13,2,1,1,1,4,4,6,''),(604,'SDU5000100021612',13,2,1,1,1,4,4,6,''),(605,'SDU5000100021613',13,2,1,1,1,4,4,6,''),(606,'SDU5000100021614',13,2,1,1,1,4,4,6,''),(607,'SDU5000100021615',13,2,1,1,1,4,4,6,''),(608,'SDU5000100021616',13,2,1,1,1,4,4,6,''),(609,'SDU5000100021617',13,2,1,1,1,4,4,6,''),(610,'SDU5000100021618',13,2,1,1,1,4,4,6,''),(611,'SDU5000100021619',13,2,1,1,1,4,4,6,''),(612,'SDU5000100021620',13,2,1,1,1,4,4,6,''),(613,'SDU5000100021621',13,2,1,1,1,4,4,6,''),(614,'SDU5000100021622',13,2,1,1,1,4,4,6,''),(615,'SDU5000100021623',13,2,1,1,1,4,4,6,''),(616,'SDU5000100021624',13,2,1,1,1,4,4,6,''),(617,'SDU5000100021625',13,2,1,1,1,4,4,6,''),(618,'SDU5000100021626',13,2,1,1,1,4,4,6,''),(619,'SDU5000100021627',13,2,1,1,1,4,4,6,''),(620,'SDU5000100022001',13,2,1,1,1,4,4,6,''),(621,'SDU5000100022002',13,2,1,1,1,4,4,6,''),(622,'SDU5000100022003',13,2,1,1,1,4,4,6,''),(623,'SDU5000100022004',13,2,1,1,1,4,4,6,''),(624,'SDU5000100022005',13,2,1,1,1,4,4,6,''),(625,'SDU5000100022006',13,2,1,1,1,4,4,6,''),(626,'SDU5000100022007',13,2,1,1,1,4,4,6,''),(627,'SDU5000100022008',13,2,1,1,1,4,4,6,''),(628,'SDU5000100022009',13,2,1,1,1,4,4,6,''),(629,'SDU5000100022010',13,2,1,1,1,4,4,6,''),(630,'SDU5000100022011',13,2,1,1,1,4,4,6,''),(631,'SDU5000100022012',13,2,1,1,1,4,4,6,''),(632,'SDU5000100022013',13,2,1,1,1,4,4,6,''),(633,'SDU5000100022014',13,2,1,1,1,4,4,6,''),(634,'SDU5000100022015',13,2,1,1,1,4,4,6,''),(635,'SDU5000100022016',13,2,1,1,1,4,4,6,''),(636,'SDU5000100022017',13,2,1,1,1,4,4,6,''),(637,'SDU5000100022018',13,2,1,1,1,4,4,6,''),(638,'SDU5000100022019',13,2,1,1,1,4,4,6,''),(639,'SDU5000100022020',13,2,1,1,1,4,4,6,''),(640,'SDU5000100022021',13,2,1,1,1,4,4,6,''),(641,'SDU5000100022022',13,2,1,1,1,4,4,6,''),(642,'SDU5000100022023',13,2,1,1,1,4,4,6,''),(643,'SDU5000100022024',13,2,1,1,1,4,4,6,''),(644,'SDU5000100022025',13,2,1,1,1,4,4,6,''),(645,'SDU5000100022026',13,2,1,1,1,4,4,6,''),(646,'SDU5000100022027',13,2,1,1,1,4,4,6,''),(647,'SDU5000100022401',13,2,1,1,1,4,4,6,''),(648,'SDU5000100022402',13,2,1,1,1,4,4,6,''),(649,'SDU5000100022403',13,2,1,1,1,4,4,6,''),(650,'SDU5000100022405',13,2,1,1,1,4,4,6,''),(651,'SDU5000100022406',13,2,1,1,1,4,4,6,''),(652,'SDU5000100022407',13,2,1,1,1,4,4,6,''),(653,'SDU5000100022408',13,2,1,1,1,4,4,6,''),(654,'SDU5000100022409',13,2,1,1,1,4,4,6,''),(655,'SDU5000100022411',13,2,1,1,1,4,4,6,''),(656,'SDU5000100022412',13,2,1,1,1,4,4,6,''),(657,'SDU5000100022413',13,2,1,1,1,4,4,6,''),(658,'SDU5000100022414',13,2,1,1,1,4,4,6,''),(659,'SDU5000100022415',13,2,1,1,1,4,4,6,''),(660,'SDU5000100022416',13,2,1,1,1,4,4,6,''),(661,'SDU5000100022418',13,2,1,1,1,4,4,6,''),(662,'SDU5000100022419',13,2,1,1,1,4,4,6,''),(663,'SDU5000100022420',13,2,1,1,1,4,4,6,''),(664,'SDU5000100022421',13,2,1,1,1,4,4,6,''),(665,'SDU5000100022422',13,2,1,1,1,4,4,6,''),(666,'SDU5000100022424',13,2,1,1,1,4,4,6,''),(667,'SDU5000100022425',13,2,1,1,1,4,4,6,''),(668,'SDU5000100022426',13,2,1,1,1,4,4,6,''),(669,'SDU5000100022804',13,2,1,1,1,4,4,6,''),(670,'SDU5000100022805',13,2,1,1,1,4,4,6,''),(671,'SDU5000100022806',13,2,1,1,1,4,4,6,''),(672,'SDU5000100022807',13,2,1,1,1,4,4,6,''),(673,'SDU5000100022808',13,2,1,1,1,4,4,6,''),(674,'SDU5000100022809',13,2,1,1,1,4,4,6,''),(675,'SDU5000100022810',13,2,1,1,1,4,4,6,''),(676,'SDU5000100022811',13,2,1,1,1,4,4,6,''),(677,'SDU5000100022812',13,2,1,1,1,4,4,6,''),(678,'SDU5000100022813',13,2,1,1,1,4,4,6,''),(679,'SDU5000100022814',13,2,1,1,1,4,4,6,''),(680,'SDU5000100022815',13,2,1,1,1,4,4,6,''),(681,'SDU5000100022816',13,2,1,1,1,4,4,6,''),(682,'SDU5000100022817',13,2,1,1,1,4,4,6,''),(683,'SDU5000100022818',13,2,1,1,1,4,4,6,''),(684,'SDU5000100022819',13,2,1,1,1,4,4,6,''),(685,'SDU5000100022820',13,2,1,1,1,4,4,6,''),(686,'SDU5000100022821',13,2,1,1,1,4,4,6,''),(687,'SDU5000100022822',13,2,1,1,1,4,4,6,''),(688,'SDU5000100022823',13,2,1,1,1,4,4,6,''),(689,'WDU500010003',10,2,1,1,1,6,6,1,'Item created at FBK'),(690,'SDU5000100030504',9,2,1,1,1,4,4,6,''),(691,'SDU5000100030505',9,2,1,1,1,4,4,6,''),(692,'SDU5000100030506',9,2,1,1,1,4,4,6,''),(693,'SDU5000100030509',9,2,1,1,1,4,4,6,''),(694,'SDU5000100030508',9,2,1,1,1,4,4,6,''),(695,'SDU5000100030507',9,2,1,1,1,4,4,6,''),(696,'SDU5000100030510',9,2,1,1,1,4,4,6,''),(697,'SDU5000100030511',9,2,1,1,1,4,4,6,''),(698,'SDU5000100030512',9,2,1,1,1,4,4,6,''),(699,'SDU5000100030513',9,2,1,1,1,4,4,6,'');
/*!40000 ALTER TABLE `items` ENABLE KEYS */;
UNLOCK TABLES;

--
-- Table structure for table `items_parameters`
--

DROP TABLE IF EXISTS `items_parameters`;
/*!40101 SET @saved_cs_client     = @@character_set_client */;
/*!40101 SET character_set_client = utf8 */;
CREATE TABLE `items_parameters` (
  `id` int(11) NOT NULL AUTO_INCREMENT,
  `item_id` int(11) NOT NULL,
  `parameter_id` int(11) NOT NULL,
  `value` float NOT NULL,
  `comment` text NOT NULL,
  PRIMARY KEY (`id`),
  KEY `itemID` (`item_id`),
  KEY `parameterID` (`parameter_id`),
  CONSTRAINT `Parameter in Use` FOREIGN KEY (`parameter_id`) REFERENCES `parameters` (`id`) ON UPDATE CASCADE,
  CONSTRAINT `items_parameters_ibfk_1` FOREIGN KEY (`item_id`) REFERENCES `items` (`id`) ON DELETE CASCADE ON UPDATE CASCADE
) ENGINE=InnoDB DEFAULT CHARSET=latin1;
/*!40101 SET character_set_client = @saved_cs_client */;

--
-- Dumping data for table `items_parameters`
--

LOCK TABLES `items_parameters` WRITE;
/*!40000 ALTER TABLE `items_parameters` DISABLE KEYS */;
/*!40000 ALTER TABLE `items_parameters` ENABLE KEYS */;
UNLOCK TABLES;

--
-- Table structure for table `items_transfers`
--

DROP TABLE IF EXISTS `items_transfers`;
/*!40101 SET @saved_cs_client     = @@character_set_client */;
/*!40101 SET character_set_client = utf8 */;
CREATE TABLE `items_transfers` (
  `id` int(11) NOT NULL AUTO_INCREMENT,
  `item_id` int(11) NOT NULL,
  `transfer_id` int(11) NOT NULL,
  `is_part_of` int(11) DEFAULT NULL,
  `from_location_id` int(11) NOT NULL,
  `to_location_id` int(11) NOT NULL,
  `amount` int(11) NOT NULL,
  PRIMARY KEY (`id`),
  KEY `ItemsTransfers_From` (`from_location_id`),
  KEY `ItemsTransfers_To` (`to_location_id`),
  KEY `transfer_id` (`transfer_id`),
  CONSTRAINT `Delete Items Associated with transfer on transfer deletion` FOREIGN KEY (`transfer_id`) REFERENCES `transfers` (`id`) ON DELETE CASCADE ON UPDATE CASCADE
) ENGINE=InnoDB DEFAULT CHARSET=latin1;
/*!40101 SET character_set_client = @saved_cs_client */;

--
-- Dumping data for table `items_transfers`
--

LOCK TABLES `items_transfers` WRITE;
/*!40000 ALTER TABLE `items_transfers` DISABLE KEYS */;
/*!40000 ALTER TABLE `items_transfers` ENABLE KEYS */;
UNLOCK TABLES;

--
-- Table structure for table `locations`
--

DROP TABLE IF EXISTS `locations`;
/*!40101 SET @saved_cs_client     = @@character_set_client */;
/*!40101 SET character_set_client = utf8 */;
CREATE TABLE `locations` (
  `id` int(11) NOT NULL AUTO_INCREMENT,
  `name` varchar(45) NOT NULL,
  `address` varchar(512) DEFAULT NULL,
  `phone_number` varchar(45) DEFAULT NULL,
  `email` varchar(45) DEFAULT NULL,
  `contact` varchar(45) DEFAULT NULL,
  `full_name` varchar(255) DEFAULT NULL,
  PRIMARY KEY (`id`)
) ENGINE=InnoDB AUTO_INCREMENT=3 DEFAULT CHARSET=latin1;
/*!40101 SET character_set_client = @saved_cs_client */;

--
-- Dumping data for table `locations`
--

LOCK TABLES `locations` WRITE;
/*!40000 ALTER TABLE `locations` DISABLE KEYS */;
INSERT INTO `locations` VALUES (1,'INFN Pisa','','','','Federico Pilo','Istituto Nazionale di Fisica Nucleare - Sezione di Pisa'),(2,'FBK','Via Santa Croce, 77 - 38122 Trento','00390461314200 ','','Alberto Gola','Fondazione Bruno Kessler');
/*!40000 ALTER TABLE `locations` ENABLE KEYS */;
UNLOCK TABLES;

--
-- Table structure for table `locations_stocks`
--

DROP TABLE IF EXISTS `locations_stocks`;
/*!40101 SET @saved_cs_client     = @@character_set_client */;
/*!40101 SET character_set_client = utf8 */;
CREATE TABLE `locations_stocks` (
  `id` int(11) NOT NULL AUTO_INCREMENT,
  `location_id` int(11) NOT NULL,
  `stock_id` int(11) NOT NULL,
  PRIMARY KEY (`id`),
  KEY `locations_stocks_location_id` (`location_id`),
  KEY `locations_stocks_stock_id` (`stock_id`),
  CONSTRAINT `locations_stocks_location_id` FOREIGN KEY (`location_id`) REFERENCES `locations` (`id`) ON UPDATE CASCADE,
  CONSTRAINT `locations_stocks_stock_id` FOREIGN KEY (`stock_id`) REFERENCES `stocks` (`id`) ON UPDATE CASCADE
) ENGINE=InnoDB DEFAULT CHARSET=latin1;
/*!40101 SET character_set_client = @saved_cs_client */;

--
-- Dumping data for table `locations_stocks`
--

LOCK TABLES `locations_stocks` WRITE;
/*!40000 ALTER TABLE `locations_stocks` DISABLE KEYS */;
/*!40000 ALTER TABLE `locations_stocks` ENABLE KEYS */;
UNLOCK TABLES;

--
-- Table structure for table `locations_users`
--

DROP TABLE IF EXISTS `locations_users`;
/*!40101 SET @saved_cs_client     = @@character_set_client */;
/*!40101 SET character_set_client = utf8 */;
CREATE TABLE `locations_users` (
  `id` int(11) NOT NULL AUTO_INCREMENT,
  `location_id` int(11) NOT NULL,
  `user_id` int(11) NOT NULL,
  PRIMARY KEY (`id`),
  KEY `locations_users.location_id` (`location_id`),
  KEY `locations_users.user_id` (`user_id`),
  CONSTRAINT `locations_users.location_id` FOREIGN KEY (`location_id`) REFERENCES `locations` (`id`) ON UPDATE CASCADE,
  CONSTRAINT `locations_users.user_id` FOREIGN KEY (`user_id`) REFERENCES `users` (`id`) ON UPDATE CASCADE
) ENGINE=InnoDB AUTO_INCREMENT=3 DEFAULT CHARSET=latin1;
/*!40101 SET character_set_client = @saved_cs_client */;

--
-- Dumping data for table `locations_users`
--

LOCK TABLES `locations_users` WRITE;
/*!40000 ALTER TABLE `locations_users` DISABLE KEYS */;
INSERT INTO `locations_users` VALUES (1,1,1),(2,2,1);
/*!40000 ALTER TABLE `locations_users` ENABLE KEYS */;
UNLOCK TABLES;

--
-- Table structure for table `log_events`
--

DROP TABLE IF EXISTS `log_events`;
/*!40101 SET @saved_cs_client     = @@character_set_client */;
/*!40101 SET character_set_client = utf8 */;
CREATE TABLE `log_events` (
  `id` int(11) NOT NULL AUTO_INCREMENT,
  `name` varchar(45) NOT NULL,
  `description` varchar(512) DEFAULT NULL,
  PRIMARY KEY (`id`),
  UNIQUE KEY `name_UNIQUE` (`name`)
) ENGINE=InnoDB AUTO_INCREMENT=30 DEFAULT CHARSET=latin1;
/*!40101 SET character_set_client = @saved_cs_client */;

--
-- Dumping data for table `log_events`
--

LOCK TABLES `log_events` WRITE;
/*!40000 ALTER TABLE `log_events` DISABLE KEYS */;
INSERT INTO `log_events` VALUES (16,'User logout',NULL),(17,'User login denied',NULL),(18,'User added',NULL),(19,'User login',NULL),(20,'User edited',NULL),(21,'Item subtype added',NULL),(22,'Item subtype version added',NULL),(23,'Item subtype edited',NULL),(24,'User password resetted',NULL),(25,'Item deleted',NULL),(26,'Item subtype version edited',NULL),(27,'Item subtype version deleted',NULL),(28,'Item subtype version renamed',NULL),(29,'Item subtype deleted',NULL);
/*!40000 ALTER TABLE `log_events` ENABLE KEYS */;
UNLOCK TABLES;

--
-- Table structure for table `logs`
--

DROP TABLE IF EXISTS `logs`;
/*!40101 SET @saved_cs_client     = @@character_set_client */;
/*!40101 SET character_set_client = utf8 */;
CREATE TABLE `logs` (
  `id` int(11) NOT NULL AUTO_INCREMENT,
  `user_id` int(11) NOT NULL,
  `log_event_id` int(11) NOT NULL,
  `comment` varchar(512) NOT NULL,
  `created` datetime NOT NULL,
  PRIMARY KEY (`id`),
  KEY `Log_User` (`user_id`),
  KEY `Log_LogEvent` (`log_event_id`),
  CONSTRAINT `Log_LogEvent` FOREIGN KEY (`log_event_id`) REFERENCES `log_events` (`id`) ON UPDATE CASCADE
) ENGINE=InnoDB AUTO_INCREMENT=6127 DEFAULT CHARSET=latin1;
/*!40101 SET character_set_client = @saved_cs_client */;

--
-- Dumping data for table `logs`
--

LOCK TABLES `logs` WRITE;
/*!40000 ALTER TABLE `logs` DISABLE KEYS */;
INSERT INTO `logs` VALUES (5740,1,16,'User logged out.','2016-03-31 18:22:25'),(5741,0,17,'Login denied for username: fpilo','2016-04-01 10:15:53'),(5742,0,18,'User \"fpilo\" added.','2016-04-01 12:03:44'),(5743,1,19,'User logged in. (::1)','2016-04-01 12:04:05'),(5744,1,16,'User logged out.','2016-04-07 14:47:48'),(5745,1,16,'User logged out.','2016-04-07 14:59:24'),(5746,1,19,'User logged in. (::1)','2016-04-07 14:59:42'),(5747,1,16,'User logged out.','2016-04-07 15:19:11'),(5748,1,19,'User logged in. (::1)','2016-04-07 15:19:17'),(5749,1,19,'User logged in. (::1)','2016-04-08 10:48:43'),(5750,1,16,'User logged out.','2016-04-08 10:48:43'),(5751,0,17,'Login denied for username: fpilo','2016-04-08 10:52:13'),(5752,0,17,'Login denied for username: fpilo','2016-04-08 10:52:56'),(5753,1,16,'User logged out.','2016-04-08 11:13:29'),(5754,1,19,'User logged in. (::1)','2016-04-08 11:13:38'),(5755,1,16,'User logged out.','2016-04-08 11:16:05'),(5756,1,19,'User logged in. (::1)','2016-04-08 11:17:34'),(5757,1,16,'User logged out.','2016-04-08 13:43:45'),(5758,1,19,'User logged in. (::1)','2016-04-08 13:46:55'),(5759,1,16,'User logged out.','2016-04-08 13:59:26'),(5760,1,19,'User logged in. (::1)','2016-04-08 13:59:37'),(5761,1,16,'User logged out.','2016-04-08 14:03:07'),(5762,1,19,'User logged in. (::1)','2016-04-08 14:03:16'),(5763,1,16,'User logged out.','2016-04-08 14:04:28'),(5764,1,19,'User logged in. (::1)','2016-04-08 14:04:35'),(5765,1,16,'User logged out.','2016-04-08 16:19:01'),(5766,1,19,'User logged in. (::1)','2016-04-08 16:19:08'),(5767,1,19,'User logged in. (::1)','2016-04-09 12:30:55'),(5768,1,19,'User logged in. (::1)','2016-04-09 13:34:39'),(5769,1,16,'User logged out.','2016-04-09 15:02:46'),(5770,1,19,'User logged in. (::1)','2016-04-09 15:02:54'),(5771,1,16,'User logged out.','2016-04-09 15:43:33'),(5772,1,19,'User logged in. (::1)','2016-04-09 15:43:42'),(5773,1,19,'User logged in. (127.0.0.1)','2016-04-11 14:35:29'),(5774,1,20,'User \"fpilo\" edited.','2016-04-11 14:53:03'),(5775,1,21,'Item Subtype \"Fast_20u\" added.','2016-04-11 14:56:06'),(5776,1,22,'Version \"1\" added to item subtype \"Fast_20u\".','2016-04-11 14:56:06'),(5777,1,21,'Item Subtype \"Fast_20u\" added.','2016-04-11 15:24:09'),(5778,1,22,'Version \"1\" added to item subtype \"Fast_20u\".','2016-04-11 15:24:09'),(5779,1,23,'Item Subtype \"Fast_20u\" edited.','2016-04-11 15:30:00'),(5780,1,23,'Item Subtype \"Fast_20u\" edited.','2016-04-11 15:36:30'),(5781,0,17,'Login denied for username: fpilo','2016-04-18 10:14:09'),(5782,1,19,'User logged in. (::1)','2016-04-18 10:14:17'),(5783,1,21,'Item Subtype \"Fast_25u\" added.','2016-04-18 10:19:53'),(5784,1,22,'Version \"1\" added to item subtype \"Fast_25u\".','2016-04-18 10:19:53'),(5785,1,19,'User logged in. (::1)','2016-04-19 14:38:24'),(5786,1,16,'User logged out.','2016-04-19 16:27:19'),(5787,1,19,'User logged in. (::1)','2016-04-19 16:27:27'),(5788,1,20,'User \"fpilo\" edited.','2016-04-19 16:28:08'),(5789,1,16,'User logged out.','2016-04-19 16:30:20'),(5790,1,19,'User logged in. (::1)','2016-04-19 16:30:29'),(5791,1,16,'User logged out.','2016-04-19 16:47:52'),(5792,1,19,'User logged in. (::1)','2016-04-19 17:01:28'),(5793,1,16,'User logged out.','2016-04-19 17:57:21'),(5794,0,17,'Login denied for username: fpilo','2016-04-19 17:57:30'),(5795,0,17,'Login denied for username: fpilo','2016-04-19 17:57:41'),(5796,0,17,'Login denied for username: fpilo','2016-04-19 18:01:35'),(5797,0,17,'Login denied for username: fpilo','2016-04-19 18:01:46'),(5798,1,19,'User logged in. (::1)','2016-04-19 18:02:33'),(5799,1,19,'User logged in. (::1)','2016-04-20 13:33:53'),(5800,1,19,'User logged in. (::1)','2016-04-20 21:58:12'),(5801,1,19,'User logged in. (::1)','2016-04-21 13:32:45'),(5802,1,19,'User logged in. (::1)','2016-04-21 13:32:45'),(5803,1,19,'User logged in. (::1)','2016-04-21 14:25:52'),(5804,1,20,'User \"fpilo\" edited.','2016-04-21 16:39:34'),(5805,1,19,'User logged in. (::1)','2016-04-22 10:07:42'),(5806,1,19,'User logged in. (::1)','2016-04-22 14:50:43'),(5807,1,21,'Item Subtype \"Fast_20u\" added.','2016-04-22 16:10:35'),(5808,1,22,'Version \"1\" added to item subtype \"Fast_20u\".','2016-04-22 16:10:35'),(5809,1,16,'User logged out.','2016-04-22 16:16:57'),(5810,1,19,'User logged in. (::1)','2016-04-22 16:17:05'),(5811,1,20,'User \"fpilo\" edited.','2016-04-22 16:20:12'),(5812,1,16,'User logged out.','2016-04-22 16:20:41'),(5813,1,19,'User logged in. (::1)','2016-04-22 16:20:50'),(5814,1,16,'User logged out.','2016-04-22 16:37:56'),(5815,1,19,'User logged in. (::1)','2016-04-22 16:38:04'),(5816,1,25,'Item s5_F20_w1_05_08 deleted','2016-04-22 16:38:47'),(5817,1,16,'User logged out.','2016-04-22 17:01:22'),(5818,1,19,'User logged in. (::1)','2016-04-22 17:01:29'),(5819,0,17,'Login denied for username: fpilo','2016-04-26 10:09:33'),(5820,1,19,'User logged in. (::1)','2016-04-26 10:09:43'),(5821,1,21,'Item Subtype \"DS_NUV-HD\" added.','2016-04-26 12:04:15'),(5822,1,22,'Version \"1\" added to item subtype \"DS_NUV-HD\".','2016-04-26 12:04:15'),(5823,1,19,'User logged in. (::1)','2016-04-26 14:13:14'),(5824,1,26,'Item Subtype Version\"1\" edited.','2016-04-26 14:36:12'),(5825,1,27,'Version \"1\" deleted from item subtype \"DS_NUV-HD\".','2016-04-26 14:36:49'),(5826,1,23,'Item Subtype \"DS_NUV-HD_5x5\" edited.','2016-04-26 14:37:33'),(5827,1,22,'Version \"1\" added to item subtype \"DS_NUV-HD_5x5\".','2016-04-26 14:38:07'),(5828,1,26,'Item Subtype Version\"1\" edited.','2016-04-26 15:18:59'),(5829,1,26,'Item Subtype Version\"1\" edited.','2016-04-26 15:22:30'),(5830,1,19,'User logged in. (::1)','2016-04-26 18:48:19'),(5831,1,19,'User logged in. (::1)','2016-04-27 09:10:02'),(5832,1,16,'User logged out.','2016-04-27 11:48:59'),(5833,1,19,'User logged in. (::1)','2016-04-27 11:49:08'),(5834,1,19,'User logged in. (::1)','2016-04-27 15:49:50'),(5835,0,17,'Login denied for username: fpilo','2016-04-28 14:34:59'),(5836,1,19,'User logged in. (::1)','2016-04-28 14:35:16'),(5837,1,19,'User logged in. (::1)','2016-04-28 21:33:41'),(5838,0,17,'Login denied for username: fpilo','2016-04-29 12:18:51'),(5839,1,19,'User logged in. (::1)','2016-04-29 12:19:08'),(5840,1,16,'User logged out.','2016-04-29 14:01:51'),(5841,1,19,'User logged in. (::1)','2016-04-29 14:02:00'),(5842,1,16,'User logged out.','2016-04-29 14:15:03'),(5843,1,19,'User logged in. (::1)','2016-04-29 14:15:13'),(5844,1,16,'User logged out.','2016-04-29 15:31:13'),(5845,1,19,'User logged in. (::1)','2016-04-29 15:33:31'),(5846,1,16,'User logged out.','2016-04-29 16:09:48'),(5847,1,19,'User logged in. (::1)','2016-04-29 16:09:59'),(5848,1,16,'User logged out.','2016-04-29 16:12:17'),(5849,1,19,'User logged in. (::1)','2016-04-29 16:12:26'),(5850,1,16,'User logged out.','2016-04-29 16:15:46'),(5851,1,19,'User logged in. (::1)','2016-04-29 16:15:55'),(5852,1,16,'User logged out.','2016-04-29 16:49:54'),(5853,1,19,'User logged in. (::1)','2016-04-29 16:50:01'),(5854,1,16,'User logged out.','2016-04-29 16:55:39'),(5855,1,19,'User logged in. (::1)','2016-04-29 16:55:48'),(5856,1,16,'User logged out.','2016-04-29 18:04:25'),(5857,1,19,'User logged in. (::1)','2016-04-29 18:04:44'),(5858,1,19,'User logged in. (::1)','2016-05-03 11:26:48'),(5859,1,19,'User logged in. (::1)','2016-05-03 15:40:16'),(5860,1,19,'User logged in. (::1)','2016-05-10 10:44:58'),(5861,1,19,'User logged in. (::1)','2016-05-10 22:28:58'),(5862,1,19,'User logged in. (::1)','2016-05-11 10:53:44'),(5863,1,19,'User logged in. (::1)','2016-05-11 15:05:50'),(5864,1,19,'User logged in. (::1)','2016-05-11 19:06:57'),(5865,1,19,'User logged in. (::1)','2016-05-11 19:06:58'),(5866,1,19,'User logged in. (::1)','2016-05-11 19:21:03'),(5867,1,26,'Item Subtype Version\"1\" edited.','2016-05-11 22:05:21'),(5868,1,26,'Item Subtype Version\"1\" edited.','2016-05-11 22:06:23'),(5869,1,26,'Item Subtype Version\"1\" edited.','2016-05-11 22:34:40'),(5870,1,26,'Item Subtype Version\"1\" edited.','2016-05-11 22:36:35'),(5871,1,26,'Item Subtype Version\"1\" edited.','2016-05-11 22:39:16'),(5872,1,26,'Item Subtype Version\"1\" edited.','2016-05-11 22:52:41'),(5873,1,26,'Item Subtype Version\"1\" edited.','2016-05-11 22:54:50'),(5874,1,26,'Item Subtype Version\"1\" edited.','2016-05-11 22:57:22'),(5875,1,26,'Item Subtype Version\"1\" edited.','2016-05-11 23:02:09'),(5876,1,26,'Item Subtype Version\"1\" edited.','2016-05-11 23:17:18'),(5877,1,26,'Item Subtype Version\"1\" edited.','2016-05-11 23:21:02'),(5878,1,19,'User logged in. (::1)','2016-05-11 23:21:11'),(5879,1,26,'Item Subtype Version\"1\" edited.','2016-05-11 23:21:46'),(5880,1,26,'Item Subtype Version\"1\" edited.','2016-05-11 23:22:29'),(5881,1,26,'Item Subtype Version\"1\" edited.','2016-05-11 23:25:06'),(5882,1,26,'Item Subtype Version\"1\" edited.','2016-05-11 23:55:57'),(5883,1,26,'Item Subtype Version\"1\" edited.','2016-05-11 23:56:24'),(5884,1,26,'Item Subtype Version\"1\" edited.','2016-05-11 23:57:00'),(5885,1,26,'Item Subtype Version\"1\" edited.','2016-05-12 00:02:33'),(5886,1,26,'Item Subtype Version\"1\" edited.','2016-05-12 00:03:38'),(5887,1,26,'Item Subtype Version\"1\" edited.','2016-05-12 00:04:10'),(5888,1,26,'Item Subtype Version\"1\" edited.','2016-05-12 00:05:26'),(5889,1,26,'Item Subtype Version\"1\" edited.','2016-05-12 00:05:59'),(5890,1,26,'Item Subtype Version\"1\" edited.','2016-05-12 00:10:58'),(5891,1,19,'User logged in. (::1)','2016-05-13 16:07:46'),(5892,1,19,'User logged in. (::1)','2016-05-17 15:17:04'),(5893,0,17,'Login denied for username: pilo','2016-05-17 21:42:03'),(5894,1,19,'User logged in. (::1)','2016-05-17 21:42:12'),(5895,1,19,'User logged in. (::1)','2016-05-20 10:33:07'),(5896,1,19,'User logged in. (::1)','2016-05-20 14:21:54'),(5897,1,19,'User logged in. (::1)','2016-05-23 10:11:32'),(5898,1,19,'User logged in. (::1)','2016-05-23 23:02:13'),(5899,1,26,'Item Subtype Version\"1\" edited.','2016-05-23 23:09:59'),(5900,1,26,'Item Subtype Version\"1\" edited.','2016-05-23 23:10:29'),(5901,1,26,'Item Subtype Version\"1\" edited.','2016-05-23 23:11:01'),(5902,1,26,'Item Subtype Version\"1\" edited.','2016-05-23 23:11:48'),(5903,1,26,'Item Subtype Version\"1\" edited.','2016-05-23 23:12:27'),(5904,0,17,'Login denied for username: fpiloboiade','2016-05-24 11:45:46'),(5905,1,19,'User logged in. (::1)','2016-05-24 11:46:07'),(5906,1,26,'Item Subtype Version\"1\" edited.','2016-05-24 13:41:16'),(5907,1,22,'Version \"2\" added to item subtype \"DS_NUV-HD_5x5\".','2016-05-24 13:45:11'),(5908,1,19,'User logged in. (::1)','2016-05-24 14:16:47'),(5909,1,27,'Version \"2\" deleted from item subtype \"DS_NUV-HD_5x5\".','2016-05-24 14:23:58'),(5910,1,25,'Item 12345 deleted','2016-05-24 14:24:35'),(5911,1,25,'Item 12345_1 deleted','2016-05-24 14:24:54'),(5912,1,25,'Item 12345_2 deleted','2016-05-24 14:24:54'),(5913,1,25,'Item 12345_Fast_20u_1 deleted','2016-05-24 14:24:54'),(5914,1,25,'Item 12345_Fast_20u_2 deleted','2016-05-24 14:24:54'),(5915,1,26,'Item Subtype Version\"1\" edited.','2016-05-24 14:31:16'),(5916,1,26,'Item Subtype Version\"1\" edited.','2016-05-24 14:31:39'),(5917,1,27,'Version \"1\" deleted from item subtype \"Fast_25u\".','2016-05-24 14:36:56'),(5918,1,29,'Item Subtype \"Fast_25u\" deleted.','2016-05-24 14:36:56'),(5919,1,26,'Item Subtype Version\"1\" edited.','2016-05-24 14:41:51'),(5920,1,26,'Item Subtype Version\"1\" edited.','2016-05-24 14:42:11'),(5921,1,26,'Item Subtype Version\"1\" edited.','2016-05-24 14:56:26'),(5922,1,26,'Item Subtype Version\"1\" edited.','2016-05-24 14:56:44'),(5923,1,26,'Item Subtype Version\"1\" edited.','2016-05-24 14:57:34'),(5924,1,26,'Item Subtype Version\"1\" edited.','2016-05-24 15:08:00'),(5925,1,26,'Item Subtype Version\"1\" edited.','2016-05-24 15:08:39'),(5926,1,26,'Item Subtype Version\"1\" edited.','2016-05-24 15:20:18'),(5927,1,26,'Item Subtype Version\"1\" edited.','2016-05-24 16:17:00'),(5928,1,16,'User logged out.','2016-05-24 16:20:07'),(5929,1,19,'User logged in. (::1)','2016-05-24 16:20:16'),(5930,1,19,'User logged in. (::1)','2016-05-25 13:08:47'),(5931,1,19,'User logged in. (::1)','2016-05-25 13:10:17'),(5932,1,25,'Item WFR00010001_2 deleted','2016-05-25 13:31:54'),(5933,1,25,'Item WFR00010001_1 deleted','2016-05-25 13:32:12'),(5934,1,25,'Item WFR00010001 deleted','2016-05-25 13:32:56'),(5935,1,19,'User logged in. (::1)','2016-05-25 23:34:18'),(5936,1,25,'Item wfr2_2 deleted','2016-05-26 00:09:21'),(5937,1,25,'Item wfr2_1 deleted','2016-05-26 00:09:24'),(5938,1,25,'Item WFR00010001 deleted','2016-05-26 00:09:32'),(5939,1,25,'Item WFR1_1 deleted','2016-05-26 00:09:36'),(5940,1,25,'Item WFR1_2 deleted','2016-05-26 00:09:36'),(5941,1,25,'Item wfr12 deleted','2016-05-26 00:09:45'),(5942,1,25,'Item wfr12_1 deleted','2016-05-26 00:09:50'),(5943,1,25,'Item wfr12_2 deleted','2016-05-26 00:09:50'),(5944,1,25,'Item wfr2 deleted','2016-05-26 00:09:59'),(5945,1,19,'User logged in. (::1)','2016-05-26 11:46:55'),(5946,1,23,'Item Subtype \"Wafer DS_NUV-HD 5x5 mm\" edited.','2016-05-26 11:57:25'),(5947,1,23,'Item Subtype \"SiPM DS_NUV-HD 5x5 mm\" edited.','2016-05-26 12:05:19'),(5948,1,25,'Item WFR0001000105_05 deleted','2016-05-26 12:46:48'),(5949,1,25,'Item WFR0001000105_04 deleted','2016-05-26 12:47:04'),(5950,1,25,'Item WFR00010001 deleted','2016-05-26 12:47:19'),(5951,1,22,'Version \"2\" added to item subtype \"Wafer DS_NUV-HD 5x5 mm\".','2016-05-26 14:39:45'),(5952,1,26,'Item Subtype Version\"2\" edited.','2016-05-26 14:40:42'),(5953,1,26,'Item Subtype Version\"2\" edited.','2016-05-26 14:41:07'),(5954,1,26,'Item Subtype Version\"1\" edited.','2016-05-26 15:39:46'),(5955,1,26,'Item Subtype Version\"1\" edited.','2016-05-26 15:39:50'),(5956,1,19,'User logged in. (::1)','2016-05-26 15:47:05'),(5957,1,26,'Item Subtype Version\"1\" edited.','2016-05-26 16:14:46'),(5958,1,25,'Item 00010001 deleted','2016-05-26 16:15:28'),(5959,1,25,'Item 00010001_1 deleted','2016-05-26 16:15:32'),(5960,1,25,'Item 00010001_2 deleted','2016-05-26 16:15:32'),(5961,1,27,'Version \"2\" deleted from item subtype \"Wafer DS_NUV-HD 5x5 mm\".','2016-05-26 16:16:15'),(5962,1,26,'Item Subtype Version\"1\" edited.','2016-05-26 16:16:36'),(5963,1,26,'Item Subtype Version\"1\" edited.','2016-05-26 16:16:55'),(5964,1,27,'Version \"1\" deleted from item subtype \"Wafer DS_NUV-HD 5x5 mm\".','2016-05-26 16:19:09'),(5965,1,22,'Version \"1\" added to item subtype \"Wafer DS_NUV-HD 5x5 mm\".','2016-05-26 16:19:26'),(5966,1,26,'Item Subtype Version\"1\" edited.','2016-05-26 16:20:03'),(5967,1,26,'Item Subtype Version\"1\" edited.','2016-05-26 16:56:51'),(5968,1,26,'Item Subtype Version\"1\" edited.','2016-05-26 17:08:57'),(5969,1,27,'Version \"1\" deleted from item subtype \"Wafer DS_NUV-HD 5x5 mm\".','2016-05-26 17:09:05'),(5970,1,26,'Item Subtype Version\"1\" edited.','2016-05-26 17:09:57'),(5971,1,25,'Item s5_F20_w1_05_08 deleted','2016-05-26 17:12:34'),(5972,1,20,'User \"fpilo\" edited.','2016-05-26 17:14:00'),(5973,1,16,'User logged out.','2016-05-26 17:14:10'),(5974,1,19,'User logged in. (::1)','2016-05-26 17:14:17'),(5975,1,25,'Item Test deleted','2016-05-26 17:14:25'),(5976,1,27,'Version \"1\" deleted from item subtype \"Fast_20u\".','2016-05-26 17:14:55'),(5977,1,29,'Item Subtype \"Fast_20u\" deleted.','2016-05-26 17:15:01'),(5978,1,20,'User \"fpilo\" edited.','2016-05-26 17:15:46'),(5979,1,16,'User logged out.','2016-05-26 17:15:49'),(5980,1,19,'User logged in. (::1)','2016-05-26 17:15:55'),(5981,1,29,'Item Subtype \"Wafer DS_NUV-HD 5x5 mm\" deleted.','2016-05-26 17:16:42'),(5982,1,27,'Version \"1\" deleted from item subtype \"SiPM DS_NUV-HD 5x5 mm\".','2016-05-26 17:18:28'),(5983,1,22,'Version \"1\" added to item subtype \"SiPM DS_NUV-HD 5x5 mm\".','2016-05-26 17:19:02'),(5984,1,21,'Item Subtype \"Wafer DS_NUV-HD 5x5 mm\" added.','2016-05-26 17:20:25'),(5985,1,22,'Version \"1\" added to item subtype \"Wafer DS_NUV-HD 5x5 mm\".','2016-05-26 17:20:25'),(5986,1,26,'Item Subtype Version\"1\" edited.','2016-05-26 17:23:11'),(5987,1,19,'User logged in. (::1)','2016-05-27 11:14:44'),(5988,1,16,'User logged out.','2016-05-27 11:27:09'),(5989,1,19,'User logged in. (::1)','2016-05-27 11:27:17'),(5990,1,23,'Item Subtype \"SiPM DS_NUV-HD 5x5 mm\" edited.','2016-05-27 11:31:45'),(5991,1,19,'User logged in. (::1)','2016-05-27 12:47:24'),(5992,1,16,'User logged out.','2016-05-27 14:11:34'),(5993,1,19,'User logged in. (::1)','2016-05-27 14:11:42'),(5994,1,19,'User logged in. (::1)','2016-05-29 15:32:38'),(5995,1,19,'User logged in. (::1)','2016-06-06 17:54:18'),(5996,1,19,'User logged in. (::1)','2016-06-07 10:16:02'),(5997,1,19,'User logged in. (::1)','2016-06-07 14:21:50'),(5998,1,19,'User logged in. (::1)','2016-06-07 22:08:01'),(5999,0,17,'Login denied for username: fpilo','2016-06-08 12:35:52'),(6000,1,19,'User logged in. (::1)','2016-06-08 12:36:02'),(6001,1,19,'User logged in. (::1)','2016-06-08 17:58:41'),(6002,1,19,'User logged in. (::1)','2016-06-09 13:32:56'),(6003,1,22,'Version \"2\" added to item subtype \"SiPM DS_NUV-HD 5x5 mm\".','2016-06-09 13:34:47'),(6004,1,22,'Version \"3\" added to item subtype \"SiPM DS_NUV-HD 5x5 mm\".','2016-06-09 13:35:27'),(6005,1,22,'Version \"4\" added to item subtype \"SiPM DS_NUV-HD 5x5 mm\".','2016-06-09 13:36:01'),(6006,1,26,'Item Subtype Version\"1\" edited.','2016-06-09 13:40:34'),(6007,1,25,'Item WDU500010001 deleted','2016-06-09 13:51:45'),(6008,1,25,'Item SDU5000100010504 deleted','2016-06-09 13:52:52'),(6009,1,25,'Item SDU5000100010505 deleted','2016-06-09 13:53:00'),(6010,1,26,'Item Subtype Version\"1\" edited.','2016-06-09 13:54:52'),(6011,1,26,'Item Subtype Version\"1\" edited.','2016-06-09 14:30:06'),(6012,1,16,'User logged out.','2016-06-09 14:35:22'),(6013,1,19,'User logged in. (::1)','2016-06-09 14:35:30'),(6014,1,19,'User logged in. (::1)','2016-06-09 22:28:53'),(6015,1,19,'User logged in. (::1)','2016-06-10 14:05:13'),(6016,1,19,'User logged in. (::1)','2016-06-11 21:54:48'),(6017,1,16,'User logged out.','2016-06-11 22:27:24'),(6018,1,19,'User logged in. (::1)','2016-06-11 22:27:35'),(6019,1,19,'User logged in. (::1)','2016-06-12 18:02:04'),(6020,1,19,'User logged in. (::1)','2016-06-13 12:00:15'),(6021,1,19,'User logged in. (::1)','2016-06-14 09:47:16'),(6022,1,19,'User logged in. (::1)','2016-06-14 14:04:42'),(6023,1,16,'User logged out.','2016-06-14 17:32:33'),(6024,1,19,'User logged in. (::1)','2016-06-14 17:32:43'),(6025,1,19,'User logged in. (::1)','2016-06-15 09:32:47'),(6026,1,19,'User logged in. (::1)','2016-06-17 15:01:25'),(6027,1,19,'User logged in. (::1)','2016-06-20 10:37:13'),(6028,1,22,'Version \"2\" added to item subtype \"Wafer DS_NUV-HD 5x5 mm\".','2016-06-20 11:37:17'),(6029,1,26,'Item Subtype Version\"2\" edited.','2016-06-20 11:38:26'),(6030,1,19,'User logged in. (::1)','2016-06-20 14:38:32'),(6031,1,26,'Item Subtype Version\"2\" edited.','2016-06-20 16:47:32'),(6032,1,26,'Item Subtype Version\"2\" edited.','2016-06-20 16:53:54'),(6033,1,26,'Item Subtype Version\"2\" edited.','2016-06-20 17:28:25'),(6034,1,26,'Item Subtype Version\"2\" edited.','2016-06-20 17:30:27'),(6035,1,26,'Item Subtype Version\"2\" edited.','2016-06-20 18:00:45'),(6036,1,19,'User logged in. (::1)','2016-06-20 21:41:01'),(6037,1,26,'Item Subtype Version\"2\" edited.','2016-06-20 22:20:16'),(6038,1,19,'User logged in. (::1)','2016-06-21 09:23:12'),(6039,1,19,'User logged in. (::1)','2016-06-21 22:25:34'),(6040,1,19,'User logged in. (::1)','2016-06-22 10:28:37'),(6041,1,26,'Item Subtype Version\"2\" edited.','2016-06-22 14:27:07'),(6042,1,19,'User logged in. (::1)','2016-06-22 14:40:37'),(6043,1,26,'Item Subtype Version\"2\" edited.','2016-06-22 17:17:11'),(6044,1,26,'Item Subtype Version\"2\" edited.','2016-06-22 17:17:34'),(6045,1,26,'Item Subtype Version\"2\" edited.','2016-06-22 17:31:49'),(6046,1,26,'Item Subtype Version\"2\" edited.','2016-06-22 17:35:11'),(6047,1,26,'Item Subtype Version\"2\" edited.','2016-06-22 17:55:27'),(6048,1,26,'Item Subtype Version\"2\" edited.','2016-06-22 17:56:05'),(6049,1,26,'Item Subtype Version\"2\" edited.','2016-06-22 17:56:40'),(6050,1,19,'User logged in. (::1)','2016-06-22 20:17:35'),(6051,1,26,'Item Subtype Version\"2\" edited.','2016-06-22 21:10:21'),(6052,1,26,'Item Subtype Version\"2\" edited.','2016-06-22 23:18:32'),(6053,1,26,'Item Subtype Version\"2\" edited.','2016-06-22 23:21:03'),(6054,1,26,'Item Subtype Version\"2\" edited.','2016-06-22 23:32:08'),(6055,1,26,'Item Subtype Version\"2\" edited.','2016-06-22 23:51:25'),(6056,1,19,'User logged in. (::1)','2016-06-23 00:18:19'),(6057,1,26,'Item Subtype Version\"2\" edited.','2016-06-23 00:35:11'),(6058,1,26,'Item Subtype Version\"2\" edited.','2016-06-23 00:36:39'),(6059,1,26,'Item Subtype Version\"2\" edited.','2016-06-23 02:15:41'),(6060,1,26,'Item Subtype Version\"2\" edited.','2016-06-23 02:48:23'),(6061,1,26,'Item Subtype Version\"2\" edited.','2016-06-23 02:50:03'),(6062,1,26,'Item Subtype Version\"2\" edited.','2016-06-23 03:50:37'),(6063,1,26,'Item Subtype Version\"2\" edited.','2016-06-23 03:51:47'),(6064,1,26,'Item Subtype Version\"2\" edited.','2016-06-23 03:53:41'),(6065,1,26,'Item Subtype Version\"2\" edited.','2016-06-23 03:56:12'),(6066,1,26,'Item Subtype Version\"2\" edited.','2016-06-23 03:57:59'),(6067,1,26,'Item Subtype Version\"2\" edited.','2016-06-23 03:58:35'),(6068,1,26,'Item Subtype Version\"2\" edited.','2016-06-23 04:01:36'),(6069,1,26,'Item Subtype Version\"2\" edited.','2016-06-23 04:02:49'),(6070,1,26,'Item Subtype Version\"2\" edited.','2016-06-23 04:07:43'),(6071,1,19,'User logged in. (::1)','2016-06-23 04:23:46'),(6072,1,26,'Item Subtype Version\"2\" edited.','2016-06-23 04:35:06'),(6073,1,26,'Item Subtype Version\"2\" edited.','2016-06-23 04:41:17'),(6074,1,26,'Item Subtype Version\"2\" edited.','2016-06-23 04:43:11'),(6075,1,26,'Item Subtype Version\"2\" edited.','2016-06-23 04:46:52'),(6076,1,19,'User logged in. (::1)','2016-06-23 09:12:54'),(6077,1,25,'Item ABCD deleted','2016-06-23 11:53:40'),(6078,1,25,'Item SDU50504 deleted','2016-06-23 11:53:50'),(6079,1,25,'Item SDU50505 deleted','2016-06-23 11:53:50'),(6080,1,25,'Item SDU50506 deleted','2016-06-23 11:53:51'),(6081,1,25,'Item SDU50509 deleted','2016-06-23 11:53:51'),(6082,1,25,'Item SDU50508 deleted','2016-06-23 11:53:51'),(6083,1,25,'Item SDU50507 deleted','2016-06-23 11:53:51'),(6084,1,25,'Item SDU50510 deleted','2016-06-23 11:53:51'),(6085,1,25,'Item SDU50511 deleted','2016-06-23 11:53:51'),(6086,1,25,'Item SDU50512 deleted','2016-06-23 11:53:51'),(6087,1,25,'Item SDU50513 deleted','2016-06-23 11:53:51'),(6088,1,25,'Item WDU00010001 deleted','2016-06-23 11:56:42'),(6089,1,25,'Item SDU500100010504 deleted','2016-06-23 11:56:49'),(6090,1,25,'Item SDU500100010505 deleted','2016-06-23 11:56:49'),(6091,1,25,'Item SDU500100010506 deleted','2016-06-23 11:56:49'),(6092,1,25,'Item SDU500100010509 deleted','2016-06-23 11:56:49'),(6093,1,25,'Item SDU500100010508 deleted','2016-06-23 11:56:49'),(6094,1,25,'Item SDU500100010507 deleted','2016-06-23 11:56:49'),(6095,1,25,'Item SDU500100010510 deleted','2016-06-23 11:56:49'),(6096,1,25,'Item SDU500100010511 deleted','2016-06-23 11:56:50'),(6097,1,25,'Item SDU500100010512 deleted','2016-06-23 11:56:50'),(6098,1,25,'Item SDU500100010513 deleted','2016-06-23 11:56:50'),(6099,1,19,'User logged in. (::1)','2016-06-23 13:13:09'),(6100,1,25,'Item EFGH deleted','2016-06-23 14:04:56'),(6101,1,25,'Item SDU50504 deleted','2016-06-23 14:05:06'),(6102,1,25,'Item ILMN deleted','2016-06-23 14:05:23'),(6103,1,25,'Item ILMN2 deleted','2016-06-23 14:05:37'),(6104,1,25,'Item ILMN3 deleted','2016-06-23 14:05:54'),(6105,1,25,'Item SDU530504 deleted','2016-06-23 14:06:08'),(6106,1,25,'Item SDU530505 deleted','2016-06-23 14:06:08'),(6107,1,25,'Item SDU530506 deleted','2016-06-23 14:06:08'),(6108,1,25,'Item SDU530509 deleted','2016-06-23 14:06:08'),(6109,1,25,'Item SDU530508 deleted','2016-06-23 14:06:08'),(6110,1,25,'Item SDU530507 deleted','2016-06-23 14:06:08'),(6111,1,25,'Item SDU530510 deleted','2016-06-23 14:06:08'),(6112,1,25,'Item SDU530511 deleted','2016-06-23 14:06:08'),(6113,1,25,'Item SDU530512 deleted','2016-06-23 14:06:08'),(6114,1,25,'Item SDU530513 deleted','2016-06-23 14:06:09'),(6115,1,25,'Item SDU5000100020504 deleted','2016-06-23 14:06:58'),(6116,1,25,'Item WDU500010002 deleted','2016-06-23 14:07:13'),(6117,1,25,'Item SDU5000100020505 deleted','2016-06-23 14:07:31'),(6118,1,25,'Item SDU5000100020506 deleted','2016-06-23 14:07:31'),(6119,1,25,'Item SDU5000100020509 deleted','2016-06-23 14:07:31'),(6120,1,25,'Item SDU5000100020508 deleted','2016-06-23 14:07:31'),(6121,1,25,'Item SDU5000100020507 deleted','2016-06-23 14:07:31'),(6122,1,25,'Item SDU5000100020510 deleted','2016-06-23 14:07:31'),(6123,1,25,'Item SDU5000100020511 deleted','2016-06-23 14:07:31'),(6124,1,25,'Item SDU5000100020512 deleted','2016-06-23 14:07:32'),(6125,1,25,'Item SDU5000100020513 deleted','2016-06-23 14:07:32'),(6126,1,19,'User logged in. (::1)','2016-06-24 14:53:08');
/*!40000 ALTER TABLE `logs` ENABLE KEYS */;
UNLOCK TABLES;

--
-- Table structure for table `manufacturers`
--

DROP TABLE IF EXISTS `manufacturers`;
/*!40101 SET @saved_cs_client     = @@character_set_client */;
/*!40101 SET character_set_client = utf8 */;
CREATE TABLE `manufacturers` (
  `id` int(11) NOT NULL AUTO_INCREMENT,
  `name` varchar(256) NOT NULL,
  `address` varchar(256) DEFAULT NULL,
  `phone_number` varchar(256) DEFAULT NULL,
  `email` varchar(256) DEFAULT NULL,
  `contact` varchar(256) DEFAULT NULL,
  `comment` varchar(512) DEFAULT NULL,
  PRIMARY KEY (`id`),
  UNIQUE KEY `name_UNIQUE` (`name`)
) ENGINE=InnoDB AUTO_INCREMENT=2 DEFAULT CHARSET=latin1;
/*!40101 SET character_set_client = @saved_cs_client */;

--
-- Dumping data for table `manufacturers`
--

LOCK TABLES `manufacturers` WRITE;
/*!40000 ALTER TABLE `manufacturers` DISABLE KEYS */;
INSERT INTO `manufacturers` VALUES (1,'FBK','','','','Alberto Gola','');
/*!40000 ALTER TABLE `manufacturers` ENABLE KEYS */;
UNLOCK TABLES;

--
-- Table structure for table `manufacturers_projects`
--

DROP TABLE IF EXISTS `manufacturers_projects`;
/*!40101 SET @saved_cs_client     = @@character_set_client */;
/*!40101 SET character_set_client = utf8 */;
CREATE TABLE `manufacturers_projects` (
  `id` int(11) NOT NULL AUTO_INCREMENT,
  `manufacturer_id` int(11) NOT NULL,
  `project_id` int(11) NOT NULL,
  PRIMARY KEY (`id`),
  KEY `ManufacturersProjects_Manufacturer` (`manufacturer_id`),
  KEY `ManufacturersProjects_Project` (`project_id`),
  CONSTRAINT `ManufacturersProjects_Manufacturer` FOREIGN KEY (`manufacturer_id`) REFERENCES `manufacturers` (`id`) ON UPDATE CASCADE,
  CONSTRAINT `ManufacturersProjects_Project` FOREIGN KEY (`project_id`) REFERENCES `projects` (`id`) ON UPDATE CASCADE
) ENGINE=InnoDB AUTO_INCREMENT=2 DEFAULT CHARSET=latin1;
/*!40101 SET character_set_client = @saved_cs_client */;

--
-- Dumping data for table `manufacturers_projects`
--

LOCK TABLES `manufacturers_projects` WRITE;
/*!40000 ALTER TABLE `manufacturers_projects` DISABLE KEYS */;
INSERT INTO `manufacturers_projects` VALUES (1,1,1);
/*!40000 ALTER TABLE `manufacturers_projects` ENABLE KEYS */;
UNLOCK TABLES;

--
-- Table structure for table `matching`
--

DROP TABLE IF EXISTS `matching`;
/*!40101 SET @saved_cs_client     = @@character_set_client */;
/*!40101 SET character_set_client = utf8 */;
CREATE TABLE `matching` (
  `id` int(11) NOT NULL AUTO_INCREMENT,
  `name` varchar(64) NOT NULL,
  `parameter_id` int(11) NOT NULL,
  PRIMARY KEY (`id`),
  UNIQUE KEY `Name` (`name`) COMMENT 'Can only match unique names to parameters',
  KEY `parameter_id` (`parameter_id`),
  CONSTRAINT `Parameter used as target in matching table` FOREIGN KEY (`parameter_id`) REFERENCES `parameters` (`id`)
) ENGINE=InnoDB DEFAULT CHARSET=latin1 COMMENT='Table to match custom parameters to database parameters';
/*!40101 SET character_set_client = @saved_cs_client */;

--
-- Dumping data for table `matching`
--

LOCK TABLES `matching` WRITE;
/*!40000 ALTER TABLE `matching` DISABLE KEYS */;
/*!40000 ALTER TABLE `matching` ENABLE KEYS */;
UNLOCK TABLES;

--
-- Table structure for table `measurement_files`
--

DROP TABLE IF EXISTS `measurement_files`;
/*!40101 SET @saved_cs_client     = @@character_set_client */;
/*!40101 SET character_set_client = utf8 */;
CREATE TABLE `measurement_files` (
  `id` int(11) NOT NULL AUTO_INCREMENT,
  `originalFileName` varchar(128) NOT NULL,
  PRIMARY KEY (`id`)
) ENGINE=InnoDB AUTO_INCREMENT=64 DEFAULT CHARSET=latin1 COMMENT='Stores the file association for each measurement file';
/*!40101 SET character_set_client = @saved_cs_client */;

--
-- Dumping data for table `measurement_files`
--

LOCK TABLES `measurement_files` WRITE;
/*!40000 ALTER TABLE `measurement_files` DISABLE KEYS */;
INSERT INTO `measurement_files` VALUES (1,'Measurement_4_8.csv'),(2,'Measurement_4_9.csv'),(3,'Measurement_4_11.csv'),(4,'Measurement_4_13.csv'),(5,'Measurement_4_14.csv'),(6,'Measurement_4_15.csv'),(7,'Measurement_4_16.csv'),(8,'Measurement_4_17.csv'),(9,'Measurement_4.csv'),(10,'Measurement_4_1.csv'),(11,'Measurement_4_2.csv'),(12,'Measurement_4_3.csv'),(13,'Measurement_4_4.csv'),(14,'Measurement_4_5.csv'),(15,'Measurement_4_6.csv'),(16,'Measurement_4_7.csv'),(17,'Measurement_4_8.csv'),(18,'Measurement_4_9.csv'),(19,'Measurement_4_9.csv'),(20,'Measurement_4_7.csv'),(21,'Measurement_4_10.csv'),(22,'Measurement_4.csv'),(23,'Measurement_4.csv'),(24,'Measurement_4.csv'),(25,'Measurement_4_2.csv'),(26,'Measurement_4_3.csv'),(27,'Measurement_4_4.csv'),(28,'Measurement_4_5.csv'),(29,'Measurement_4_5.csv'),(30,'Measurement_4_1.csv'),(31,'Measurement_4_1.csv'),(32,'Measurement_4_2.csv'),(33,'Measurement_4_2.csv'),(34,'Measurement_4_2.csv'),(35,'Measurement_4_2.csv'),(36,'Measurement_4_2.csv'),(46,'1.csv'),(48,'0_4.csv'),(57,'0.csv'),(58,'0.csv'),(59,'0.csv'),(63,'1.csv');
/*!40000 ALTER TABLE `measurement_files` ENABLE KEYS */;
UNLOCK TABLES;

--
-- Table structure for table `measurement_parameters`
--

DROP TABLE IF EXISTS `measurement_parameters`;
/*!40101 SET @saved_cs_client     = @@character_set_client */;
/*!40101 SET character_set_client = utf8 */;
CREATE TABLE `measurement_parameters` (
  `id` int(11) NOT NULL AUTO_INCREMENT,
  `measurement_id` int(11) NOT NULL,
  `parameter_id` int(11) NOT NULL,
  `value` varchar(64) NOT NULL,
  PRIMARY KEY (`id`),
  KEY `measurement_id` (`measurement_id`),
  KEY `parameter_id` (`parameter_id`),
  CONSTRAINT `Parameter is still in use` FOREIGN KEY (`parameter_id`) REFERENCES `parameters` (`id`),
  CONSTRAINT `measurement_parameters_ibfk_1` FOREIGN KEY (`measurement_id`) REFERENCES `measurements` (`id`) ON DELETE CASCADE ON UPDATE CASCADE
) ENGINE=InnoDB DEFAULT CHARSET=latin1;
/*!40101 SET character_set_client = @saved_cs_client */;

--
-- Dumping data for table `measurement_parameters`
--

LOCK TABLES `measurement_parameters` WRITE;
/*!40000 ALTER TABLE `measurement_parameters` DISABLE KEYS */;
/*!40000 ALTER TABLE `measurement_parameters` ENABLE KEYS */;
UNLOCK TABLES;

--
-- Table structure for table `measurement_queue`
--

DROP TABLE IF EXISTS `measurement_queue`;
/*!40101 SET @saved_cs_client     = @@character_set_client */;
/*!40101 SET character_set_client = utf8 */;
CREATE TABLE `measurement_queue` (
  `id` int(11) NOT NULL AUTO_INCREMENT,
  `measurement_id` int(11) NOT NULL,
  `file_path` varchar(128) NOT NULL COMMENT 'Path to the file containing the data for this measurement (depending on status)',
  `status` int(11) NOT NULL DEFAULT '0',
  `parameters` text,
  PRIMARY KEY (`id`),
  KEY `measurement_id` (`measurement_id`),
  CONSTRAINT `measurement_queue_ibfk_1` FOREIGN KEY (`measurement_id`) REFERENCES `measurements` (`id`) ON DELETE CASCADE ON UPDATE CASCADE
) ENGINE=InnoDB DEFAULT CHARSET=latin1;
/*!40101 SET character_set_client = @saved_cs_client */;

--
-- Dumping data for table `measurement_queue`
--

LOCK TABLES `measurement_queue` WRITE;
/*!40000 ALTER TABLE `measurement_queue` DISABLE KEYS */;
/*!40000 ALTER TABLE `measurement_queue` ENABLE KEYS */;
UNLOCK TABLES;

--
-- Table structure for table `measurement_sets`
--

DROP TABLE IF EXISTS `measurement_sets`;
/*!40101 SET @saved_cs_client     = @@character_set_client */;
/*!40101 SET character_set_client = utf8 */;
CREATE TABLE `measurement_sets` (
  `id` int(11) NOT NULL AUTO_INCREMENT,
  `name` varchar(45) DEFAULT NULL,
  `comment` text,
  `parameter_table` text NOT NULL,
  PRIMARY KEY (`id`)
) ENGINE=InnoDB DEFAULT CHARSET=latin1;
/*!40101 SET character_set_client = @saved_cs_client */;

--
-- Dumping data for table `measurement_sets`
--

LOCK TABLES `measurement_sets` WRITE;
/*!40000 ALTER TABLE `measurement_sets` DISABLE KEYS */;
/*!40000 ALTER TABLE `measurement_sets` ENABLE KEYS */;
UNLOCK TABLES;

--
-- Table structure for table `measurement_sets_measurements`
--

DROP TABLE IF EXISTS `measurement_sets_measurements`;
/*!40101 SET @saved_cs_client     = @@character_set_client */;
/*!40101 SET character_set_client = utf8 */;
CREATE TABLE `measurement_sets_measurements` (
  `id` int(11) NOT NULL AUTO_INCREMENT,
  `measurement_id` int(11) DEFAULT NULL,
  `measurement_set_id` int(11) DEFAULT NULL,
  PRIMARY KEY (`id`)
) ENGINE=InnoDB DEFAULT CHARSET=latin1;
/*!40101 SET character_set_client = @saved_cs_client */;

--
-- Dumping data for table `measurement_sets_measurements`
--

LOCK TABLES `measurement_sets_measurements` WRITE;
/*!40000 ALTER TABLE `measurement_sets_measurements` DISABLE KEYS */;
/*!40000 ALTER TABLE `measurement_sets_measurements` ENABLE KEYS */;
UNLOCK TABLES;

--
-- Table structure for table `measurement_tags`
--

DROP TABLE IF EXISTS `measurement_tags`;
/*!40101 SET @saved_cs_client     = @@character_set_client */;
/*!40101 SET character_set_client = utf8 */;
CREATE TABLE `measurement_tags` (
  `id` int(11) NOT NULL AUTO_INCREMENT,
  `name` varchar(64) NOT NULL,
  PRIMARY KEY (`id`)
) ENGINE=InnoDB DEFAULT CHARSET=latin1;
/*!40101 SET character_set_client = @saved_cs_client */;

--
-- Dumping data for table `measurement_tags`
--

LOCK TABLES `measurement_tags` WRITE;
/*!40000 ALTER TABLE `measurement_tags` DISABLE KEYS */;
/*!40000 ALTER TABLE `measurement_tags` ENABLE KEYS */;
UNLOCK TABLES;

--
-- Table structure for table `measurement_tags_measurements`
--

DROP TABLE IF EXISTS `measurement_tags_measurements`;
/*!40101 SET @saved_cs_client     = @@character_set_client */;
/*!40101 SET character_set_client = utf8 */;
CREATE TABLE `measurement_tags_measurements` (
  `id` int(11) NOT NULL AUTO_INCREMENT,
  `measurement_id` int(11) NOT NULL,
  `measurement_tag_id` int(11) NOT NULL,
  PRIMARY KEY (`id`),
  KEY `measurement_id` (`measurement_id`),
  KEY `measurement_tag_id` (`measurement_tag_id`),
  CONSTRAINT `Measurement Tag in use` FOREIGN KEY (`measurement_tag_id`) REFERENCES `measurement_tags` (`id`) ON UPDATE CASCADE,
  CONSTRAINT `measurement_tags_measurements_ibfk_1` FOREIGN KEY (`measurement_id`) REFERENCES `measurements` (`id`) ON DELETE CASCADE ON UPDATE CASCADE
) ENGINE=InnoDB DEFAULT CHARSET=latin1;
/*!40101 SET character_set_client = @saved_cs_client */;

--
-- Dumping data for table `measurement_tags_measurements`
--

LOCK TABLES `measurement_tags_measurements` WRITE;
/*!40000 ALTER TABLE `measurement_tags_measurements` DISABLE KEYS */;
/*!40000 ALTER TABLE `measurement_tags_measurements` ENABLE KEYS */;
UNLOCK TABLES;

--
-- Table structure for table `measurement_types`
--

DROP TABLE IF EXISTS `measurement_types`;
/*!40101 SET @saved_cs_client     = @@character_set_client */;
/*!40101 SET character_set_client = utf8 */;
CREATE TABLE `measurement_types` (
  `id` int(11) NOT NULL AUTO_INCREMENT,
  `name` varchar(45) NOT NULL,
  `marker` varchar(64) NOT NULL COMMENT 'The marker for the section in the CSV file that corresponds to this measurement type',
  PRIMARY KEY (`id`),
  UNIQUE KEY `name_UNIQUE` (`name`)
) ENGINE=InnoDB AUTO_INCREMENT=2 DEFAULT CHARSET=latin1;
/*!40101 SET character_set_client = @saved_cs_client */;

--
-- Dumping data for table `measurement_types`
--

LOCK TABLES `measurement_types` WRITE;
/*!40000 ALTER TABLE `measurement_types` DISABLE KEYS */;
INSERT INTO `measurement_types` VALUES (1,'voltage [V] vs. current [A]','ivmeas');
/*!40000 ALTER TABLE `measurement_types` ENABLE KEYS */;
UNLOCK TABLES;

--
-- Table structure for table `measurements`
--

DROP TABLE IF EXISTS `measurements`;
/*!40101 SET @saved_cs_client     = @@character_set_client */;
/*!40101 SET character_set_client = utf8 */;
CREATE TABLE `measurements` (
  `id` int(11) NOT NULL AUTO_INCREMENT,
  `history_id` int(11) NOT NULL,
  `item_id` int(11) NOT NULL,
  `device_id` int(11) NOT NULL,
  `user_id` int(11) NOT NULL,
  `measurement_type_id` int(11) NOT NULL COMMENT 'To select the right table for the measurement data: dim=1 ==> 1D_measurement_data; dim=2 ==> 2D_measurement_data; ...',
  `measurement_file_id` int(11) DEFAULT NULL,
  `start` datetime DEFAULT NULL,
  `stop` datetime DEFAULT NULL,
  PRIMARY KEY (`id`),
  KEY `MeasurementSeries_HistoryID` (`history_id`),
  KEY `MeasurementSeries_DeviceID` (`device_id`),
  KEY `MeasurementSeries_UserID` (`user_id`),
  KEY `MeasurementSeries_ItemID` (`item_id`),
  KEY `MeasurementSeries_MeasurementTypeID` (`measurement_type_id`),
  KEY `measurement_file_id` (`measurement_file_id`),
  CONSTRAINT `Measurement File Set` FOREIGN KEY (`measurement_file_id`) REFERENCES `measurement_files` (`id`) ON UPDATE CASCADE,
  CONSTRAINT `MeasurementSeries_DeviceID` FOREIGN KEY (`device_id`) REFERENCES `devices` (`id`) ON UPDATE CASCADE,
  CONSTRAINT `MeasurementSeries_HistoryID` FOREIGN KEY (`history_id`) REFERENCES `histories` (`id`) ON UPDATE CASCADE,
  CONSTRAINT `MeasurementSeries_ItemID` FOREIGN KEY (`item_id`) REFERENCES `items` (`id`) ON UPDATE CASCADE,
  CONSTRAINT `MeasurementSeries_MeasurementTypeID` FOREIGN KEY (`measurement_type_id`) REFERENCES `measurement_types` (`id`) ON UPDATE CASCADE,
  CONSTRAINT `MeasurementSeries_UserID` FOREIGN KEY (`user_id`) REFERENCES `users` (`id`) ON UPDATE CASCADE
) ENGINE=InnoDB AUTO_INCREMENT=38 DEFAULT CHARSET=latin1;
/*!40101 SET character_set_client = @saved_cs_client */;

--
-- Dumping data for table `measurements`
--

LOCK TABLES `measurements` WRITE;
/*!40000 ALTER TABLE `measurements` DISABLE KEYS */;
INSERT INTO `measurements` VALUES (36,167,61,1,1,1,63,'2016-03-04 00:00:00','2016-03-04 23:59:59'),(37,168,60,1,1,1,63,'2016-03-04 00:00:00','2016-03-04 23:59:59');
/*!40000 ALTER TABLE `measurements` ENABLE KEYS */;
UNLOCK TABLES;

--
-- Table structure for table `measuring_points`
--

DROP TABLE IF EXISTS `measuring_points`;
/*!40101 SET @saved_cs_client     = @@character_set_client */;
/*!40101 SET character_set_client = utf8 */;
CREATE TABLE `measuring_points` (
  `id` int(11) NOT NULL AUTO_INCREMENT,
  `measurement_id` int(11) NOT NULL,
  PRIMARY KEY (`id`),
  KEY `MeasuringPoints_MeasurementID` (`measurement_id`),
  KEY `MeasuringPoints.MeasurementID` (`measurement_id`),
  CONSTRAINT `measuring_points_ibfk_1` FOREIGN KEY (`measurement_id`) REFERENCES `measurements` (`id`) ON DELETE CASCADE ON UPDATE CASCADE
) ENGINE=InnoDB DEFAULT CHARSET=latin1;
/*!40101 SET character_set_client = @saved_cs_client */;

--
-- Dumping data for table `measuring_points`
--

LOCK TABLES `measuring_points` WRITE;
/*!40000 ALTER TABLE `measuring_points` DISABLE KEYS */;
/*!40000 ALTER TABLE `measuring_points` ENABLE KEYS */;
UNLOCK TABLES;

--
-- Table structure for table `parameters`
--

DROP TABLE IF EXISTS `parameters`;
/*!40101 SET @saved_cs_client     = @@character_set_client */;
/*!40101 SET character_set_client = utf8 */;
CREATE TABLE `parameters` (
  `id` int(11) NOT NULL AUTO_INCREMENT,
  `name` varchar(45) NOT NULL,
  PRIMARY KEY (`id`),
  UNIQUE KEY `name_UNIQUE` (`name`)
) ENGINE=InnoDB AUTO_INCREMENT=94 DEFAULT CHARSET=latin1;
/*!40101 SET character_set_client = @saved_cs_client */;

--
-- Dumping data for table `parameters`
--

LOCK TABLES `parameters` WRITE;
/*!40000 ALTER TABLE `parameters` DISABLE KEYS */;
INSERT INTO `parameters` VALUES (86,'0013;34'),(87,'1012;34'),(5,'1;25'),(14,'1;26'),(23,'1;27'),(32,'1;28'),(41,'1;29'),(50,'1;30'),(59,'1;31'),(68,'1;32'),(77,'1;33'),(88,'2011;34'),(6,'2;25'),(15,'2;26'),(24,'2;27'),(33,'2;28'),(42,'2;29'),(51,'2;30'),(60,'2;31'),(69,'2;32'),(78,'2;33'),(89,'301;34'),(7,'3;25'),(16,'3;26'),(25,'3;27'),(34,'3;28'),(43,'3;29'),(52,'3;30'),(61,'3;31'),(70,'3;32'),(79,'3;33'),(90,'4008;34'),(8,'4;25'),(17,'4;26'),(26,'4;27'),(35,'4;28'),(44,'4;29'),(53,'4;30'),(62,'4;31'),(71,'4;32'),(80,'4;33'),(91,'5023;34'),(9,'5;25'),(18,'5;26'),(27,'5;27'),(36,'5;28'),(45,'5;29'),(54,'5;30'),(63,'5;31'),(72,'5;32'),(81,'5;33'),(92,'6022;34'),(10,'6;25'),(19,'6;26'),(28,'6;27'),(37,'6;28'),(46,'6;29'),(55,'6;30'),(64,'6;31'),(73,'6;32'),(82,'6;33'),(93,'7018;;;;;;;;;;;;;;;;;;;;;;;;;;;;;;;;;;;;;;;;;'),(11,'7;25'),(20,'7;26'),(29,'7;27'),(38,'7;28'),(47,'7;29'),(56,'7;30'),(65,'7;31'),(74,'7;32'),(83,'7;33'),(12,'8;25'),(21,'8;26'),(30,'8;27'),(39,'8;28'),(48,'8;29'),(57,'8;30'),(66,'8;31'),(75,'8;32'),(84,'8;33'),(13,'9;26;26'),(22,'9;27;27'),(31,'9;28;28'),(40,'9;29;29'),(49,'9;30;30'),(58,'9;31;31'),(67,'9;32;32'),(76,'9;33;33'),(85,'9;34'),(2,'current [A]'),(4,'dev_name;0;1;2;3;4;5;6;7;8;9;10;11;12;13;14;1'),(1,'voltage [V]'),(3,'voltage [V].current [A]');
/*!40000 ALTER TABLE `parameters` ENABLE KEYS */;
UNLOCK TABLES;

--
-- Table structure for table `projects`
--

DROP TABLE IF EXISTS `projects`;
/*!40101 SET @saved_cs_client     = @@character_set_client */;
/*!40101 SET character_set_client = utf8 */;
CREATE TABLE `projects` (
  `id` int(11) NOT NULL AUTO_INCREMENT,
  `name` varchar(45) NOT NULL,
  PRIMARY KEY (`id`)
) ENGINE=InnoDB AUTO_INCREMENT=2 DEFAULT CHARSET=latin1;
/*!40101 SET character_set_client = @saved_cs_client */;

--
-- Dumping data for table `projects`
--

LOCK TABLES `projects` WRITE;
/*!40000 ALTER TABLE `projects` DISABLE KEYS */;
INSERT INTO `projects` VALUES (1,'DS-20k');
/*!40000 ALTER TABLE `projects` ENABLE KEYS */;
UNLOCK TABLES;

--
-- Table structure for table `projects_item_types`
--

DROP TABLE IF EXISTS `projects_item_types`;
/*!40101 SET @saved_cs_client     = @@character_set_client */;
/*!40101 SET character_set_client = utf8 */;
CREATE TABLE `projects_item_types` (
  `id` int(11) NOT NULL AUTO_INCREMENT,
  `project_id` int(11) NOT NULL,
  `item_type_id` int(11) NOT NULL,
  PRIMARY KEY (`id`),
  KEY `project_id` (`project_id`),
  KEY `item_type_id` (`item_type_id`),
  CONSTRAINT `Item Type in use by project` FOREIGN KEY (`item_type_id`) REFERENCES `item_types` (`id`) ON UPDATE CASCADE,
  CONSTRAINT `Project Id in use by Item Type` FOREIGN KEY (`project_id`) REFERENCES `projects` (`id`) ON UPDATE CASCADE
) ENGINE=InnoDB AUTO_INCREMENT=7 DEFAULT CHARSET=latin1 COMMENT='Associates item types to projects. One ItemType can be used in multiple projects';
/*!40101 SET character_set_client = @saved_cs_client */;

--
-- Dumping data for table `projects_item_types`
--

LOCK TABLES `projects_item_types` WRITE;
/*!40000 ALTER TABLE `projects_item_types` DISABLE KEYS */;
INSERT INTO `projects_item_types` VALUES (4,1,4),(6,1,6);
/*!40000 ALTER TABLE `projects_item_types` ENABLE KEYS */;
UNLOCK TABLES;

--
-- Table structure for table `projects_stocks`
--

DROP TABLE IF EXISTS `projects_stocks`;
/*!40101 SET @saved_cs_client     = @@character_set_client */;
/*!40101 SET character_set_client = utf8 */;
CREATE TABLE `projects_stocks` (
  `id` int(11) NOT NULL AUTO_INCREMENT,
  `project_id` int(11) NOT NULL,
  `stock_id` int(11) NOT NULL,
  PRIMARY KEY (`id`),
  KEY `projects_stocks_project_id` (`project_id`),
  KEY `projects_stocks_stock_id` (`stock_id`),
  CONSTRAINT `projects_stocks_project_id` FOREIGN KEY (`project_id`) REFERENCES `projects` (`id`) ON UPDATE CASCADE,
  CONSTRAINT `projects_stocks_stock_id` FOREIGN KEY (`stock_id`) REFERENCES `stocks` (`id`) ON UPDATE CASCADE
) ENGINE=InnoDB DEFAULT CHARSET=latin1;
/*!40101 SET character_set_client = @saved_cs_client */;

--
-- Dumping data for table `projects_stocks`
--

LOCK TABLES `projects_stocks` WRITE;
/*!40000 ALTER TABLE `projects_stocks` DISABLE KEYS */;
/*!40000 ALTER TABLE `projects_stocks` ENABLE KEYS */;
UNLOCK TABLES;

--
-- Table structure for table `projects_users`
--

DROP TABLE IF EXISTS `projects_users`;
/*!40101 SET @saved_cs_client     = @@character_set_client */;
/*!40101 SET character_set_client = utf8 */;
CREATE TABLE `projects_users` (
  `id` int(11) NOT NULL AUTO_INCREMENT,
  `project_id` int(11) NOT NULL,
  `user_id` int(11) NOT NULL,
  PRIMARY KEY (`id`),
  KEY `projects_users.project_id` (`project_id`),
  KEY `projects_users.user_id` (`user_id`),
  CONSTRAINT `projects_users.project_id` FOREIGN KEY (`project_id`) REFERENCES `projects` (`id`) ON UPDATE CASCADE,
  CONSTRAINT `projects_users.user_id` FOREIGN KEY (`user_id`) REFERENCES `users` (`id`) ON UPDATE CASCADE
) ENGINE=InnoDB AUTO_INCREMENT=2 DEFAULT CHARSET=latin1;
/*!40101 SET character_set_client = @saved_cs_client */;

--
-- Dumping data for table `projects_users`
--

LOCK TABLES `projects_users` WRITE;
/*!40000 ALTER TABLE `projects_users` DISABLE KEYS */;
INSERT INTO `projects_users` VALUES (1,1,1);
/*!40000 ALTER TABLE `projects_users` ENABLE KEYS */;
UNLOCK TABLES;

--
-- Table structure for table `states`
--

DROP TABLE IF EXISTS `states`;
/*!40101 SET @saved_cs_client     = @@character_set_client */;
/*!40101 SET character_set_client = utf8 */;
CREATE TABLE `states` (
  `id` int(11) NOT NULL AUTO_INCREMENT,
  `name` varchar(45) NOT NULL,
  `description` text,
  PRIMARY KEY (`id`)
) ENGINE=InnoDB AUTO_INCREMENT=2 DEFAULT CHARSET=latin1;
/*!40101 SET character_set_client = @saved_cs_client */;

--
-- Dumping data for table `states`
--

LOCK TABLES `states` WRITE;
/*!40000 ALTER TABLE `states` DISABLE KEYS */;
INSERT INTO `states` VALUES (1,'unset','');
/*!40000 ALTER TABLE `states` ENABLE KEYS */;
UNLOCK TABLES;

--
-- Temporary table structure for view `stock_view`
--

DROP TABLE IF EXISTS `stock_view`;
/*!50001 DROP VIEW IF EXISTS `stock_view`*/;
SET @saved_cs_client     = @@character_set_client;
SET character_set_client = utf8;
/*!50001 CREATE TABLE `stock_view` (
  `id` tinyint NOT NULL,
  `item_subtype_version_id` tinyint NOT NULL,
  `item_subtype_id` tinyint NOT NULL,
  `item_type_id` tinyint NOT NULL,
  `amount` tinyint NOT NULL,
  `item_id` tinyint NOT NULL,
  `item_quality_id` tinyint NOT NULL,
  `item_quality_name` tinyint NOT NULL,
  `location_name` tinyint NOT NULL,
  `location_id` tinyint NOT NULL,
  `stock_item_code` tinyint NOT NULL,
  `manufacturer_id` tinyint NOT NULL,
  `comment` tinyint NOT NULL,
  `item_type_name` tinyint NOT NULL,
  `item_subtype_name` tinyint NOT NULL,
  `version` tinyint NOT NULL,
  `item_subtype_version_name` tinyint NOT NULL,
  `manufacturer_name` tinyint NOT NULL,
  `project_id` tinyint NOT NULL,
  `project_name` tinyint NOT NULL,
  `item_tags_ids` tinyint NOT NULL
) ENGINE=MyISAM */;
SET character_set_client = @saved_cs_client;

--
-- Table structure for table `stocks`
--

DROP TABLE IF EXISTS `stocks`;
/*!40101 SET @saved_cs_client     = @@character_set_client */;
/*!40101 SET character_set_client = utf8 */;
CREATE TABLE `stocks` (
  `id` int(11) NOT NULL AUTO_INCREMENT,
  `item_subtype_version_id` int(11) NOT NULL,
  `state_id` int(11) NOT NULL,
  `stock_quality_id` int(11) NOT NULL,
  `amount` int(11) NOT NULL DEFAULT '0',
  `parent_item_id` int(11) DEFAULT NULL,
  PRIMARY KEY (`id`),
  KEY `stocks_item_subtype_version_id` (`item_subtype_version_id`),
  KEY `stocks_state_id` (`state_id`),
  KEY `stock_quality_id` (`stock_quality_id`),
  CONSTRAINT `stocks_ibfk_1` FOREIGN KEY (`stock_quality_id`) REFERENCES `item_qualities` (`id`) ON UPDATE CASCADE,
  CONSTRAINT `stocks_item_subtype_version_id` FOREIGN KEY (`item_subtype_version_id`) REFERENCES `item_subtype_versions` (`id`) ON UPDATE CASCADE,
  CONSTRAINT `stocks_state_id` FOREIGN KEY (`state_id`) REFERENCES `states` (`id`) ON UPDATE CASCADE
) ENGINE=InnoDB DEFAULT CHARSET=latin1;
/*!40101 SET character_set_client = @saved_cs_client */;

--
-- Dumping data for table `stocks`
--

LOCK TABLES `stocks` WRITE;
/*!40000 ALTER TABLE `stocks` DISABLE KEYS */;
/*!40000 ALTER TABLE `stocks` ENABLE KEYS */;
UNLOCK TABLES;

--
-- Table structure for table `transfers`
--

DROP TABLE IF EXISTS `transfers`;
/*!40101 SET @saved_cs_client     = @@character_set_client */;
/*!40101 SET character_set_client = utf8 */;
CREATE TABLE `transfers` (
  `id` int(11) NOT NULL AUTO_INCREMENT,
  `shipping_date` datetime DEFAULT NULL,
  `status` int(11) NOT NULL,
  `from_location_id` int(11) NOT NULL,
  `to_location_id` int(11) NOT NULL,
  `recipient_id` int(11) NOT NULL,
  `tracking_number` varchar(100) DEFAULT NULL,
  `deliverer_id` int(11) DEFAULT NULL,
  `link` varchar(255) DEFAULT NULL,
  `comment` varchar(255) DEFAULT NULL,
  `user_id` int(11) NOT NULL,
  `created` datetime DEFAULT NULL,
  `modified` datetime DEFAULT NULL,
  PRIMARY KEY (`id`),
  KEY `Transfers_ToLocationID` (`to_location_id`),
  KEY `Transfer_To` (`to_location_id`),
  KEY `Transfer_Deliverer` (`deliverer_id`),
  KEY `status` (`status`),
  KEY `from_location_id` (`from_location_id`),
  KEY `recipient_id` (`recipient_id`),
  CONSTRAINT `Transfer_Deliverer` FOREIGN KEY (`deliverer_id`) REFERENCES `deliverers` (`id`) ON UPDATE CASCADE,
  CONSTRAINT `Transfer_From` FOREIGN KEY (`from_location_id`) REFERENCES `locations` (`id`) ON UPDATE CASCADE,
  CONSTRAINT `Transfer_To` FOREIGN KEY (`to_location_id`) REFERENCES `locations` (`id`) ON UPDATE CASCADE,
  CONSTRAINT `User is recipient of a transfer` FOREIGN KEY (`recipient_id`) REFERENCES `users` (`id`) ON DELETE NO ACTION ON UPDATE CASCADE
) ENGINE=InnoDB AUTO_INCREMENT=2 DEFAULT CHARSET=latin1;
/*!40101 SET character_set_client = @saved_cs_client */;

--
-- Dumping data for table `transfers`
--

LOCK TABLES `transfers` WRITE;
/*!40000 ALTER TABLE `transfers` DISABLE KEYS */;
INSERT INTO `transfers` VALUES (1,'2016-04-20 00:00:00',1,1,2,1,'2312312',1,'','',1,'2016-04-20 22:05:59','2016-04-20 22:06:00');
/*!40000 ALTER TABLE `transfers` ENABLE KEYS */;
UNLOCK TABLES;

--
-- Table structure for table `users`
--

DROP TABLE IF EXISTS `users`;
/*!40101 SET @saved_cs_client     = @@character_set_client */;
/*!40101 SET character_set_client = utf8 */;
CREATE TABLE `users` (
  `id` int(11) NOT NULL AUTO_INCREMENT,
  `username` varchar(255) NOT NULL,
  `password` varchar(40) NOT NULL,
  `group_id` int(11) NOT NULL,
  `created` datetime DEFAULT NULL,
  `modified` datetime DEFAULT NULL,
  `first_name` varchar(45) DEFAULT NULL,
  `last_name` varchar(45) DEFAULT NULL,
  `email` varchar(255) DEFAULT NULL,
  `comment` varchar(512) DEFAULT NULL,
  `add_locations` tinyint(4) DEFAULT '0',
  `add_projects` tinyint(4) DEFAULT '0',
  `standard_location_id` int(11) NOT NULL,
  `phone` varchar(30) NOT NULL,
  PRIMARY KEY (`id`),
  UNIQUE KEY `username` (`username`),
  KEY `User_Group` (`group_id`),
  KEY `standard_location_id` (`standard_location_id`),
  CONSTRAINT `Location in use by User` FOREIGN KEY (`standard_location_id`) REFERENCES `locations` (`id`) ON DELETE NO ACTION ON UPDATE CASCADE,
  CONSTRAINT `User_Group` FOREIGN KEY (`group_id`) REFERENCES `groups` (`id`) ON UPDATE CASCADE
) ENGINE=InnoDB AUTO_INCREMENT=2 DEFAULT CHARSET=latin1;
/*!40101 SET character_set_client = @saved_cs_client */;

--
-- Dumping data for table `users`
--

LOCK TABLES `users` WRITE;
/*!40000 ALTER TABLE `users` DISABLE KEYS */;
INSERT INTO `users` VALUES (1,'fpilo','51b0231a14e7c46367355b3e4ee143e45b62230e',1,'2016-04-01 12:03:43','2016-05-26 17:15:46','Federico','Pilo','federico.pilo@pi.infn.it','',0,0,2,'');
/*!40000 ALTER TABLE `users` ENABLE KEYS */;
UNLOCK TABLES;

--
-- Dumping events for database 'ds20kcondb-test'
--

--
-- Dumping routines for database 'ds20kcondb-test'
--

--
-- Final view structure for view `item_subtype_version_view`
--

/*!50001 DROP TABLE IF EXISTS `item_subtype_version_view`*/;
/*!50001 DROP VIEW IF EXISTS `item_subtype_version_view`*/;
/*!50001 SET @saved_cs_client          = @@character_set_client */;
/*!50001 SET @saved_cs_results         = @@character_set_results */;
/*!50001 SET @saved_col_connection     = @@collation_connection */;
/*!50001 SET character_set_client      = utf8 */;
/*!50001 SET character_set_results     = utf8 */;
/*!50001 SET collation_connection      = utf8_general_ci */;
/*!50001 CREATE ALGORITHM=UNDEFINED */
/*!50013 DEFINER=`ds20kcondb_cake`@`%` SQL SECURITY DEFINER */
/*!50001 VIEW `item_subtype_version_view` AS select `manufacturer`.`id` AS `manufacturer_id`,`manufacturer`.`name` AS `manufacturer_name`,`manufacturersproject`.`id` AS `manufacturers_projects_id`,`manufacturersproject`.`manufacturer_id` AS `manufacturers_projects_manufacturer_id`,`manufacturersproject`.`project_id` AS `manufacturers_projects_project_id`,`project`.`id` AS `project_id`,`project`.`name` AS `project_name`,`itemsubtypeversionproject`.`item_subtype_version_id` AS `item_subtype_version_id`,`itemsubtypeversion`.`item_subtype_id` AS `item_subtype_id`,`itemsubtypeversion`.`version` AS `item_subtype_version_version`,`itemsubtypeversion`.`name` AS `item_subtype_version_name`,`itemsubtypeversion`.`has_components` AS `item_subtype_version_has_components`,`itemsubtypeversion`.`comment` AS `item_subtype_version_comment`,`itemsubtype`.`name` AS `item_subtype_name`,`itemtype`.`name` AS `item_type_name`,`itemtype`.`id` AS `item_type_id` from ((((((`manufacturers` `manufacturer` join `manufacturers_projects` `manufacturersproject` on((`manufacturersproject`.`manufacturer_id` = `manufacturer`.`id`))) join `projects` `project` on((`manufacturersproject`.`project_id` = `project`.`id`))) join `item_subtype_versions_projects` `itemsubtypeversionproject` on((`itemsubtypeversionproject`.`project_id` = `project`.`id`))) join `item_subtype_versions` `itemsubtypeversion` on(((`itemsubtypeversion`.`id` = `itemsubtypeversionproject`.`item_subtype_version_id`) and (`itemsubtypeversion`.`manufacturer_id` = `manufacturer`.`id`)))) join `item_subtypes` `itemsubtype` on((`itemsubtype`.`id` = `itemsubtypeversion`.`item_subtype_id`))) join `item_types` `itemtype` on((`itemtype`.`id` = `itemsubtype`.`item_type_id`))) order by lcase(`manufacturer`.`name`),lcase(`project`.`name`),lcase(`itemtype`.`name`),lcase(`itemsubtype`.`name`) */;
/*!50001 SET character_set_client      = @saved_cs_client */;
/*!50001 SET character_set_results     = @saved_cs_results */;
/*!50001 SET collation_connection      = @saved_col_connection */;

--
-- Final view structure for view `item_view`
--

/*!50001 DROP TABLE IF EXISTS `item_view`*/;
/*!50001 DROP VIEW IF EXISTS `item_view`*/;
/*!50001 SET @saved_cs_client          = @@character_set_client */;
/*!50001 SET @saved_cs_results         = @@character_set_results */;
/*!50001 SET @saved_col_connection     = @@collation_connection */;
/*!50001 SET character_set_client      = utf8 */;
/*!50001 SET character_set_results     = utf8 */;
/*!50001 SET collation_connection      = utf8_general_ci */;
/*!50001 CREATE ALGORITHM=UNDEFINED */
/*!50013 DEFINER=`ds20kcondb_cake`@`%` SQL SECURITY DEFINER */
/*!50001 VIEW `item_view` AS select `item`.`id` AS `id`,if((`itemstocks`.`location_id` is not null),`itemstocks`.`location_id`,`item`.`location_id`) AS `location_id`,if((`itemstocks`.`location_id` is not null),convert(concat('Stock (',`itemstocks`.`amount`,' available)') using latin1),`item`.`code`) AS `code`,`item`.`state_id` AS `state_id`,`item`.`project_id` AS `project_id`,`item`.`manufacturer_id` AS `manufacturer_id`,`item`.`item_type_id` AS `item_type_id`,`item`.`item_subtype_id` AS `item_subtype_id`,`item`.`item_subtype_version_id` AS `item_subtype_version_id`,`item`.`item_quality_id` AS `item_quality_id`,`item`.`comment` AS `comment`,`itemsubtypeversion`.`version` AS `item_subtype_version`,`itemsubtypeversion`.`name` AS `item_subtype_version_name`,`location`.`name` AS `location_name`,`state`.`name` AS `state_name`,`state`.`description` AS `state_description`,`project`.`name` AS `project_name`,`manufacturer`.`name` AS `manufacturer_name`,`itemtype`.`name` AS `item_type_name`,`itemsubtype`.`name` AS `item_subtype_name`,`itemquality`.`name` AS `item_quality_name` from (((((((((`items` `item` left join `item_subtype_versions` `itemsubtypeversion` on((`item`.`item_subtype_version_id` = `itemsubtypeversion`.`id`))) left join `item_stocks` `itemstocks` on((`itemstocks`.`item_id` = `item`.`id`))) left join `locations` `location` on((if((`itemstocks`.`location_id` is not null),`itemstocks`.`location_id`,`item`.`location_id`) = `location`.`id`))) left join `states` `state` on((`item`.`state_id` = `state`.`id`))) left join `projects` `project` on((`item`.`project_id` = `project`.`id`))) left join `manufacturers` `manufacturer` on((`item`.`manufacturer_id` = `manufacturer`.`id`))) left join `item_types` `itemtype` on((`item`.`item_type_id` = `itemtype`.`id`))) left join `item_subtypes` `itemsubtype` on((`item`.`item_subtype_id` = `itemsubtype`.`id`))) left join `item_qualities` `itemquality` on((`item`.`item_quality_id` = `itemquality`.`id`))) group by 1,2 */;
/*!50001 SET character_set_client      = @saved_cs_client */;
/*!50001 SET character_set_results     = @saved_cs_results */;
/*!50001 SET collation_connection      = @saved_col_connection */;

--
-- Final view structure for view `stock_view`
--

/*!50001 DROP TABLE IF EXISTS `stock_view`*/;
/*!50001 DROP VIEW IF EXISTS `stock_view`*/;
/*!50001 SET @saved_cs_client          = @@character_set_client */;
/*!50001 SET @saved_cs_results         = @@character_set_results */;
/*!50001 SET @saved_col_connection     = @@collation_connection */;
/*!50001 SET character_set_client      = utf8 */;
/*!50001 SET character_set_results     = utf8 */;
/*!50001 SET collation_connection      = utf8_general_ci */;
/*!50001 CREATE ALGORITHM=UNDEFINED */
/*!50013 DEFINER=`ds20kcondb_cake`@`%` SQL SECURITY DEFINER */
/*!50001 VIEW `stock_view` AS select `itemstocks`.`id` AS `id`,`item`.`item_subtype_version_id` AS `item_subtype_version_id`,`item`.`item_subtype_id` AS `item_subtype_id`,`item`.`item_type_id` AS `item_type_id`,`itemstocks`.`amount` AS `amount`,`itemstocks`.`item_id` AS `item_id`,`item`.`item_quality_id` AS `item_quality_id`,`itemquality`.`name` AS `item_quality_name`,`location`.`name` AS `location_name`,`itemstocks`.`location_id` AS `location_id`,`item`.`code` AS `stock_item_code`,`itemsubtypeversion`.`manufacturer_id` AS `manufacturer_id`,`itemsubtypeversion`.`comment` AS `comment`,`itemtype`.`name` AS `item_type_name`,`itemsubtype`.`name` AS `item_subtype_name`,`itemsubtypeversion`.`version` AS `version`,`itemsubtypeversion`.`name` AS `item_subtype_version_name`,`manufacturer`.`name` AS `manufacturer_name`,`project`.`id` AS `project_id`,`project`.`name` AS `project_name`,group_concat(`itemtagsitems`.`item_tag_id` separator ',') AS `item_tags_ids` from (((((((((`item_stocks` `itemstocks` left join `locations` `location` on((`itemstocks`.`location_id` = `location`.`id`))) left join `items` `item` on((`itemstocks`.`item_id` = `item`.`id`))) left join `item_subtype_versions` `itemsubtypeversion` on((`item`.`item_subtype_version_id` = `itemsubtypeversion`.`id`))) left join `item_subtypes` `itemsubtype` on((`item`.`item_subtype_id` = `itemsubtype`.`id`))) left join `item_types` `itemtype` on((`item`.`item_type_id` = `itemtype`.`id`))) left join `manufacturers` `manufacturer` on((`item`.`manufacturer_id` = `manufacturer`.`id`))) left join `item_qualities` `itemquality` on((`item`.`item_quality_id` = `itemquality`.`id`))) left join `projects` `project` on((`item`.`project_id` = `project`.`id`))) left join `item_tags_items` `itemtagsitems` on((`itemtagsitems`.`item_id` = `itemstocks`.`item_id`))) where (1 = 1) group by `itemstocks`.`id` */;
/*!50001 SET character_set_client      = @saved_cs_client */;
/*!50001 SET character_set_results     = @saved_cs_results */;
/*!50001 SET collation_connection      = @saved_col_connection */;
/*!40103 SET TIME_ZONE=@OLD_TIME_ZONE */;

/*!40101 SET SQL_MODE=@OLD_SQL_MODE */;
/*!40014 SET FOREIGN_KEY_CHECKS=@OLD_FOREIGN_KEY_CHECKS */;
/*!40014 SET UNIQUE_CHECKS=@OLD_UNIQUE_CHECKS */;
/*!40101 SET CHARACTER_SET_CLIENT=@OLD_CHARACTER_SET_CLIENT */;
/*!40101 SET CHARACTER_SET_RESULTS=@OLD_CHARACTER_SET_RESULTS */;
/*!40101 SET COLLATION_CONNECTION=@OLD_COLLATION_CONNECTION */;
/*!40111 SET SQL_NOTES=@OLD_SQL_NOTES */;

-- Dump completed on 2016-06-24 16:43:28
